{
	"type": "minecraft:chest",
	"pools": [
		{
			"rolls": {
				"min": 10,
				"max": 19
			},
			"bonus_rolls": 0,
			"entries": [
				{
					"type": "minecraft:item",
					"weight": 5,
					"name": "minecraft:moss_block",
					"functions": [
						{
							"function": "minecraft:set_count",
							"count": {
								"min": 1,
								"max": 3
							},
							"add": false
						}
					]
				},
				{
					"type": "minecraft:tag",
					"weight": 3,
					"name": "minecraft:leaves",
					"expand": true,
					"functions": [
						{
							"function": "minecraft:set_count",
							"count": {
								"min": 2,
								"max": 5
							},
							"add": false
						}
					]
				},
				{
					"type": "minecraft:item",
					"weight": 5,
					"name": "minecraft:glow_berries",
					"functions": [
						{
							"function": "minecraft:set_count",
							"count": {
								"min": 2,
								"max": 4
							},
							"add": false
						}
					]
				},
				{
					"type": "minecraft:item",
					"name": "minecraft:spore_blossom",
					"functions": [
						{
							"function": "minecraft:set_count",
							"count": 1,
							"add": false
						}
					]
				}
			]
		}
	]
}
