{
	"type": "minecraft:chest",
	"pools": [
		{
			"rolls": {
				"min": 8,
				"max": 10
			},
			"entries": [
				{
					"type": "minecraft:item",
					"weight": 13,
					"name": "minecraft:nether_wart",
					"functions": [
						{
							"function": "minecraft:set_count",
							"count": {
								"min": 1,
								"max": 4
							},
							"add": false
						}
					]
				},
				{
					"type": "minecraft:item",
					"weight": 6,
					"name": "minecraft:glass_bottle",
					"functions": [
						{
							"function": "minecraft:set_count",
							"count": {
								"min": 1,
								"max": 2
							},
							"add": false
						}
					]
				},
				{
					"type": "minecraft:item",
					"weight": 2,
					"name": "minecraft:potion",
					"functions": [
						{
							"function": "minecraft:set_nbt",
							"tag": "{Potion:\"minecraft:water\"}"
						}
					]
				},
				{
					"type": "minecraft:loot_table",
					"name": "fokastudio:end/items/random_potion",
					"weight": 9
				}
			]
		}
	]
}
