{
	"type": "minecraft:chest",
	"pools": [
		{
			"rolls": {
				"min": 5,
				"max": 8
			},
			"entries": [
				{
					"type": "minecraft:item",
					"name": "minecraft:red_candle",
					"functions": [
						{
							"function": "minecraft:set_count",
							"count": {
								"min": 1,
								"max": 4
							},
							"add": false
						}
					]
				},
				{
					"type": "minecraft:item",
					"name": "minecraft:flint_and_steel",
					"conditions": [
						{
							"condition": "minecraft:random_chance",
							"chance": 0.39
						}
					]
				}
			]
		}
	]
}
