[
    {
        "condition": "minecraft:alternative",
        "terms": [
            {
                "condition": "minecraft:location_check",
                "predicate": {
                    "block": {
                        "nbt": "{Items:[{id:\"minecraft:name_tag\",tag:{display:{Name:'{\"text\":\"Health Boost I\"}'}}}]}"
                    }
                }
            },
            {
                "condition": "minecraft:location_check",
                "predicate": {
                    "block": {
                        "nbt": "{Items:[{id:\"minecraft:name_tag\",tag:{display:{Name:'{\"text\":\"Health Boost II\"}'}}}]}"
                    }
                }
            },
            {
                "condition": "minecraft:location_check",
                "predicate": {
                    "block": {
                        "nbt": "{Items:[{id:\"minecraft:name_tag\",tag:{display:{Name:'{\"text\":\"Health Boost III\"}'}}}]}"
                    }
                }
            },
            {
                "condition": "minecraft:location_check",
                "predicate": {
                    "block": {
                        "nbt": "{Items:[{id:\"minecraft:name_tag\",tag:{display:{Name:'{\"text\":\"Health Boost IV\"}'}}}]}"
                    }
                }
            },
            {
                "condition": "minecraft:location_check",
                "predicate": {
                    "block": {
                        "nbt": "{Items:[{id:\"minecraft:name_tag\",tag:{display:{Name:'{\"text\":\"Health Boost V\"}'}}}]}"
                    }
                }
            }
        ]
    }
]