[
    {
        "condition": "minecraft:alternative",
        "terms": [
            {
                "condition": "minecraft:location_check",
                "predicate": {
                    "block": {
                        "nbt": "{Items:[{id:\"minecraft:name_tag\",tag:{display:{Name:'{\"text\":\"Lifesteal I\"}'}}}]}"
                    }
                }
            },
            {
                "condition": "minecraft:location_check",
                "predicate": {
                    "block": {
                        "nbt": "{Items:[{id:\"minecraft:name_tag\",tag:{display:{Name:'{\"text\":\"Lifesteal II\"}'}}}]}"
                    }
                }
            },
            {
                "condition": "minecraft:location_check",
                "predicate": {
                    "block": {
                        "nbt": "{Items:[{id:\"minecraft:name_tag\",tag:{display:{Name:'{\"text\":\"Lifesteal III\"}'}}}]}"
                    }
                }
            }
        ]
    }
]