{
  "type": "minecraft:disk",
  "config": {
    "state_provider": {
      "fallback": {
        "type": "minecraft:simple_state_provider",
        "state": {
          "Name": "minecraft:muddy_mangrove_roots",
          "Properties": {
            "axis": "y"
          }
        }
      },
      "rules": []
    },
    "target": {
      "type": "minecraft:matching_blocks",
      "blocks": [
        "minecraft:grass_block",
        "minecraft:podzol"
      ]
    },
    "radius": 6,
    "half_height": 2
  }
}
