{"__comment":"This file was created by MrJoshuaT","parent":"minecraft:block/block","ambientocclusion":false,"textures":{"particle":"minecraft:block/deepslate_lapis_ore","ore":"minecraft:block/deepslate_lapis_ore"},"elements":[{"__comment":"Full block, source ore","from":[0.0,0.0,0.0],"to":[16.0,16.0,16.0],"faces":{"down":{"uv":[0.0,0.0,16.0,16.0],"texture":"#ore","cullface":"down","rotation":0},"up":{"uv":[0.0,0.0,16.0,16.0],"texture":"#ore","cullface":"up","rotation":0},"north":{"uv":[0.0,0.0,16.0,16.0],"texture":"#ore","cullface":"north","rotation":0},"south":{"uv":[0.0,0.0,16.0,16.0],"texture":"#ore","cullface":"south","rotation":0},"west":{"uv":[0.0,0.0,16.0,16.0],"texture":"#ore","cullface":"west","rotation":0},"east":{"uv":[0.0,0.0,16.0,16.0],"texture":"#ore","cullface":"east","rotation":0}}},{"__comment":"Pixel 0, Up","from":[1.0,16.0,7.0],"to":[3.0,16.3,9.0],"faces":{"up":{"uv":[1.0,7.0,3.0,9.0],"texture":"#ore","cullface":"up","rotation":0},"north":{"uv":[1.0,7.0,3.0,8.0],"texture":"#ore","cullface":"up","rotation":180},"south":{"uv":[1.0,8.0,3.0,9.0],"texture":"#ore","cullface":"up","rotation":0},"west":{"uv":[1.0,7.0,2.0,9.0],"texture":"#ore","cullface":"up","rotation":270},"east":{"uv":[2.0,7.0,3.0,9.0],"texture":"#ore","cullface":"up","rotation":90}}},{"__comment":"Pixel 1, Up","from":[4.0,16.0,13.0],"to":[7.0,16.3,15.0],"faces":{"up":{"uv":[4.0,13.0,7.0,15.0],"texture":"#ore","cullface":"up","rotation":0},"north":{"uv":[4.0,13.0,7.0,14.0],"texture":"#ore","cullface":"up","rotation":180},"south":{"uv":[4.0,14.0,7.0,15.0],"texture":"#ore","cullface":"up","rotation":0},"west":{"uv":[4.0,13.0,5.0,15.0],"texture":"#ore","cullface":"up","rotation":270},"east":{"uv":[6.0,13.0,7.0,15.0],"texture":"#ore","cullface":"up","rotation":90}}},{"__comment":"Pixel 2, Up","from":[5.0,16.0,5.0],"to":[7.0,16.3,7.0],"faces":{"up":{"uv":[5.0,5.0,7.0,7.0],"texture":"#ore","cullface":"up","rotation":0},"north":{"uv":[5.0,5.0,7.0,6.0],"texture":"#ore","cullface":"up","rotation":180},"south":{"uv":[5.0,6.0,7.0,7.0],"texture":"#ore","cullface":"up","rotation":0},"west":{"uv":[5.0,5.0,6.0,7.0],"texture":"#ore","cullface":"up","rotation":270},"east":{"uv":[6.0,5.0,7.0,7.0],"texture":"#ore","cullface":"up","rotation":90}}},{"__comment":"Pixel 3, Up","from":[8.0,16.0,9.0],"to":[11.0,16.3,11.0],"faces":{"up":{"uv":[8.0,9.0,11.0,11.0],"texture":"#ore","cullface":"up","rotation":0},"north":{"uv":[8.0,9.0,11.0,10.0],"texture":"#ore","cullface":"up","rotation":180},"south":{"uv":[8.0,10.0,11.0,11.0],"texture":"#ore","cullface":"up","rotation":0},"west":{"uv":[8.0,9.0,9.0,11.0],"texture":"#ore","cullface":"up","rotation":270},"east":{"uv":[10.0,9.0,11.0,11.0],"texture":"#ore","cullface":"up","rotation":90}}},{"__comment":"Pixel 4, Up","from":[8.0,16.0,12.0],"to":[11.0,16.3,14.0],"faces":{"up":{"uv":[8.0,12.0,11.0,14.0],"texture":"#ore","cullface":"up","rotation":0},"north":{"uv":[8.0,12.0,11.0,13.0],"texture":"#ore","cullface":"up","rotation":180},"south":{"uv":[8.0,13.0,11.0,14.0],"texture":"#ore","cullface":"up","rotation":0},"west":{"uv":[8.0,12.0,9.0,14.0],"texture":"#ore","cullface":"up","rotation":270},"east":{"uv":[10.0,12.0,11.0,14.0],"texture":"#ore","cullface":"up","rotation":90}}},{"__comment":"Pixel 5, Up","from":[10.0,16.0,5.0],"to":[12.0,16.3,7.0],"faces":{"up":{"uv":[10.0,5.0,12.0,7.0],"texture":"#ore","cullface":"up","rotation":0},"north":{"uv":[10.0,5.0,12.0,6.0],"texture":"#ore","cullface":"up","rotation":180},"south":{"uv":[10.0,6.0,12.0,7.0],"texture":"#ore","cullface":"up","rotation":0},"west":{"uv":[10.0,5.0,11.0,7.0],"texture":"#ore","cullface":"up","rotation":270},"east":{"uv":[11.0,5.0,12.0,7.0],"texture":"#ore","cullface":"up","rotation":90}}},{"__comment":"Pixel 6, Up","from":[13.0,16.0,10.0],"to":[15.0,16.3,12.0],"faces":{"up":{"uv":[13.0,10.0,15.0,12.0],"texture":"#ore","cullface":"up","rotation":0},"north":{"uv":[13.0,10.0,15.0,11.0],"texture":"#ore","cullface":"up","rotation":180},"south":{"uv":[13.0,11.0,15.0,12.0],"texture":"#ore","cullface":"up","rotation":0},"west":{"uv":[13.0,10.0,14.0,12.0],"texture":"#ore","cullface":"up","rotation":270},"east":{"uv":[14.0,10.0,15.0,12.0],"texture":"#ore","cullface":"up","rotation":90}}},{"__comment":"Pixel 7, Up","from":[4.0,16.0,10.0],"to":[5.0,16.3,12.0],"faces":{"up":{"uv":[4.0,10.0,5.0,12.0],"texture":"#ore","cullface":"up","rotation":0},"north":{"uv":[4.0,10.0,5.0,11.0],"texture":"#ore","cullface":"up","rotation":180},"south":{"uv":[4.0,11.0,5.0,12.0],"texture":"#ore","cullface":"up","rotation":0},"west":{"uv":[4.0,10.0,5.0,12.0],"texture":"#ore","cullface":"up","rotation":270},"east":{"uv":[4.0,10.0,5.0,12.0],"texture":"#ore","cullface":"up","rotation":90}}},{"__comment":"Pixel 8, Up","from":[5.0,16.0,2.0],"to":[6.0,16.3,4.0],"faces":{"up":{"uv":[5.0,2.0,6.0,4.0],"texture":"#ore","cullface":"up","rotation":0},"north":{"uv":[5.0,2.0,6.0,3.0],"texture":"#ore","cullface":"up","rotation":180},"south":{"uv":[5.0,3.0,6.0,4.0],"texture":"#ore","cullface":"up","rotation":0},"west":{"uv":[5.0,2.0,6.0,4.0],"texture":"#ore","cullface":"up","rotation":270},"east":{"uv":[5.0,2.0,6.0,4.0],"texture":"#ore","cullface":"up","rotation":90}}},{"__comment":"Pixel 9, Up","from":[7.0,16.0,8.0],"to":[8.0,16.3,10.0],"faces":{"up":{"uv":[7.0,8.0,8.0,10.0],"texture":"#ore","cullface":"up","rotation":0},"north":{"uv":[7.0,8.0,8.0,9.0],"texture":"#ore","cullface":"up","rotation":180},"south":{"uv":[7.0,9.0,8.0,10.0],"texture":"#ore","cullface":"up","rotation":0},"west":{"uv":[7.0,8.0,8.0,10.0],"texture":"#ore","cullface":"up","rotation":270},"east":{"uv":[7.0,8.0,8.0,10.0],"texture":"#ore","cullface":"up","rotation":90}}},{"__comment":"Pixel 10, Up","from":[11.0,16.0,8.0],"to":[12.0,16.3,10.0],"faces":{"up":{"uv":[11.0,8.0,12.0,10.0],"texture":"#ore","cullface":"up","rotation":0},"north":{"uv":[11.0,8.0,12.0,9.0],"texture":"#ore","cullface":"up","rotation":180},"south":{"uv":[11.0,9.0,12.0,10.0],"texture":"#ore","cullface":"up","rotation":0},"west":{"uv":[11.0,8.0,12.0,10.0],"texture":"#ore","cullface":"up","rotation":270},"east":{"uv":[11.0,8.0,12.0,10.0],"texture":"#ore","cullface":"up","rotation":90}}},{"__comment":"Pixel 11, Up","from":[2.0,16.0,2.0],"to":[5.0,16.3,3.0],"faces":{"up":{"uv":[2.0,2.0,5.0,3.0],"texture":"#ore","cullface":"up","rotation":0},"north":{"uv":[2.0,2.0,5.0,3.0],"texture":"#ore","cullface":"up","rotation":180},"south":{"uv":[2.0,2.0,5.0,3.0],"texture":"#ore","cullface":"up","rotation":0},"west":{"uv":[2.0,2.0,3.0,3.0],"texture":"#ore","cullface":"up","rotation":270},"east":{"uv":[4.0,2.0,5.0,3.0],"texture":"#ore","cullface":"up","rotation":90}}},{"__comment":"Pixel 12, Up","from":[2.0,16.0,11.0],"to":[4.0,16.3,12.0],"faces":{"up":{"uv":[2.0,11.0,4.0,12.0],"texture":"#ore","cullface":"up","rotation":0},"north":{"uv":[2.0,11.0,4.0,12.0],"texture":"#ore","cullface":"up","rotation":180},"south":{"uv":[2.0,11.0,4.0,12.0],"texture":"#ore","cullface":"up","rotation":0},"west":{"uv":[2.0,11.0,3.0,12.0],"texture":"#ore","cullface":"up","rotation":270},"east":{"uv":[3.0,11.0,4.0,12.0],"texture":"#ore","cullface":"up","rotation":90}}},{"__comment":"Pixel 13, Up","from":[3.0,16.0,6.0],"to":[5.0,16.3,7.0],"faces":{"up":{"uv":[3.0,6.0,5.0,7.0],"texture":"#ore","cullface":"up","rotation":0},"north":{"uv":[3.0,6.0,5.0,7.0],"texture":"#ore","cullface":"up","rotation":180},"south":{"uv":[3.0,6.0,5.0,7.0],"texture":"#ore","cullface":"up","rotation":0},"west":{"uv":[3.0,6.0,4.0,7.0],"texture":"#ore","cullface":"up","rotation":270},"east":{"uv":[4.0,6.0,5.0,7.0],"texture":"#ore","cullface":"up","rotation":90}}},{"__comment":"Pixel 14, Up","from":[7.0,16.0,3.0],"to":[9.0,16.3,4.0],"faces":{"up":{"uv":[7.0,3.0,9.0,4.0],"texture":"#ore","cullface":"up","rotation":0},"north":{"uv":[7.0,3.0,9.0,4.0],"texture":"#ore","cullface":"up","rotation":180},"south":{"uv":[7.0,3.0,9.0,4.0],"texture":"#ore","cullface":"up","rotation":0},"west":{"uv":[7.0,3.0,8.0,4.0],"texture":"#ore","cullface":"up","rotation":270},"east":{"uv":[8.0,3.0,9.0,4.0],"texture":"#ore","cullface":"up","rotation":90}}},{"__comment":"Pixel 15, Up","from":[9.0,16.0,8.0],"to":[11.0,16.3,9.0],"faces":{"up":{"uv":[9.0,8.0,11.0,9.0],"texture":"#ore","cullface":"up","rotation":0},"north":{"uv":[9.0,8.0,11.0,9.0],"texture":"#ore","cullface":"up","rotation":180},"south":{"uv":[9.0,8.0,11.0,9.0],"texture":"#ore","cullface":"up","rotation":0},"west":{"uv":[9.0,8.0,10.0,9.0],"texture":"#ore","cullface":"up","rotation":270},"east":{"uv":[10.0,8.0,11.0,9.0],"texture":"#ore","cullface":"up","rotation":90}}},{"__comment":"Pixel 16, Up","from":[12.0,16.0,2.0],"to":[14.0,16.3,3.0],"faces":{"up":{"uv":[12.0,2.0,14.0,3.0],"texture":"#ore","cullface":"up","rotation":0},"north":{"uv":[12.0,2.0,14.0,3.0],"texture":"#ore","cullface":"up","rotation":180},"south":{"uv":[12.0,2.0,14.0,3.0],"texture":"#ore","cullface":"up","rotation":0},"west":{"uv":[12.0,2.0,13.0,3.0],"texture":"#ore","cullface":"up","rotation":270},"east":{"uv":[13.0,2.0,14.0,3.0],"texture":"#ore","cullface":"up","rotation":90}}},{"__comment":"Pixel 17, Up","from":[13.0,16.0,12.0],"to":[15.0,16.3,13.0],"faces":{"up":{"uv":[13.0,12.0,15.0,13.0],"texture":"#ore","cullface":"up","rotation":0},"north":{"uv":[13.0,12.0,15.0,13.0],"texture":"#ore","cullface":"up","rotation":180},"south":{"uv":[13.0,12.0,15.0,13.0],"texture":"#ore","cullface":"up","rotation":0},"west":{"uv":[13.0,12.0,14.0,13.0],"texture":"#ore","cullface":"up","rotation":270},"east":{"uv":[14.0,12.0,15.0,13.0],"texture":"#ore","cullface":"up","rotation":90}}},{"__comment":"Pixel 18, Up","from":[5.0,16.0,12.0],"to":[6.0,16.3,13.0],"faces":{"up":{"uv":[5.0,12.0,6.0,13.0],"texture":"#ore","cullface":"up","rotation":0},"north":{"uv":[5.0,12.0,6.0,13.0],"texture":"#ore","cullface":"up","rotation":180},"south":{"uv":[5.0,12.0,6.0,13.0],"texture":"#ore","cullface":"up","rotation":0},"west":{"uv":[5.0,12.0,6.0,13.0],"texture":"#ore","cullface":"up","rotation":270},"east":{"uv":[5.0,12.0,6.0,13.0],"texture":"#ore","cullface":"up","rotation":90}}},{"__comment":"Pixel 19, Up","from":[7.0,16.0,6.0],"to":[8.0,16.3,7.0],"faces":{"up":{"uv":[7.0,6.0,8.0,7.0],"texture":"#ore","cullface":"up","rotation":0},"north":{"uv":[7.0,6.0,8.0,7.0],"texture":"#ore","cullface":"up","rotation":180},"south":{"uv":[7.0,6.0,8.0,7.0],"texture":"#ore","cullface":"up","rotation":0},"west":{"uv":[7.0,6.0,8.0,7.0],"texture":"#ore","cullface":"up","rotation":270},"east":{"uv":[7.0,6.0,8.0,7.0],"texture":"#ore","cullface":"up","rotation":90}}},{"__comment":"Pixel 20, Up","from":[13.0,16.0,9.0],"to":[14.0,16.3,10.0],"faces":{"up":{"uv":[13.0,9.0,14.0,10.0],"texture":"#ore","cullface":"up","rotation":0},"north":{"uv":[13.0,9.0,14.0,10.0],"texture":"#ore","cullface":"up","rotation":180},"south":{"uv":[13.0,9.0,14.0,10.0],"texture":"#ore","cullface":"up","rotation":0},"west":{"uv":[13.0,9.0,14.0,10.0],"texture":"#ore","cullface":"up","rotation":270},"east":{"uv":[13.0,9.0,14.0,10.0],"texture":"#ore","cullface":"up","rotation":90}}},{"__comment":"Pixel 0, Down","from":[1.0,-0.3000000000000007,7.0],"to":[3.0,0.0,9.0],"faces":{"down":{"uv":[1.0,7.0,3.0,9.0],"texture":"#ore","cullface":"down","rotation":0},"north":{"uv":[1.0,8.0,3.0,9.0],"texture":"#ore","cullface":"down","rotation":180},"south":{"uv":[1.0,7.0,3.0,8.0],"texture":"#ore","cullface":"down","rotation":0},"west":{"uv":[1.0,7.0,2.0,9.0],"texture":"#ore","cullface":"down","rotation":90},"east":{"uv":[2.0,7.0,3.0,9.0],"texture":"#ore","cullface":"down","rotation":270}}},{"__comment":"Pixel 1, Down","from":[4.0,-0.3000000000000007,1.0],"to":[7.0,0.0,3.0],"faces":{"down":{"uv":[4.0,13.0,7.0,15.0],"texture":"#ore","cullface":"down","rotation":0},"north":{"uv":[4.0,14.0,7.0,15.0],"texture":"#ore","cullface":"down","rotation":180},"south":{"uv":[4.0,13.0,7.0,14.0],"texture":"#ore","cullface":"down","rotation":0},"west":{"uv":[4.0,13.0,5.0,15.0],"texture":"#ore","cullface":"down","rotation":90},"east":{"uv":[6.0,13.0,7.0,15.0],"texture":"#ore","cullface":"down","rotation":270}}},{"__comment":"Pixel 2, Down","from":[5.0,-0.3000000000000007,9.0],"to":[7.0,0.0,11.0],"faces":{"down":{"uv":[5.0,5.0,7.0,7.0],"texture":"#ore","cullface":"down","rotation":0},"north":{"uv":[5.0,6.0,7.0,7.0],"texture":"#ore","cullface":"down","rotation":180},"south":{"uv":[5.0,5.0,7.0,6.0],"texture":"#ore","cullface":"down","rotation":0},"west":{"uv":[5.0,5.0,6.0,7.0],"texture":"#ore","cullface":"down","rotation":90},"east":{"uv":[6.0,5.0,7.0,7.0],"texture":"#ore","cullface":"down","rotation":270}}},{"__comment":"Pixel 3, Down","from":[8.0,-0.3000000000000007,5.0],"to":[11.0,0.0,7.0],"faces":{"down":{"uv":[8.0,9.0,11.0,11.0],"texture":"#ore","cullface":"down","rotation":0},"north":{"uv":[8.0,10.0,11.0,11.0],"texture":"#ore","cullface":"down","rotation":180},"south":{"uv":[8.0,9.0,11.0,10.0],"texture":"#ore","cullface":"down","rotation":0},"west":{"uv":[8.0,9.0,9.0,11.0],"texture":"#ore","cullface":"down","rotation":90},"east":{"uv":[10.0,9.0,11.0,11.0],"texture":"#ore","cullface":"down","rotation":270}}},{"__comment":"Pixel 4, Down","from":[8.0,-0.3000000000000007,2.0],"to":[11.0,0.0,4.0],"faces":{"down":{"uv":[8.0,12.0,11.0,14.0],"texture":"#ore","cullface":"down","rotation":0},"north":{"uv":[8.0,13.0,11.0,14.0],"texture":"#ore","cullface":"down","rotation":180},"south":{"uv":[8.0,12.0,11.0,13.0],"texture":"#ore","cullface":"down","rotation":0},"west":{"uv":[8.0,12.0,9.0,14.0],"texture":"#ore","cullface":"down","rotation":90},"east":{"uv":[10.0,12.0,11.0,14.0],"texture":"#ore","cullface":"down","rotation":270}}},{"__comment":"Pixel 5, Down","from":[10.0,-0.3000000000000007,9.0],"to":[12.0,0.0,11.0],"faces":{"down":{"uv":[10.0,5.0,12.0,7.0],"texture":"#ore","cullface":"down","rotation":0},"north":{"uv":[10.0,6.0,12.0,7.0],"texture":"#ore","cullface":"down","rotation":180},"south":{"uv":[10.0,5.0,12.0,6.0],"texture":"#ore","cullface":"down","rotation":0},"west":{"uv":[10.0,5.0,11.0,7.0],"texture":"#ore","cullface":"down","rotation":90},"east":{"uv":[11.0,5.0,12.0,7.0],"texture":"#ore","cullface":"down","rotation":270}}},{"__comment":"Pixel 6, Down","from":[13.0,-0.3000000000000007,4.0],"to":[15.0,0.0,6.0],"faces":{"down":{"uv":[13.0,10.0,15.0,12.0],"texture":"#ore","cullface":"down","rotation":0},"north":{"uv":[13.0,11.0,15.0,12.0],"texture":"#ore","cullface":"down","rotation":180},"south":{"uv":[13.0,10.0,15.0,11.0],"texture":"#ore","cullface":"down","rotation":0},"west":{"uv":[13.0,10.0,14.0,12.0],"texture":"#ore","cullface":"down","rotation":90},"east":{"uv":[14.0,10.0,15.0,12.0],"texture":"#ore","cullface":"down","rotation":270}}},{"__comment":"Pixel 7, Down","from":[4.0,-0.3000000000000007,4.0],"to":[5.0,0.0,6.0],"faces":{"down":{"uv":[4.0,10.0,5.0,12.0],"texture":"#ore","cullface":"down","rotation":0},"north":{"uv":[4.0,11.0,5.0,12.0],"texture":"#ore","cullface":"down","rotation":180},"south":{"uv":[4.0,10.0,5.0,11.0],"texture":"#ore","cullface":"down","rotation":0},"west":{"uv":[4.0,10.0,5.0,12.0],"texture":"#ore","cullface":"down","rotation":90},"east":{"uv":[4.0,10.0,5.0,12.0],"texture":"#ore","cullface":"down","rotation":270}}},{"__comment":"Pixel 8, Down","from":[5.0,-0.3000000000000007,12.0],"to":[6.0,0.0,14.0],"faces":{"down":{"uv":[5.0,2.0,6.0,4.0],"texture":"#ore","cullface":"down","rotation":0},"north":{"uv":[5.0,3.0,6.0,4.0],"texture":"#ore","cullface":"down","rotation":180},"south":{"uv":[5.0,2.0,6.0,3.0],"texture":"#ore","cullface":"down","rotation":0},"west":{"uv":[5.0,2.0,6.0,4.0],"texture":"#ore","cullface":"down","rotation":90},"east":{"uv":[5.0,2.0,6.0,4.0],"texture":"#ore","cullface":"down","rotation":270}}},{"__comment":"Pixel 9, Down","from":[7.0,-0.3000000000000007,6.0],"to":[8.0,0.0,8.0],"faces":{"down":{"uv":[7.0,8.0,8.0,10.0],"texture":"#ore","cullface":"down","rotation":0},"north":{"uv":[7.0,9.0,8.0,10.0],"texture":"#ore","cullface":"down","rotation":180},"south":{"uv":[7.0,8.0,8.0,9.0],"texture":"#ore","cullface":"down","rotation":0},"west":{"uv":[7.0,8.0,8.0,10.0],"texture":"#ore","cullface":"down","rotation":90},"east":{"uv":[7.0,8.0,8.0,10.0],"texture":"#ore","cullface":"down","rotation":270}}},{"__comment":"Pixel 10, Down","from":[11.0,-0.3000000000000007,6.0],"to":[12.0,0.0,8.0],"faces":{"down":{"uv":[11.0,8.0,12.0,10.0],"texture":"#ore","cullface":"down","rotation":0},"north":{"uv":[11.0,9.0,12.0,10.0],"texture":"#ore","cullface":"down","rotation":180},"south":{"uv":[11.0,8.0,12.0,9.0],"texture":"#ore","cullface":"down","rotation":0},"west":{"uv":[11.0,8.0,12.0,10.0],"texture":"#ore","cullface":"down","rotation":90},"east":{"uv":[11.0,8.0,12.0,10.0],"texture":"#ore","cullface":"down","rotation":270}}},{"__comment":"Pixel 11, Down","from":[2.0,-0.3000000000000007,13.0],"to":[5.0,0.0,14.0],"faces":{"down":{"uv":[2.0,2.0,5.0,3.0],"texture":"#ore","cullface":"down","rotation":0},"north":{"uv":[2.0,2.0,5.0,3.0],"texture":"#ore","cullface":"down","rotation":180},"south":{"uv":[2.0,2.0,5.0,3.0],"texture":"#ore","cullface":"down","rotation":0},"west":{"uv":[2.0,2.0,3.0,3.0],"texture":"#ore","cullface":"down","rotation":90},"east":{"uv":[4.0,2.0,5.0,3.0],"texture":"#ore","cullface":"down","rotation":270}}},{"__comment":"Pixel 12, Down","from":[2.0,-0.3000000000000007,4.0],"to":[4.0,0.0,5.0],"faces":{"down":{"uv":[2.0,11.0,4.0,12.0],"texture":"#ore","cullface":"down","rotation":0},"north":{"uv":[2.0,11.0,4.0,12.0],"texture":"#ore","cullface":"down","rotation":180},"south":{"uv":[2.0,11.0,4.0,12.0],"texture":"#ore","cullface":"down","rotation":0},"west":{"uv":[2.0,11.0,3.0,12.0],"texture":"#ore","cullface":"down","rotation":90},"east":{"uv":[3.0,11.0,4.0,12.0],"texture":"#ore","cullface":"down","rotation":270}}},{"__comment":"Pixel 13, Down","from":[3.0,-0.3000000000000007,9.0],"to":[5.0,0.0,10.0],"faces":{"down":{"uv":[3.0,6.0,5.0,7.0],"texture":"#ore","cullface":"down","rotation":0},"north":{"uv":[3.0,6.0,5.0,7.0],"texture":"#ore","cullface":"down","rotation":180},"south":{"uv":[3.0,6.0,5.0,7.0],"texture":"#ore","cullface":"down","rotation":0},"west":{"uv":[3.0,6.0,4.0,7.0],"texture":"#ore","cullface":"down","rotation":90},"east":{"uv":[4.0,6.0,5.0,7.0],"texture":"#ore","cullface":"down","rotation":270}}},{"__comment":"Pixel 14, Down","from":[7.0,-0.3000000000000007,12.0],"to":[9.0,0.0,13.0],"faces":{"down":{"uv":[7.0,3.0,9.0,4.0],"texture":"#ore","cullface":"down","rotation":0},"north":{"uv":[7.0,3.0,9.0,4.0],"texture":"#ore","cullface":"down","rotation":180},"south":{"uv":[7.0,3.0,9.0,4.0],"texture":"#ore","cullface":"down","rotation":0},"west":{"uv":[7.0,3.0,8.0,4.0],"texture":"#ore","cullface":"down","rotation":90},"east":{"uv":[8.0,3.0,9.0,4.0],"texture":"#ore","cullface":"down","rotation":270}}},{"__comment":"Pixel 15, Down","from":[9.0,-0.3000000000000007,7.0],"to":[11.0,0.0,8.0],"faces":{"down":{"uv":[9.0,8.0,11.0,9.0],"texture":"#ore","cullface":"down","rotation":0},"north":{"uv":[9.0,8.0,11.0,9.0],"texture":"#ore","cullface":"down","rotation":180},"south":{"uv":[9.0,8.0,11.0,9.0],"texture":"#ore","cullface":"down","rotation":0},"west":{"uv":[9.0,8.0,10.0,9.0],"texture":"#ore","cullface":"down","rotation":90},"east":{"uv":[10.0,8.0,11.0,9.0],"texture":"#ore","cullface":"down","rotation":270}}},{"__comment":"Pixel 16, Down","from":[12.0,-0.3000000000000007,13.0],"to":[14.0,0.0,14.0],"faces":{"down":{"uv":[12.0,2.0,14.0,3.0],"texture":"#ore","cullface":"down","rotation":0},"north":{"uv":[12.0,2.0,14.0,3.0],"texture":"#ore","cullface":"down","rotation":180},"south":{"uv":[12.0,2.0,14.0,3.0],"texture":"#ore","cullface":"down","rotation":0},"west":{"uv":[12.0,2.0,13.0,3.0],"texture":"#ore","cullface":"down","rotation":90},"east":{"uv":[13.0,2.0,14.0,3.0],"texture":"#ore","cullface":"down","rotation":270}}},{"__comment":"Pixel 17, Down","from":[13.0,-0.3000000000000007,3.0],"to":[15.0,0.0,4.0],"faces":{"down":{"uv":[13.0,12.0,15.0,13.0],"texture":"#ore","cullface":"down","rotation":0},"north":{"uv":[13.0,12.0,15.0,13.0],"texture":"#ore","cullface":"down","rotation":180},"south":{"uv":[13.0,12.0,15.0,13.0],"texture":"#ore","cullface":"down","rotation":0},"west":{"uv":[13.0,12.0,14.0,13.0],"texture":"#ore","cullface":"down","rotation":90},"east":{"uv":[14.0,12.0,15.0,13.0],"texture":"#ore","cullface":"down","rotation":270}}},{"__comment":"Pixel 18, Down","from":[5.0,-0.3000000000000007,3.0],"to":[6.0,0.0,4.0],"faces":{"down":{"uv":[5.0,12.0,6.0,13.0],"texture":"#ore","cullface":"down","rotation":0},"north":{"uv":[5.0,12.0,6.0,13.0],"texture":"#ore","cullface":"down","rotation":180},"south":{"uv":[5.0,12.0,6.0,13.0],"texture":"#ore","cullface":"down","rotation":0},"west":{"uv":[5.0,12.0,6.0,13.0],"texture":"#ore","cullface":"down","rotation":90},"east":{"uv":[5.0,12.0,6.0,13.0],"texture":"#ore","cullface":"down","rotation":270}}},{"__comment":"Pixel 19, Down","from":[7.0,-0.3000000000000007,9.0],"to":[8.0,0.0,10.0],"faces":{"down":{"uv":[7.0,6.0,8.0,7.0],"texture":"#ore","cullface":"down","rotation":0},"north":{"uv":[7.0,6.0,8.0,7.0],"texture":"#ore","cullface":"down","rotation":180},"south":{"uv":[7.0,6.0,8.0,7.0],"texture":"#ore","cullface":"down","rotation":0},"west":{"uv":[7.0,6.0,8.0,7.0],"texture":"#ore","cullface":"down","rotation":90},"east":{"uv":[7.0,6.0,8.0,7.0],"texture":"#ore","cullface":"down","rotation":270}}},{"__comment":"Pixel 20, Down","from":[13.0,-0.3000000000000007,6.0],"to":[14.0,0.0,7.0],"faces":{"down":{"uv":[13.0,9.0,14.0,10.0],"texture":"#ore","cullface":"down","rotation":0},"north":{"uv":[13.0,9.0,14.0,10.0],"texture":"#ore","cullface":"down","rotation":180},"south":{"uv":[13.0,9.0,14.0,10.0],"texture":"#ore","cullface":"down","rotation":0},"west":{"uv":[13.0,9.0,14.0,10.0],"texture":"#ore","cullface":"down","rotation":90},"east":{"uv":[13.0,9.0,14.0,10.0],"texture":"#ore","cullface":"down","rotation":270}}},{"__comment":"Pixel 0, North","from":[13.0,7.0,-0.3000000000000007],"to":[15.0,9.0,0.0],"faces":{"down":{"uv":[1.0,8.0,3.0,9.0],"texture":"#ore","cullface":"north","rotation":180},"up":{"uv":[1.0,7.0,3.0,8.0],"texture":"#ore","cullface":"north","rotation":180},"north":{"uv":[1.0,7.0,3.0,9.0],"texture":"#ore","cullface":"north","rotation":0},"west":{"uv":[2.0,7.0,3.0,9.0],"texture":"#ore","cullface":"north","rotation":0},"east":{"uv":[1.0,7.0,2.0,9.0],"texture":"#ore","cullface":"north","rotation":0}}},{"__comment":"Pixel 1, North","from":[9.0,1.0,-0.3000000000000007],"to":[12.0,3.0,0.0],"faces":{"down":{"uv":[4.0,14.0,7.0,15.0],"texture":"#ore","cullface":"north","rotation":180},"up":{"uv":[4.0,13.0,7.0,14.0],"texture":"#ore","cullface":"north","rotation":180},"north":{"uv":[4.0,13.0,7.0,15.0],"texture":"#ore","cullface":"north","rotation":0},"west":{"uv":[6.0,13.0,7.0,15.0],"texture":"#ore","cullface":"north","rotation":0},"east":{"uv":[4.0,13.0,5.0,15.0],"texture":"#ore","cullface":"north","rotation":0}}},{"__comment":"Pixel 2, North","from":[9.0,9.0,-0.3000000000000007],"to":[11.0,11.0,0.0],"faces":{"down":{"uv":[5.0,6.0,7.0,7.0],"texture":"#ore","cullface":"north","rotation":180},"up":{"uv":[5.0,5.0,7.0,6.0],"texture":"#ore","cullface":"north","rotation":180},"north":{"uv":[5.0,5.0,7.0,7.0],"texture":"#ore","cullface":"north","rotation":0},"west":{"uv":[6.0,5.0,7.0,7.0],"texture":"#ore","cullface":"north","rotation":0},"east":{"uv":[5.0,5.0,6.0,7.0],"texture":"#ore","cullface":"north","rotation":0}}},{"__comment":"Pixel 3, North","from":[5.0,5.0,-0.3000000000000007],"to":[8.0,7.0,0.0],"faces":{"down":{"uv":[8.0,10.0,11.0,11.0],"texture":"#ore","cullface":"north","rotation":180},"up":{"uv":[8.0,9.0,11.0,10.0],"texture":"#ore","cullface":"north","rotation":180},"north":{"uv":[8.0,9.0,11.0,11.0],"texture":"#ore","cullface":"north","rotation":0},"west":{"uv":[10.0,9.0,11.0,11.0],"texture":"#ore","cullface":"north","rotation":0},"east":{"uv":[8.0,9.0,9.0,11.0],"texture":"#ore","cullface":"north","rotation":0}}},{"__comment":"Pixel 4, North","from":[5.0,2.0,-0.3000000000000007],"to":[8.0,4.0,0.0],"faces":{"down":{"uv":[8.0,13.0,11.0,14.0],"texture":"#ore","cullface":"north","rotation":180},"up":{"uv":[8.0,12.0,11.0,13.0],"texture":"#ore","cullface":"north","rotation":180},"north":{"uv":[8.0,12.0,11.0,14.0],"texture":"#ore","cullface":"north","rotation":0},"west":{"uv":[10.0,12.0,11.0,14.0],"texture":"#ore","cullface":"north","rotation":0},"east":{"uv":[8.0,12.0,9.0,14.0],"texture":"#ore","cullface":"north","rotation":0}}},{"__comment":"Pixel 5, North","from":[4.0,9.0,-0.3000000000000007],"to":[6.0,11.0,0.0],"faces":{"down":{"uv":[10.0,6.0,12.0,7.0],"texture":"#ore","cullface":"north","rotation":180},"up":{"uv":[10.0,5.0,12.0,6.0],"texture":"#ore","cullface":"north","rotation":180},"north":{"uv":[10.0,5.0,12.0,7.0],"texture":"#ore","cullface":"north","rotation":0},"west":{"uv":[11.0,5.0,12.0,7.0],"texture":"#ore","cullface":"north","rotation":0},"east":{"uv":[10.0,5.0,11.0,7.0],"texture":"#ore","cullface":"north","rotation":0}}},{"__comment":"Pixel 6, North","from":[1.0,4.0,-0.3000000000000007],"to":[3.0,6.0,0.0],"faces":{"down":{"uv":[13.0,11.0,15.0,12.0],"texture":"#ore","cullface":"north","rotation":180},"up":{"uv":[13.0,10.0,15.0,11.0],"texture":"#ore","cullface":"north","rotation":180},"north":{"uv":[13.0,10.0,15.0,12.0],"texture":"#ore","cullface":"north","rotation":0},"west":{"uv":[14.0,10.0,15.0,12.0],"texture":"#ore","cullface":"north","rotation":0},"east":{"uv":[13.0,10.0,14.0,12.0],"texture":"#ore","cullface":"north","rotation":0}}},{"__comment":"Pixel 7, North","from":[11.0,4.0,-0.3000000000000007],"to":[12.0,6.0,0.0],"faces":{"down":{"uv":[4.0,11.0,5.0,12.0],"texture":"#ore","cullface":"north","rotation":180},"up":{"uv":[4.0,10.0,5.0,11.0],"texture":"#ore","cullface":"north","rotation":180},"north":{"uv":[4.0,10.0,5.0,12.0],"texture":"#ore","cullface":"north","rotation":0},"west":{"uv":[4.0,10.0,5.0,12.0],"texture":"#ore","cullface":"north","rotation":0},"east":{"uv":[4.0,10.0,5.0,12.0],"texture":"#ore","cullface":"north","rotation":0}}},{"__comment":"Pixel 8, North","from":[10.0,12.0,-0.3000000000000007],"to":[11.0,14.0,0.0],"faces":{"down":{"uv":[5.0,3.0,6.0,4.0],"texture":"#ore","cullface":"north","rotation":180},"up":{"uv":[5.0,2.0,6.0,3.0],"texture":"#ore","cullface":"north","rotation":180},"north":{"uv":[5.0,2.0,6.0,4.0],"texture":"#ore","cullface":"north","rotation":0},"west":{"uv":[5.0,2.0,6.0,4.0],"texture":"#ore","cullface":"north","rotation":0},"east":{"uv":[5.0,2.0,6.0,4.0],"texture":"#ore","cullface":"north","rotation":0}}},{"__comment":"Pixel 9, North","from":[8.0,6.0,-0.3000000000000007],"to":[9.0,8.0,0.0],"faces":{"down":{"uv":[7.0,9.0,8.0,10.0],"texture":"#ore","cullface":"north","rotation":180},"up":{"uv":[7.0,8.0,8.0,9.0],"texture":"#ore","cullface":"north","rotation":180},"north":{"uv":[7.0,8.0,8.0,10.0],"texture":"#ore","cullface":"north","rotation":0},"west":{"uv":[7.0,8.0,8.0,10.0],"texture":"#ore","cullface":"north","rotation":0},"east":{"uv":[7.0,8.0,8.0,10.0],"texture":"#ore","cullface":"north","rotation":0}}},{"__comment":"Pixel 10, North","from":[4.0,6.0,-0.3000000000000007],"to":[5.0,8.0,0.0],"faces":{"down":{"uv":[11.0,9.0,12.0,10.0],"texture":"#ore","cullface":"north","rotation":180},"up":{"uv":[11.0,8.0,12.0,9.0],"texture":"#ore","cullface":"north","rotation":180},"north":{"uv":[11.0,8.0,12.0,10.0],"texture":"#ore","cullface":"north","rotation":0},"west":{"uv":[11.0,8.0,12.0,10.0],"texture":"#ore","cullface":"north","rotation":0},"east":{"uv":[11.0,8.0,12.0,10.0],"texture":"#ore","cullface":"north","rotation":0}}},{"__comment":"Pixel 11, North","from":[11.0,13.0,-0.3000000000000007],"to":[14.0,14.0,0.0],"faces":{"down":{"uv":[2.0,2.0,5.0,3.0],"texture":"#ore","cullface":"north","rotation":180},"up":{"uv":[2.0,2.0,5.0,3.0],"texture":"#ore","cullface":"north","rotation":180},"north":{"uv":[2.0,2.0,5.0,3.0],"texture":"#ore","cullface":"north","rotation":0},"west":{"uv":[4.0,2.0,5.0,3.0],"texture":"#ore","cullface":"north","rotation":0},"east":{"uv":[2.0,2.0,3.0,3.0],"texture":"#ore","cullface":"north","rotation":0}}},{"__comment":"Pixel 12, North","from":[12.0,4.0,-0.3000000000000007],"to":[14.0,5.0,0.0],"faces":{"down":{"uv":[2.0,11.0,4.0,12.0],"texture":"#ore","cullface":"north","rotation":180},"up":{"uv":[2.0,11.0,4.0,12.0],"texture":"#ore","cullface":"north","rotation":180},"north":{"uv":[2.0,11.0,4.0,12.0],"texture":"#ore","cullface":"north","rotation":0},"west":{"uv":[3.0,11.0,4.0,12.0],"texture":"#ore","cullface":"north","rotation":0},"east":{"uv":[2.0,11.0,3.0,12.0],"texture":"#ore","cullface":"north","rotation":0}}},{"__comment":"Pixel 13, North","from":[11.0,9.0,-0.3000000000000007],"to":[13.0,10.0,0.0],"faces":{"down":{"uv":[3.0,6.0,5.0,7.0],"texture":"#ore","cullface":"north","rotation":180},"up":{"uv":[3.0,6.0,5.0,7.0],"texture":"#ore","cullface":"north","rotation":180},"north":{"uv":[3.0,6.0,5.0,7.0],"texture":"#ore","cullface":"north","rotation":0},"west":{"uv":[4.0,6.0,5.0,7.0],"texture":"#ore","cullface":"north","rotation":0},"east":{"uv":[3.0,6.0,4.0,7.0],"texture":"#ore","cullface":"north","rotation":0}}},{"__comment":"Pixel 14, North","from":[7.0,12.0,-0.3000000000000007],"to":[9.0,13.0,0.0],"faces":{"down":{"uv":[7.0,3.0,9.0,4.0],"texture":"#ore","cullface":"north","rotation":180},"up":{"uv":[7.0,3.0,9.0,4.0],"texture":"#ore","cullface":"north","rotation":180},"north":{"uv":[7.0,3.0,9.0,4.0],"texture":"#ore","cullface":"north","rotation":0},"west":{"uv":[8.0,3.0,9.0,4.0],"texture":"#ore","cullface":"north","rotation":0},"east":{"uv":[7.0,3.0,8.0,4.0],"texture":"#ore","cullface":"north","rotation":0}}},{"__comment":"Pixel 15, North","from":[5.0,7.0,-0.3000000000000007],"to":[7.0,8.0,0.0],"faces":{"down":{"uv":[9.0,8.0,11.0,9.0],"texture":"#ore","cullface":"north","rotation":180},"up":{"uv":[9.0,8.0,11.0,9.0],"texture":"#ore","cullface":"north","rotation":180},"north":{"uv":[9.0,8.0,11.0,9.0],"texture":"#ore","cullface":"north","rotation":0},"west":{"uv":[10.0,8.0,11.0,9.0],"texture":"#ore","cullface":"north","rotation":0},"east":{"uv":[9.0,8.0,10.0,9.0],"texture":"#ore","cullface":"north","rotation":0}}},{"__comment":"Pixel 16, North","from":[2.0,13.0,-0.3000000000000007],"to":[4.0,14.0,0.0],"faces":{"down":{"uv":[12.0,2.0,14.0,3.0],"texture":"#ore","cullface":"north","rotation":180},"up":{"uv":[12.0,2.0,14.0,3.0],"texture":"#ore","cullface":"north","rotation":180},"north":{"uv":[12.0,2.0,14.0,3.0],"texture":"#ore","cullface":"north","rotation":0},"west":{"uv":[13.0,2.0,14.0,3.0],"texture":"#ore","cullface":"north","rotation":0},"east":{"uv":[12.0,2.0,13.0,3.0],"texture":"#ore","cullface":"north","rotation":0}}},{"__comment":"Pixel 17, North","from":[1.0,3.0,-0.3000000000000007],"to":[3.0,4.0,0.0],"faces":{"down":{"uv":[13.0,12.0,15.0,13.0],"texture":"#ore","cullface":"north","rotation":180},"up":{"uv":[13.0,12.0,15.0,13.0],"texture":"#ore","cullface":"north","rotation":180},"north":{"uv":[13.0,12.0,15.0,13.0],"texture":"#ore","cullface":"north","rotation":0},"west":{"uv":[14.0,12.0,15.0,13.0],"texture":"#ore","cullface":"north","rotation":0},"east":{"uv":[13.0,12.0,14.0,13.0],"texture":"#ore","cullface":"north","rotation":0}}},{"__comment":"Pixel 18, North","from":[10.0,3.0,-0.3000000000000007],"to":[11.0,4.0,0.0],"faces":{"down":{"uv":[5.0,12.0,6.0,13.0],"texture":"#ore","cullface":"north","rotation":180},"up":{"uv":[5.0,12.0,6.0,13.0],"texture":"#ore","cullface":"north","rotation":180},"north":{"uv":[5.0,12.0,6.0,13.0],"texture":"#ore","cullface":"north","rotation":0},"west":{"uv":[5.0,12.0,6.0,13.0],"texture":"#ore","cullface":"north","rotation":0},"east":{"uv":[5.0,12.0,6.0,13.0],"texture":"#ore","cullface":"north","rotation":0}}},{"__comment":"Pixel 19, North","from":[8.0,9.0,-0.3000000000000007],"to":[9.0,10.0,0.0],"faces":{"down":{"uv":[7.0,6.0,8.0,7.0],"texture":"#ore","cullface":"north","rotation":180},"up":{"uv":[7.0,6.0,8.0,7.0],"texture":"#ore","cullface":"north","rotation":180},"north":{"uv":[7.0,6.0,8.0,7.0],"texture":"#ore","cullface":"north","rotation":0},"west":{"uv":[7.0,6.0,8.0,7.0],"texture":"#ore","cullface":"north","rotation":0},"east":{"uv":[7.0,6.0,8.0,7.0],"texture":"#ore","cullface":"north","rotation":0}}},{"__comment":"Pixel 20, North","from":[2.0,6.0,-0.3000000000000007],"to":[3.0,7.0,0.0],"faces":{"down":{"uv":[13.0,9.0,14.0,10.0],"texture":"#ore","cullface":"north","rotation":180},"up":{"uv":[13.0,9.0,14.0,10.0],"texture":"#ore","cullface":"north","rotation":180},"north":{"uv":[13.0,9.0,14.0,10.0],"texture":"#ore","cullface":"north","rotation":0},"west":{"uv":[13.0,9.0,14.0,10.0],"texture":"#ore","cullface":"north","rotation":0},"east":{"uv":[13.0,9.0,14.0,10.0],"texture":"#ore","cullface":"north","rotation":0}}},{"__comment":"Pixel 0, East","from":[16.0,7.0,13.0],"to":[16.3,9.0,15.0],"faces":{"down":{"uv":[1.0,8.0,3.0,9.0],"texture":"#ore","cullface":"east","rotation":90},"up":{"uv":[1.0,7.0,3.0,8.0],"texture":"#ore","cullface":"east","rotation":270},"north":{"uv":[2.0,7.0,3.0,9.0],"texture":"#ore","cullface":"east","rotation":0},"south":{"uv":[1.0,7.0,2.0,9.0],"texture":"#ore","cullface":"east","rotation":0},"east":{"uv":[1.0,7.0,3.0,9.0],"texture":"#ore","cullface":"east","rotation":0}}},{"__comment":"Pixel 1, East","from":[16.0,1.0,9.0],"to":[16.3,3.0,12.0],"faces":{"down":{"uv":[4.0,14.0,7.0,15.0],"texture":"#ore","cullface":"east","rotation":90},"up":{"uv":[4.0,13.0,7.0,14.0],"texture":"#ore","cullface":"east","rotation":270},"north":{"uv":[6.0,13.0,7.0,15.0],"texture":"#ore","cullface":"east","rotation":0},"south":{"uv":[4.0,13.0,5.0,15.0],"texture":"#ore","cullface":"east","rotation":0},"east":{"uv":[4.0,13.0,7.0,15.0],"texture":"#ore","cullface":"east","rotation":0}}},{"__comment":"Pixel 2, East","from":[16.0,9.0,9.0],"to":[16.3,11.0,11.0],"faces":{"down":{"uv":[5.0,6.0,7.0,7.0],"texture":"#ore","cullface":"east","rotation":90},"up":{"uv":[5.0,5.0,7.0,6.0],"texture":"#ore","cullface":"east","rotation":270},"north":{"uv":[6.0,5.0,7.0,7.0],"texture":"#ore","cullface":"east","rotation":0},"south":{"uv":[5.0,5.0,6.0,7.0],"texture":"#ore","cullface":"east","rotation":0},"east":{"uv":[5.0,5.0,7.0,7.0],"texture":"#ore","cullface":"east","rotation":0}}},{"__comment":"Pixel 3, East","from":[16.0,5.0,5.0],"to":[16.3,7.0,8.0],"faces":{"down":{"uv":[8.0,10.0,11.0,11.0],"texture":"#ore","cullface":"east","rotation":90},"up":{"uv":[8.0,9.0,11.0,10.0],"texture":"#ore","cullface":"east","rotation":270},"north":{"uv":[10.0,9.0,11.0,11.0],"texture":"#ore","cullface":"east","rotation":0},"south":{"uv":[8.0,9.0,9.0,11.0],"texture":"#ore","cullface":"east","rotation":0},"east":{"uv":[8.0,9.0,11.0,11.0],"texture":"#ore","cullface":"east","rotation":0}}},{"__comment":"Pixel 4, East","from":[16.0,2.0,5.0],"to":[16.3,4.0,8.0],"faces":{"down":{"uv":[8.0,13.0,11.0,14.0],"texture":"#ore","cullface":"east","rotation":90},"up":{"uv":[8.0,12.0,11.0,13.0],"texture":"#ore","cullface":"east","rotation":270},"north":{"uv":[10.0,12.0,11.0,14.0],"texture":"#ore","cullface":"east","rotation":0},"south":{"uv":[8.0,12.0,9.0,14.0],"texture":"#ore","cullface":"east","rotation":0},"east":{"uv":[8.0,12.0,11.0,14.0],"texture":"#ore","cullface":"east","rotation":0}}},{"__comment":"Pixel 5, East","from":[16.0,9.0,4.0],"to":[16.3,11.0,6.0],"faces":{"down":{"uv":[10.0,6.0,12.0,7.0],"texture":"#ore","cullface":"east","rotation":90},"up":{"uv":[10.0,5.0,12.0,6.0],"texture":"#ore","cullface":"east","rotation":270},"north":{"uv":[11.0,5.0,12.0,7.0],"texture":"#ore","cullface":"east","rotation":0},"south":{"uv":[10.0,5.0,11.0,7.0],"texture":"#ore","cullface":"east","rotation":0},"east":{"uv":[10.0,5.0,12.0,7.0],"texture":"#ore","cullface":"east","rotation":0}}},{"__comment":"Pixel 6, East","from":[16.0,4.0,1.0],"to":[16.3,6.0,3.0],"faces":{"down":{"uv":[13.0,11.0,15.0,12.0],"texture":"#ore","cullface":"east","rotation":90},"up":{"uv":[13.0,10.0,15.0,11.0],"texture":"#ore","cullface":"east","rotation":270},"north":{"uv":[14.0,10.0,15.0,12.0],"texture":"#ore","cullface":"east","rotation":0},"south":{"uv":[13.0,10.0,14.0,12.0],"texture":"#ore","cullface":"east","rotation":0},"east":{"uv":[13.0,10.0,15.0,12.0],"texture":"#ore","cullface":"east","rotation":0}}},{"__comment":"Pixel 7, East","from":[16.0,4.0,11.0],"to":[16.3,6.0,12.0],"faces":{"down":{"uv":[4.0,11.0,5.0,12.0],"texture":"#ore","cullface":"east","rotation":90},"up":{"uv":[4.0,10.0,5.0,11.0],"texture":"#ore","cullface":"east","rotation":270},"north":{"uv":[4.0,10.0,5.0,12.0],"texture":"#ore","cullface":"east","rotation":0},"south":{"uv":[4.0,10.0,5.0,12.0],"texture":"#ore","cullface":"east","rotation":0},"east":{"uv":[4.0,10.0,5.0,12.0],"texture":"#ore","cullface":"east","rotation":0}}},{"__comment":"Pixel 8, East","from":[16.0,12.0,10.0],"to":[16.3,14.0,11.0],"faces":{"down":{"uv":[5.0,3.0,6.0,4.0],"texture":"#ore","cullface":"east","rotation":90},"up":{"uv":[5.0,2.0,6.0,3.0],"texture":"#ore","cullface":"east","rotation":270},"north":{"uv":[5.0,2.0,6.0,4.0],"texture":"#ore","cullface":"east","rotation":0},"south":{"uv":[5.0,2.0,6.0,4.0],"texture":"#ore","cullface":"east","rotation":0},"east":{"uv":[5.0,2.0,6.0,4.0],"texture":"#ore","cullface":"east","rotation":0}}},{"__comment":"Pixel 9, East","from":[16.0,6.0,8.0],"to":[16.3,8.0,9.0],"faces":{"down":{"uv":[7.0,9.0,8.0,10.0],"texture":"#ore","cullface":"east","rotation":90},"up":{"uv":[7.0,8.0,8.0,9.0],"texture":"#ore","cullface":"east","rotation":270},"north":{"uv":[7.0,8.0,8.0,10.0],"texture":"#ore","cullface":"east","rotation":0},"south":{"uv":[7.0,8.0,8.0,10.0],"texture":"#ore","cullface":"east","rotation":0},"east":{"uv":[7.0,8.0,8.0,10.0],"texture":"#ore","cullface":"east","rotation":0}}},{"__comment":"Pixel 10, East","from":[16.0,6.0,4.0],"to":[16.3,8.0,5.0],"faces":{"down":{"uv":[11.0,9.0,12.0,10.0],"texture":"#ore","cullface":"east","rotation":90},"up":{"uv":[11.0,8.0,12.0,9.0],"texture":"#ore","cullface":"east","rotation":270},"north":{"uv":[11.0,8.0,12.0,10.0],"texture":"#ore","cullface":"east","rotation":0},"south":{"uv":[11.0,8.0,12.0,10.0],"texture":"#ore","cullface":"east","rotation":0},"east":{"uv":[11.0,8.0,12.0,10.0],"texture":"#ore","cullface":"east","rotation":0}}},{"__comment":"Pixel 11, East","from":[16.0,13.0,11.0],"to":[16.3,14.0,14.0],"faces":{"down":{"uv":[2.0,2.0,5.0,3.0],"texture":"#ore","cullface":"east","rotation":90},"up":{"uv":[2.0,2.0,5.0,3.0],"texture":"#ore","cullface":"east","rotation":270},"north":{"uv":[4.0,2.0,5.0,3.0],"texture":"#ore","cullface":"east","rotation":0},"south":{"uv":[2.0,2.0,3.0,3.0],"texture":"#ore","cullface":"east","rotation":0},"east":{"uv":[2.0,2.0,5.0,3.0],"texture":"#ore","cullface":"east","rotation":0}}},{"__comment":"Pixel 12, East","from":[16.0,4.0,12.0],"to":[16.3,5.0,14.0],"faces":{"down":{"uv":[2.0,11.0,4.0,12.0],"texture":"#ore","cullface":"east","rotation":90},"up":{"uv":[2.0,11.0,4.0,12.0],"texture":"#ore","cullface":"east","rotation":270},"north":{"uv":[3.0,11.0,4.0,12.0],"texture":"#ore","cullface":"east","rotation":0},"south":{"uv":[2.0,11.0,3.0,12.0],"texture":"#ore","cullface":"east","rotation":0},"east":{"uv":[2.0,11.0,4.0,12.0],"texture":"#ore","cullface":"east","rotation":0}}},{"__comment":"Pixel 13, East","from":[16.0,9.0,11.0],"to":[16.3,10.0,13.0],"faces":{"down":{"uv":[3.0,6.0,5.0,7.0],"texture":"#ore","cullface":"east","rotation":90},"up":{"uv":[3.0,6.0,5.0,7.0],"texture":"#ore","cullface":"east","rotation":270},"north":{"uv":[4.0,6.0,5.0,7.0],"texture":"#ore","cullface":"east","rotation":0},"south":{"uv":[3.0,6.0,4.0,7.0],"texture":"#ore","cullface":"east","rotation":0},"east":{"uv":[3.0,6.0,5.0,7.0],"texture":"#ore","cullface":"east","rotation":0}}},{"__comment":"Pixel 14, East","from":[16.0,12.0,7.0],"to":[16.3,13.0,9.0],"faces":{"down":{"uv":[7.0,3.0,9.0,4.0],"texture":"#ore","cullface":"east","rotation":90},"up":{"uv":[7.0,3.0,9.0,4.0],"texture":"#ore","cullface":"east","rotation":270},"north":{"uv":[8.0,3.0,9.0,4.0],"texture":"#ore","cullface":"east","rotation":0},"south":{"uv":[7.0,3.0,8.0,4.0],"texture":"#ore","cullface":"east","rotation":0},"east":{"uv":[7.0,3.0,9.0,4.0],"texture":"#ore","cullface":"east","rotation":0}}},{"__comment":"Pixel 15, East","from":[16.0,7.0,5.0],"to":[16.3,8.0,7.0],"faces":{"down":{"uv":[9.0,8.0,11.0,9.0],"texture":"#ore","cullface":"east","rotation":90},"up":{"uv":[9.0,8.0,11.0,9.0],"texture":"#ore","cullface":"east","rotation":270},"north":{"uv":[10.0,8.0,11.0,9.0],"texture":"#ore","cullface":"east","rotation":0},"south":{"uv":[9.0,8.0,10.0,9.0],"texture":"#ore","cullface":"east","rotation":0},"east":{"uv":[9.0,8.0,11.0,9.0],"texture":"#ore","cullface":"east","rotation":0}}},{"__comment":"Pixel 16, East","from":[16.0,13.0,2.0],"to":[16.3,14.0,4.0],"faces":{"down":{"uv":[12.0,2.0,14.0,3.0],"texture":"#ore","cullface":"east","rotation":90},"up":{"uv":[12.0,2.0,14.0,3.0],"texture":"#ore","cullface":"east","rotation":270},"north":{"uv":[13.0,2.0,14.0,3.0],"texture":"#ore","cullface":"east","rotation":0},"south":{"uv":[12.0,2.0,13.0,3.0],"texture":"#ore","cullface":"east","rotation":0},"east":{"uv":[12.0,2.0,14.0,3.0],"texture":"#ore","cullface":"east","rotation":0}}},{"__comment":"Pixel 17, East","from":[16.0,3.0,1.0],"to":[16.3,4.0,3.0],"faces":{"down":{"uv":[13.0,12.0,15.0,13.0],"texture":"#ore","cullface":"east","rotation":90},"up":{"uv":[13.0,12.0,15.0,13.0],"texture":"#ore","cullface":"east","rotation":270},"north":{"uv":[14.0,12.0,15.0,13.0],"texture":"#ore","cullface":"east","rotation":0},"south":{"uv":[13.0,12.0,14.0,13.0],"texture":"#ore","cullface":"east","rotation":0},"east":{"uv":[13.0,12.0,15.0,13.0],"texture":"#ore","cullface":"east","rotation":0}}},{"__comment":"Pixel 18, East","from":[16.0,3.0,10.0],"to":[16.3,4.0,11.0],"faces":{"down":{"uv":[5.0,12.0,6.0,13.0],"texture":"#ore","cullface":"east","rotation":90},"up":{"uv":[5.0,12.0,6.0,13.0],"texture":"#ore","cullface":"east","rotation":270},"north":{"uv":[5.0,12.0,6.0,13.0],"texture":"#ore","cullface":"east","rotation":0},"south":{"uv":[5.0,12.0,6.0,13.0],"texture":"#ore","cullface":"east","rotation":0},"east":{"uv":[5.0,12.0,6.0,13.0],"texture":"#ore","cullface":"east","rotation":0}}},{"__comment":"Pixel 19, East","from":[16.0,9.0,8.0],"to":[16.3,10.0,9.0],"faces":{"down":{"uv":[7.0,6.0,8.0,7.0],"texture":"#ore","cullface":"east","rotation":90},"up":{"uv":[7.0,6.0,8.0,7.0],"texture":"#ore","cullface":"east","rotation":270},"north":{"uv":[7.0,6.0,8.0,7.0],"texture":"#ore","cullface":"east","rotation":0},"south":{"uv":[7.0,6.0,8.0,7.0],"texture":"#ore","cullface":"east","rotation":0},"east":{"uv":[7.0,6.0,8.0,7.0],"texture":"#ore","cullface":"east","rotation":0}}},{"__comment":"Pixel 20, East","from":[16.0,6.0,2.0],"to":[16.3,7.0,3.0],"faces":{"down":{"uv":[13.0,9.0,14.0,10.0],"texture":"#ore","cullface":"east","rotation":90},"up":{"uv":[13.0,9.0,14.0,10.0],"texture":"#ore","cullface":"east","rotation":270},"north":{"uv":[13.0,9.0,14.0,10.0],"texture":"#ore","cullface":"east","rotation":0},"south":{"uv":[13.0,9.0,14.0,10.0],"texture":"#ore","cullface":"east","rotation":0},"east":{"uv":[13.0,9.0,14.0,10.0],"texture":"#ore","cullface":"east","rotation":0}}},{"__comment":"Pixel 0, South","from":[1.0,7.0,16.0],"to":[3.0,9.0,16.3],"faces":{"down":{"uv":[1.0,8.0,3.0,9.0],"texture":"#ore","cullface":"south","rotation":0},"up":{"uv":[1.0,7.0,3.0,8.0],"texture":"#ore","cullface":"south","rotation":0},"south":{"uv":[1.0,7.0,3.0,9.0],"texture":"#ore","cullface":"south","rotation":0},"west":{"uv":[1.0,7.0,2.0,9.0],"texture":"#ore","cullface":"south","rotation":0},"east":{"uv":[2.0,7.0,3.0,9.0],"texture":"#ore","cullface":"south","rotation":0}}},{"__comment":"Pixel 1, South","from":[4.0,1.0,16.0],"to":[7.0,3.0,16.3],"faces":{"down":{"uv":[4.0,14.0,7.0,15.0],"texture":"#ore","cullface":"south","rotation":0},"up":{"uv":[4.0,13.0,7.0,14.0],"texture":"#ore","cullface":"south","rotation":0},"south":{"uv":[4.0,13.0,7.0,15.0],"texture":"#ore","cullface":"south","rotation":0},"west":{"uv":[4.0,13.0,5.0,15.0],"texture":"#ore","cullface":"south","rotation":0},"east":{"uv":[6.0,13.0,7.0,15.0],"texture":"#ore","cullface":"south","rotation":0}}},{"__comment":"Pixel 2, South","from":[5.0,9.0,16.0],"to":[7.0,11.0,16.3],"faces":{"down":{"uv":[5.0,6.0,7.0,7.0],"texture":"#ore","cullface":"south","rotation":0},"up":{"uv":[5.0,5.0,7.0,6.0],"texture":"#ore","cullface":"south","rotation":0},"south":{"uv":[5.0,5.0,7.0,7.0],"texture":"#ore","cullface":"south","rotation":0},"west":{"uv":[5.0,5.0,6.0,7.0],"texture":"#ore","cullface":"south","rotation":0},"east":{"uv":[6.0,5.0,7.0,7.0],"texture":"#ore","cullface":"south","rotation":0}}},{"__comment":"Pixel 3, South","from":[8.0,5.0,16.0],"to":[11.0,7.0,16.3],"faces":{"down":{"uv":[8.0,10.0,11.0,11.0],"texture":"#ore","cullface":"south","rotation":0},"up":{"uv":[8.0,9.0,11.0,10.0],"texture":"#ore","cullface":"south","rotation":0},"south":{"uv":[8.0,9.0,11.0,11.0],"texture":"#ore","cullface":"south","rotation":0},"west":{"uv":[8.0,9.0,9.0,11.0],"texture":"#ore","cullface":"south","rotation":0},"east":{"uv":[10.0,9.0,11.0,11.0],"texture":"#ore","cullface":"south","rotation":0}}},{"__comment":"Pixel 4, South","from":[8.0,2.0,16.0],"to":[11.0,4.0,16.3],"faces":{"down":{"uv":[8.0,13.0,11.0,14.0],"texture":"#ore","cullface":"south","rotation":0},"up":{"uv":[8.0,12.0,11.0,13.0],"texture":"#ore","cullface":"south","rotation":0},"south":{"uv":[8.0,12.0,11.0,14.0],"texture":"#ore","cullface":"south","rotation":0},"west":{"uv":[8.0,12.0,9.0,14.0],"texture":"#ore","cullface":"south","rotation":0},"east":{"uv":[10.0,12.0,11.0,14.0],"texture":"#ore","cullface":"south","rotation":0}}},{"__comment":"Pixel 5, South","from":[10.0,9.0,16.0],"to":[12.0,11.0,16.3],"faces":{"down":{"uv":[10.0,6.0,12.0,7.0],"texture":"#ore","cullface":"south","rotation":0},"up":{"uv":[10.0,5.0,12.0,6.0],"texture":"#ore","cullface":"south","rotation":0},"south":{"uv":[10.0,5.0,12.0,7.0],"texture":"#ore","cullface":"south","rotation":0},"west":{"uv":[10.0,5.0,11.0,7.0],"texture":"#ore","cullface":"south","rotation":0},"east":{"uv":[11.0,5.0,12.0,7.0],"texture":"#ore","cullface":"south","rotation":0}}},{"__comment":"Pixel 6, South","from":[13.0,4.0,16.0],"to":[15.0,6.0,16.3],"faces":{"down":{"uv":[13.0,11.0,15.0,12.0],"texture":"#ore","cullface":"south","rotation":0},"up":{"uv":[13.0,10.0,15.0,11.0],"texture":"#ore","cullface":"south","rotation":0},"south":{"uv":[13.0,10.0,15.0,12.0],"texture":"#ore","cullface":"south","rotation":0},"west":{"uv":[13.0,10.0,14.0,12.0],"texture":"#ore","cullface":"south","rotation":0},"east":{"uv":[14.0,10.0,15.0,12.0],"texture":"#ore","cullface":"south","rotation":0}}},{"__comment":"Pixel 7, South","from":[4.0,4.0,16.0],"to":[5.0,6.0,16.3],"faces":{"down":{"uv":[4.0,11.0,5.0,12.0],"texture":"#ore","cullface":"south","rotation":0},"up":{"uv":[4.0,10.0,5.0,11.0],"texture":"#ore","cullface":"south","rotation":0},"south":{"uv":[4.0,10.0,5.0,12.0],"texture":"#ore","cullface":"south","rotation":0},"west":{"uv":[4.0,10.0,5.0,12.0],"texture":"#ore","cullface":"south","rotation":0},"east":{"uv":[4.0,10.0,5.0,12.0],"texture":"#ore","cullface":"south","rotation":0}}},{"__comment":"Pixel 8, South","from":[5.0,12.0,16.0],"to":[6.0,14.0,16.3],"faces":{"down":{"uv":[5.0,3.0,6.0,4.0],"texture":"#ore","cullface":"south","rotation":0},"up":{"uv":[5.0,2.0,6.0,3.0],"texture":"#ore","cullface":"south","rotation":0},"south":{"uv":[5.0,2.0,6.0,4.0],"texture":"#ore","cullface":"south","rotation":0},"west":{"uv":[5.0,2.0,6.0,4.0],"texture":"#ore","cullface":"south","rotation":0},"east":{"uv":[5.0,2.0,6.0,4.0],"texture":"#ore","cullface":"south","rotation":0}}},{"__comment":"Pixel 9, South","from":[7.0,6.0,16.0],"to":[8.0,8.0,16.3],"faces":{"down":{"uv":[7.0,9.0,8.0,10.0],"texture":"#ore","cullface":"south","rotation":0},"up":{"uv":[7.0,8.0,8.0,9.0],"texture":"#ore","cullface":"south","rotation":0},"south":{"uv":[7.0,8.0,8.0,10.0],"texture":"#ore","cullface":"south","rotation":0},"west":{"uv":[7.0,8.0,8.0,10.0],"texture":"#ore","cullface":"south","rotation":0},"east":{"uv":[7.0,8.0,8.0,10.0],"texture":"#ore","cullface":"south","rotation":0}}},{"__comment":"Pixel 10, South","from":[11.0,6.0,16.0],"to":[12.0,8.0,16.3],"faces":{"down":{"uv":[11.0,9.0,12.0,10.0],"texture":"#ore","cullface":"south","rotation":0},"up":{"uv":[11.0,8.0,12.0,9.0],"texture":"#ore","cullface":"south","rotation":0},"south":{"uv":[11.0,8.0,12.0,10.0],"texture":"#ore","cullface":"south","rotation":0},"west":{"uv":[11.0,8.0,12.0,10.0],"texture":"#ore","cullface":"south","rotation":0},"east":{"uv":[11.0,8.0,12.0,10.0],"texture":"#ore","cullface":"south","rotation":0}}},{"__comment":"Pixel 11, South","from":[2.0,13.0,16.0],"to":[5.0,14.0,16.3],"faces":{"down":{"uv":[2.0,2.0,5.0,3.0],"texture":"#ore","cullface":"south","rotation":0},"up":{"uv":[2.0,2.0,5.0,3.0],"texture":"#ore","cullface":"south","rotation":0},"south":{"uv":[2.0,2.0,5.0,3.0],"texture":"#ore","cullface":"south","rotation":0},"west":{"uv":[2.0,2.0,3.0,3.0],"texture":"#ore","cullface":"south","rotation":0},"east":{"uv":[4.0,2.0,5.0,3.0],"texture":"#ore","cullface":"south","rotation":0}}},{"__comment":"Pixel 12, South","from":[2.0,4.0,16.0],"to":[4.0,5.0,16.3],"faces":{"down":{"uv":[2.0,11.0,4.0,12.0],"texture":"#ore","cullface":"south","rotation":0},"up":{"uv":[2.0,11.0,4.0,12.0],"texture":"#ore","cullface":"south","rotation":0},"south":{"uv":[2.0,11.0,4.0,12.0],"texture":"#ore","cullface":"south","rotation":0},"west":{"uv":[2.0,11.0,3.0,12.0],"texture":"#ore","cullface":"south","rotation":0},"east":{"uv":[3.0,11.0,4.0,12.0],"texture":"#ore","cullface":"south","rotation":0}}},{"__comment":"Pixel 13, South","from":[3.0,9.0,16.0],"to":[5.0,10.0,16.3],"faces":{"down":{"uv":[3.0,6.0,5.0,7.0],"texture":"#ore","cullface":"south","rotation":0},"up":{"uv":[3.0,6.0,5.0,7.0],"texture":"#ore","cullface":"south","rotation":0},"south":{"uv":[3.0,6.0,5.0,7.0],"texture":"#ore","cullface":"south","rotation":0},"west":{"uv":[3.0,6.0,4.0,7.0],"texture":"#ore","cullface":"south","rotation":0},"east":{"uv":[4.0,6.0,5.0,7.0],"texture":"#ore","cullface":"south","rotation":0}}},{"__comment":"Pixel 14, South","from":[7.0,12.0,16.0],"to":[9.0,13.0,16.3],"faces":{"down":{"uv":[7.0,3.0,9.0,4.0],"texture":"#ore","cullface":"south","rotation":0},"up":{"uv":[7.0,3.0,9.0,4.0],"texture":"#ore","cullface":"south","rotation":0},"south":{"uv":[7.0,3.0,9.0,4.0],"texture":"#ore","cullface":"south","rotation":0},"west":{"uv":[7.0,3.0,8.0,4.0],"texture":"#ore","cullface":"south","rotation":0},"east":{"uv":[8.0,3.0,9.0,4.0],"texture":"#ore","cullface":"south","rotation":0}}},{"__comment":"Pixel 15, South","from":[9.0,7.0,16.0],"to":[11.0,8.0,16.3],"faces":{"down":{"uv":[9.0,8.0,11.0,9.0],"texture":"#ore","cullface":"south","rotation":0},"up":{"uv":[9.0,8.0,11.0,9.0],"texture":"#ore","cullface":"south","rotation":0},"south":{"uv":[9.0,8.0,11.0,9.0],"texture":"#ore","cullface":"south","rotation":0},"west":{"uv":[9.0,8.0,10.0,9.0],"texture":"#ore","cullface":"south","rotation":0},"east":{"uv":[10.0,8.0,11.0,9.0],"texture":"#ore","cullface":"south","rotation":0}}},{"__comment":"Pixel 16, South","from":[12.0,13.0,16.0],"to":[14.0,14.0,16.3],"faces":{"down":{"uv":[12.0,2.0,14.0,3.0],"texture":"#ore","cullface":"south","rotation":0},"up":{"uv":[12.0,2.0,14.0,3.0],"texture":"#ore","cullface":"south","rotation":0},"south":{"uv":[12.0,2.0,14.0,3.0],"texture":"#ore","cullface":"south","rotation":0},"west":{"uv":[12.0,2.0,13.0,3.0],"texture":"#ore","cullface":"south","rotation":0},"east":{"uv":[13.0,2.0,14.0,3.0],"texture":"#ore","cullface":"south","rotation":0}}},{"__comment":"Pixel 17, South","from":[13.0,3.0,16.0],"to":[15.0,4.0,16.3],"faces":{"down":{"uv":[13.0,12.0,15.0,13.0],"texture":"#ore","cullface":"south","rotation":0},"up":{"uv":[13.0,12.0,15.0,13.0],"texture":"#ore","cullface":"south","rotation":0},"south":{"uv":[13.0,12.0,15.0,13.0],"texture":"#ore","cullface":"south","rotation":0},"west":{"uv":[13.0,12.0,14.0,13.0],"texture":"#ore","cullface":"south","rotation":0},"east":{"uv":[14.0,12.0,15.0,13.0],"texture":"#ore","cullface":"south","rotation":0}}},{"__comment":"Pixel 18, South","from":[5.0,3.0,16.0],"to":[6.0,4.0,16.3],"faces":{"down":{"uv":[5.0,12.0,6.0,13.0],"texture":"#ore","cullface":"south","rotation":0},"up":{"uv":[5.0,12.0,6.0,13.0],"texture":"#ore","cullface":"south","rotation":0},"south":{"uv":[5.0,12.0,6.0,13.0],"texture":"#ore","cullface":"south","rotation":0},"west":{"uv":[5.0,12.0,6.0,13.0],"texture":"#ore","cullface":"south","rotation":0},"east":{"uv":[5.0,12.0,6.0,13.0],"texture":"#ore","cullface":"south","rotation":0}}},{"__comment":"Pixel 19, South","from":[7.0,9.0,16.0],"to":[8.0,10.0,16.3],"faces":{"down":{"uv":[7.0,6.0,8.0,7.0],"texture":"#ore","cullface":"south","rotation":0},"up":{"uv":[7.0,6.0,8.0,7.0],"texture":"#ore","cullface":"south","rotation":0},"south":{"uv":[7.0,6.0,8.0,7.0],"texture":"#ore","cullface":"south","rotation":0},"west":{"uv":[7.0,6.0,8.0,7.0],"texture":"#ore","cullface":"south","rotation":0},"east":{"uv":[7.0,6.0,8.0,7.0],"texture":"#ore","cullface":"south","rotation":0}}},{"__comment":"Pixel 20, South","from":[13.0,6.0,16.0],"to":[14.0,7.0,16.3],"faces":{"down":{"uv":[13.0,9.0,14.0,10.0],"texture":"#ore","cullface":"south","rotation":0},"up":{"uv":[13.0,9.0,14.0,10.0],"texture":"#ore","cullface":"south","rotation":0},"south":{"uv":[13.0,9.0,14.0,10.0],"texture":"#ore","cullface":"south","rotation":0},"west":{"uv":[13.0,9.0,14.0,10.0],"texture":"#ore","cullface":"south","rotation":0},"east":{"uv":[13.0,9.0,14.0,10.0],"texture":"#ore","cullface":"south","rotation":0}}},{"__comment":"Pixel 0, West","from":[-0.3000000000000007,7.0,1.0],"to":[0.0,9.0,3.0],"faces":{"down":{"uv":[1.0,8.0,3.0,9.0],"texture":"#ore","cullface":"west","rotation":270},"up":{"uv":[1.0,7.0,3.0,8.0],"texture":"#ore","cullface":"west","rotation":90},"north":{"uv":[1.0,7.0,2.0,9.0],"texture":"#ore","cullface":"west","rotation":0},"south":{"uv":[2.0,7.0,3.0,9.0],"texture":"#ore","cullface":"west","rotation":0},"west":{"uv":[1.0,7.0,3.0,9.0],"texture":"#ore","cullface":"west","rotation":0}}},{"__comment":"Pixel 1, West","from":[-0.3000000000000007,1.0,4.0],"to":[0.0,3.0,7.0],"faces":{"down":{"uv":[4.0,14.0,7.0,15.0],"texture":"#ore","cullface":"west","rotation":270},"up":{"uv":[4.0,13.0,7.0,14.0],"texture":"#ore","cullface":"west","rotation":90},"north":{"uv":[4.0,13.0,5.0,15.0],"texture":"#ore","cullface":"west","rotation":0},"south":{"uv":[6.0,13.0,7.0,15.0],"texture":"#ore","cullface":"west","rotation":0},"west":{"uv":[4.0,13.0,7.0,15.0],"texture":"#ore","cullface":"west","rotation":0}}},{"__comment":"Pixel 2, West","from":[-0.3000000000000007,9.0,5.0],"to":[0.0,11.0,7.0],"faces":{"down":{"uv":[5.0,6.0,7.0,7.0],"texture":"#ore","cullface":"west","rotation":270},"up":{"uv":[5.0,5.0,7.0,6.0],"texture":"#ore","cullface":"west","rotation":90},"north":{"uv":[5.0,5.0,6.0,7.0],"texture":"#ore","cullface":"west","rotation":0},"south":{"uv":[6.0,5.0,7.0,7.0],"texture":"#ore","cullface":"west","rotation":0},"west":{"uv":[5.0,5.0,7.0,7.0],"texture":"#ore","cullface":"west","rotation":0}}},{"__comment":"Pixel 3, West","from":[-0.3000000000000007,5.0,8.0],"to":[0.0,7.0,11.0],"faces":{"down":{"uv":[8.0,10.0,11.0,11.0],"texture":"#ore","cullface":"west","rotation":270},"up":{"uv":[8.0,9.0,11.0,10.0],"texture":"#ore","cullface":"west","rotation":90},"north":{"uv":[8.0,9.0,9.0,11.0],"texture":"#ore","cullface":"west","rotation":0},"south":{"uv":[10.0,9.0,11.0,11.0],"texture":"#ore","cullface":"west","rotation":0},"west":{"uv":[8.0,9.0,11.0,11.0],"texture":"#ore","cullface":"west","rotation":0}}},{"__comment":"Pixel 4, West","from":[-0.3000000000000007,2.0,8.0],"to":[0.0,4.0,11.0],"faces":{"down":{"uv":[8.0,13.0,11.0,14.0],"texture":"#ore","cullface":"west","rotation":270},"up":{"uv":[8.0,12.0,11.0,13.0],"texture":"#ore","cullface":"west","rotation":90},"north":{"uv":[8.0,12.0,9.0,14.0],"texture":"#ore","cullface":"west","rotation":0},"south":{"uv":[10.0,12.0,11.0,14.0],"texture":"#ore","cullface":"west","rotation":0},"west":{"uv":[8.0,12.0,11.0,14.0],"texture":"#ore","cullface":"west","rotation":0}}},{"__comment":"Pixel 5, West","from":[-0.3000000000000007,9.0,10.0],"to":[0.0,11.0,12.0],"faces":{"down":{"uv":[10.0,6.0,12.0,7.0],"texture":"#ore","cullface":"west","rotation":270},"up":{"uv":[10.0,5.0,12.0,6.0],"texture":"#ore","cullface":"west","rotation":90},"north":{"uv":[10.0,5.0,11.0,7.0],"texture":"#ore","cullface":"west","rotation":0},"south":{"uv":[11.0,5.0,12.0,7.0],"texture":"#ore","cullface":"west","rotation":0},"west":{"uv":[10.0,5.0,12.0,7.0],"texture":"#ore","cullface":"west","rotation":0}}},{"__comment":"Pixel 6, West","from":[-0.3000000000000007,4.0,13.0],"to":[0.0,6.0,15.0],"faces":{"down":{"uv":[13.0,11.0,15.0,12.0],"texture":"#ore","cullface":"west","rotation":270},"up":{"uv":[13.0,10.0,15.0,11.0],"texture":"#ore","cullface":"west","rotation":90},"north":{"uv":[13.0,10.0,14.0,12.0],"texture":"#ore","cullface":"west","rotation":0},"south":{"uv":[14.0,10.0,15.0,12.0],"texture":"#ore","cullface":"west","rotation":0},"west":{"uv":[13.0,10.0,15.0,12.0],"texture":"#ore","cullface":"west","rotation":0}}},{"__comment":"Pixel 7, West","from":[-0.3000000000000007,4.0,4.0],"to":[0.0,6.0,5.0],"faces":{"down":{"uv":[4.0,11.0,5.0,12.0],"texture":"#ore","cullface":"west","rotation":270},"up":{"uv":[4.0,10.0,5.0,11.0],"texture":"#ore","cullface":"west","rotation":90},"north":{"uv":[4.0,10.0,5.0,12.0],"texture":"#ore","cullface":"west","rotation":0},"south":{"uv":[4.0,10.0,5.0,12.0],"texture":"#ore","cullface":"west","rotation":0},"west":{"uv":[4.0,10.0,5.0,12.0],"texture":"#ore","cullface":"west","rotation":0}}},{"__comment":"Pixel 8, West","from":[-0.3000000000000007,12.0,5.0],"to":[0.0,14.0,6.0],"faces":{"down":{"uv":[5.0,3.0,6.0,4.0],"texture":"#ore","cullface":"west","rotation":270},"up":{"uv":[5.0,2.0,6.0,3.0],"texture":"#ore","cullface":"west","rotation":90},"north":{"uv":[5.0,2.0,6.0,4.0],"texture":"#ore","cullface":"west","rotation":0},"south":{"uv":[5.0,2.0,6.0,4.0],"texture":"#ore","cullface":"west","rotation":0},"west":{"uv":[5.0,2.0,6.0,4.0],"texture":"#ore","cullface":"west","rotation":0}}},{"__comment":"Pixel 9, West","from":[-0.3000000000000007,6.0,7.0],"to":[0.0,8.0,8.0],"faces":{"down":{"uv":[7.0,9.0,8.0,10.0],"texture":"#ore","cullface":"west","rotation":270},"up":{"uv":[7.0,8.0,8.0,9.0],"texture":"#ore","cullface":"west","rotation":90},"north":{"uv":[7.0,8.0,8.0,10.0],"texture":"#ore","cullface":"west","rotation":0},"south":{"uv":[7.0,8.0,8.0,10.0],"texture":"#ore","cullface":"west","rotation":0},"west":{"uv":[7.0,8.0,8.0,10.0],"texture":"#ore","cullface":"west","rotation":0}}},{"__comment":"Pixel 10, West","from":[-0.3000000000000007,6.0,11.0],"to":[0.0,8.0,12.0],"faces":{"down":{"uv":[11.0,9.0,12.0,10.0],"texture":"#ore","cullface":"west","rotation":270},"up":{"uv":[11.0,8.0,12.0,9.0],"texture":"#ore","cullface":"west","rotation":90},"north":{"uv":[11.0,8.0,12.0,10.0],"texture":"#ore","cullface":"west","rotation":0},"south":{"uv":[11.0,8.0,12.0,10.0],"texture":"#ore","cullface":"west","rotation":0},"west":{"uv":[11.0,8.0,12.0,10.0],"texture":"#ore","cullface":"west","rotation":0}}},{"__comment":"Pixel 11, West","from":[-0.3000000000000007,13.0,2.0],"to":[0.0,14.0,5.0],"faces":{"down":{"uv":[2.0,2.0,5.0,3.0],"texture":"#ore","cullface":"west","rotation":270},"up":{"uv":[2.0,2.0,5.0,3.0],"texture":"#ore","cullface":"west","rotation":90},"north":{"uv":[2.0,2.0,3.0,3.0],"texture":"#ore","cullface":"west","rotation":0},"south":{"uv":[4.0,2.0,5.0,3.0],"texture":"#ore","cullface":"west","rotation":0},"west":{"uv":[2.0,2.0,5.0,3.0],"texture":"#ore","cullface":"west","rotation":0}}},{"__comment":"Pixel 12, West","from":[-0.3000000000000007,4.0,2.0],"to":[0.0,5.0,4.0],"faces":{"down":{"uv":[2.0,11.0,4.0,12.0],"texture":"#ore","cullface":"west","rotation":270},"up":{"uv":[2.0,11.0,4.0,12.0],"texture":"#ore","cullface":"west","rotation":90},"north":{"uv":[2.0,11.0,3.0,12.0],"texture":"#ore","cullface":"west","rotation":0},"south":{"uv":[3.0,11.0,4.0,12.0],"texture":"#ore","cullface":"west","rotation":0},"west":{"uv":[2.0,11.0,4.0,12.0],"texture":"#ore","cullface":"west","rotation":0}}},{"__comment":"Pixel 13, West","from":[-0.3000000000000007,9.0,3.0],"to":[0.0,10.0,5.0],"faces":{"down":{"uv":[3.0,6.0,5.0,7.0],"texture":"#ore","cullface":"west","rotation":270},"up":{"uv":[3.0,6.0,5.0,7.0],"texture":"#ore","cullface":"west","rotation":90},"north":{"uv":[3.0,6.0,4.0,7.0],"texture":"#ore","cullface":"west","rotation":0},"south":{"uv":[4.0,6.0,5.0,7.0],"texture":"#ore","cullface":"west","rotation":0},"west":{"uv":[3.0,6.0,5.0,7.0],"texture":"#ore","cullface":"west","rotation":0}}},{"__comment":"Pixel 14, West","from":[-0.3000000000000007,12.0,7.0],"to":[0.0,13.0,9.0],"faces":{"down":{"uv":[7.0,3.0,9.0,4.0],"texture":"#ore","cullface":"west","rotation":270},"up":{"uv":[7.0,3.0,9.0,4.0],"texture":"#ore","cullface":"west","rotation":90},"north":{"uv":[7.0,3.0,8.0,4.0],"texture":"#ore","cullface":"west","rotation":0},"south":{"uv":[8.0,3.0,9.0,4.0],"texture":"#ore","cullface":"west","rotation":0},"west":{"uv":[7.0,3.0,9.0,4.0],"texture":"#ore","cullface":"west","rotation":0}}},{"__comment":"Pixel 15, West","from":[-0.3000000000000007,7.0,9.0],"to":[0.0,8.0,11.0],"faces":{"down":{"uv":[9.0,8.0,11.0,9.0],"texture":"#ore","cullface":"west","rotation":270},"up":{"uv":[9.0,8.0,11.0,9.0],"texture":"#ore","cullface":"west","rotation":90},"north":{"uv":[9.0,8.0,10.0,9.0],"texture":"#ore","cullface":"west","rotation":0},"south":{"uv":[10.0,8.0,11.0,9.0],"texture":"#ore","cullface":"west","rotation":0},"west":{"uv":[9.0,8.0,11.0,9.0],"texture":"#ore","cullface":"west","rotation":0}}},{"__comment":"Pixel 16, West","from":[-0.3000000000000007,13.0,12.0],"to":[0.0,14.0,14.0],"faces":{"down":{"uv":[12.0,2.0,14.0,3.0],"texture":"#ore","cullface":"west","rotation":270},"up":{"uv":[12.0,2.0,14.0,3.0],"texture":"#ore","cullface":"west","rotation":90},"north":{"uv":[12.0,2.0,13.0,3.0],"texture":"#ore","cullface":"west","rotation":0},"south":{"uv":[13.0,2.0,14.0,3.0],"texture":"#ore","cullface":"west","rotation":0},"west":{"uv":[12.0,2.0,14.0,3.0],"texture":"#ore","cullface":"west","rotation":0}}},{"__comment":"Pixel 17, West","from":[-0.3000000000000007,3.0,13.0],"to":[0.0,4.0,15.0],"faces":{"down":{"uv":[13.0,12.0,15.0,13.0],"texture":"#ore","cullface":"west","rotation":270},"up":{"uv":[13.0,12.0,15.0,13.0],"texture":"#ore","cullface":"west","rotation":90},"north":{"uv":[13.0,12.0,14.0,13.0],"texture":"#ore","cullface":"west","rotation":0},"south":{"uv":[14.0,12.0,15.0,13.0],"texture":"#ore","cullface":"west","rotation":0},"west":{"uv":[13.0,12.0,15.0,13.0],"texture":"#ore","cullface":"west","rotation":0}}},{"__comment":"Pixel 18, West","from":[-0.3000000000000007,3.0,5.0],"to":[0.0,4.0,6.0],"faces":{"down":{"uv":[5.0,12.0,6.0,13.0],"texture":"#ore","cullface":"west","rotation":270},"up":{"uv":[5.0,12.0,6.0,13.0],"texture":"#ore","cullface":"west","rotation":90},"north":{"uv":[5.0,12.0,6.0,13.0],"texture":"#ore","cullface":"west","rotation":0},"south":{"uv":[5.0,12.0,6.0,13.0],"texture":"#ore","cullface":"west","rotation":0},"west":{"uv":[5.0,12.0,6.0,13.0],"texture":"#ore","cullface":"west","rotation":0}}},{"__comment":"Pixel 19, West","from":[-0.3000000000000007,9.0,7.0],"to":[0.0,10.0,8.0],"faces":{"down":{"uv":[7.0,6.0,8.0,7.0],"texture":"#ore","cullface":"west","rotation":270},"up":{"uv":[7.0,6.0,8.0,7.0],"texture":"#ore","cullface":"west","rotation":90},"north":{"uv":[7.0,6.0,8.0,7.0],"texture":"#ore","cullface":"west","rotation":0},"south":{"uv":[7.0,6.0,8.0,7.0],"texture":"#ore","cullface":"west","rotation":0},"west":{"uv":[7.0,6.0,8.0,7.0],"texture":"#ore","cullface":"west","rotation":0}}},{"__comment":"Pixel 20, West","from":[-0.3000000000000007,6.0,13.0],"to":[0.0,7.0,14.0],"faces":{"down":{"uv":[13.0,9.0,14.0,10.0],"texture":"#ore","cullface":"west","rotation":270},"up":{"uv":[13.0,9.0,14.0,10.0],"texture":"#ore","cullface":"west","rotation":90},"north":{"uv":[13.0,9.0,14.0,10.0],"texture":"#ore","cullface":"west","rotation":0},"south":{"uv":[13.0,9.0,14.0,10.0],"texture":"#ore","cullface":"west","rotation":0},"west":{"uv":[13.0,9.0,14.0,10.0],"texture":"#ore","cullface":"west","rotation":0}}},{"__comment":"Pixel 0, Up","from":[9.0,16.0,9.0],"to":[11.0,16.6,10.0],"faces":{"up":{"uv":[9.0,9.0,11.0,10.0],"texture":"#ore","cullface":"up","rotation":0},"north":{"uv":[9.0,9.0,11.0,10.0],"texture":"#ore","cullface":"up","rotation":180},"south":{"uv":[9.0,9.0,11.0,10.0],"texture":"#ore","cullface":"up","rotation":0},"west":{"uv":[9.0,9.0,10.0,10.0],"texture":"#ore","cullface":"up","rotation":270},"east":{"uv":[10.0,9.0,11.0,10.0],"texture":"#ore","cullface":"up","rotation":90}}},{"__comment":"Pixel 1, Up","from":[5.0,16.0,13.0],"to":[6.0,16.6,14.0],"faces":{"up":{"uv":[5.0,13.0,6.0,14.0],"texture":"#ore","cullface":"up","rotation":0},"north":{"uv":[5.0,13.0,6.0,14.0],"texture":"#ore","cullface":"up","rotation":180},"south":{"uv":[5.0,13.0,6.0,14.0],"texture":"#ore","cullface":"up","rotation":0},"west":{"uv":[5.0,13.0,6.0,14.0],"texture":"#ore","cullface":"up","rotation":270},"east":{"uv":[5.0,13.0,6.0,14.0],"texture":"#ore","cullface":"up","rotation":90}}},{"__comment":"Pixel 0, Down","from":[9.0,-0.6000000000000014,6.0],"to":[11.0,0.0,7.0],"faces":{"down":{"uv":[9.0,9.0,11.0,10.0],"texture":"#ore","cullface":"down","rotation":0},"north":{"uv":[9.0,9.0,11.0,10.0],"texture":"#ore","cullface":"down","rotation":180},"south":{"uv":[9.0,9.0,11.0,10.0],"texture":"#ore","cullface":"down","rotation":0},"west":{"uv":[9.0,9.0,10.0,10.0],"texture":"#ore","cullface":"down","rotation":90},"east":{"uv":[10.0,9.0,11.0,10.0],"texture":"#ore","cullface":"down","rotation":270}}},{"__comment":"Pixel 1, Down","from":[5.0,-0.6000000000000014,2.0],"to":[6.0,0.0,3.0],"faces":{"down":{"uv":[5.0,13.0,6.0,14.0],"texture":"#ore","cullface":"down","rotation":0},"north":{"uv":[5.0,13.0,6.0,14.0],"texture":"#ore","cullface":"down","rotation":180},"south":{"uv":[5.0,13.0,6.0,14.0],"texture":"#ore","cullface":"down","rotation":0},"west":{"uv":[5.0,13.0,6.0,14.0],"texture":"#ore","cullface":"down","rotation":90},"east":{"uv":[5.0,13.0,6.0,14.0],"texture":"#ore","cullface":"down","rotation":270}}},{"__comment":"Pixel 0, North","from":[5.0,6.0,-0.6000000000000014],"to":[7.0,7.0,0.0],"faces":{"down":{"uv":[9.0,9.0,11.0,10.0],"texture":"#ore","cullface":"north","rotation":180},"up":{"uv":[9.0,9.0,11.0,10.0],"texture":"#ore","cullface":"north","rotation":180},"north":{"uv":[9.0,9.0,11.0,10.0],"texture":"#ore","cullface":"north","rotation":0},"west":{"uv":[10.0,9.0,11.0,10.0],"texture":"#ore","cullface":"north","rotation":0},"east":{"uv":[9.0,9.0,10.0,10.0],"texture":"#ore","cullface":"north","rotation":0}}},{"__comment":"Pixel 1, North","from":[10.0,2.0,-0.6000000000000014],"to":[11.0,3.0,0.0],"faces":{"down":{"uv":[5.0,13.0,6.0,14.0],"texture":"#ore","cullface":"north","rotation":180},"up":{"uv":[5.0,13.0,6.0,14.0],"texture":"#ore","cullface":"north","rotation":180},"north":{"uv":[5.0,13.0,6.0,14.0],"texture":"#ore","cullface":"north","rotation":0},"west":{"uv":[5.0,13.0,6.0,14.0],"texture":"#ore","cullface":"north","rotation":0},"east":{"uv":[5.0,13.0,6.0,14.0],"texture":"#ore","cullface":"north","rotation":0}}},{"__comment":"Pixel 0, East","from":[16.0,6.0,5.0],"to":[16.6,7.0,7.0],"faces":{"down":{"uv":[9.0,9.0,11.0,10.0],"texture":"#ore","cullface":"east","rotation":90},"up":{"uv":[9.0,9.0,11.0,10.0],"texture":"#ore","cullface":"east","rotation":270},"north":{"uv":[10.0,9.0,11.0,10.0],"texture":"#ore","cullface":"east","rotation":0},"south":{"uv":[9.0,9.0,10.0,10.0],"texture":"#ore","cullface":"east","rotation":0},"east":{"uv":[9.0,9.0,11.0,10.0],"texture":"#ore","cullface":"east","rotation":0}}},{"__comment":"Pixel 1, East","from":[16.0,2.0,10.0],"to":[16.6,3.0,11.0],"faces":{"down":{"uv":[5.0,13.0,6.0,14.0],"texture":"#ore","cullface":"east","rotation":90},"up":{"uv":[5.0,13.0,6.0,14.0],"texture":"#ore","cullface":"east","rotation":270},"north":{"uv":[5.0,13.0,6.0,14.0],"texture":"#ore","cullface":"east","rotation":0},"south":{"uv":[5.0,13.0,6.0,14.0],"texture":"#ore","cullface":"east","rotation":0},"east":{"uv":[5.0,13.0,6.0,14.0],"texture":"#ore","cullface":"east","rotation":0}}},{"__comment":"Pixel 0, South","from":[9.0,6.0,16.0],"to":[11.0,7.0,16.6],"faces":{"down":{"uv":[9.0,9.0,11.0,10.0],"texture":"#ore","cullface":"south","rotation":0},"up":{"uv":[9.0,9.0,11.0,10.0],"texture":"#ore","cullface":"south","rotation":0},"south":{"uv":[9.0,9.0,11.0,10.0],"texture":"#ore","cullface":"south","rotation":0},"west":{"uv":[9.0,9.0,10.0,10.0],"texture":"#ore","cullface":"south","rotation":0},"east":{"uv":[10.0,9.0,11.0,10.0],"texture":"#ore","cullface":"south","rotation":0}}},{"__comment":"Pixel 1, South","from":[5.0,2.0,16.0],"to":[6.0,3.0,16.6],"faces":{"down":{"uv":[5.0,13.0,6.0,14.0],"texture":"#ore","cullface":"south","rotation":0},"up":{"uv":[5.0,13.0,6.0,14.0],"texture":"#ore","cullface":"south","rotation":0},"south":{"uv":[5.0,13.0,6.0,14.0],"texture":"#ore","cullface":"south","rotation":0},"west":{"uv":[5.0,13.0,6.0,14.0],"texture":"#ore","cullface":"south","rotation":0},"east":{"uv":[5.0,13.0,6.0,14.0],"texture":"#ore","cullface":"south","rotation":0}}},{"__comment":"Pixel 0, West","from":[-0.6000000000000014,6.0,9.0],"to":[0.0,7.0,11.0],"faces":{"down":{"uv":[9.0,9.0,11.0,10.0],"texture":"#ore","cullface":"west","rotation":270},"up":{"uv":[9.0,9.0,11.0,10.0],"texture":"#ore","cullface":"west","rotation":90},"north":{"uv":[9.0,9.0,10.0,10.0],"texture":"#ore","cullface":"west","rotation":0},"south":{"uv":[10.0,9.0,11.0,10.0],"texture":"#ore","cullface":"west","rotation":0},"west":{"uv":[9.0,9.0,11.0,10.0],"texture":"#ore","cullface":"west","rotation":0}}},{"__comment":"Pixel 1, West","from":[-0.6000000000000014,2.0,5.0],"to":[0.0,3.0,6.0],"faces":{"down":{"uv":[5.0,13.0,6.0,14.0],"texture":"#ore","cullface":"west","rotation":270},"up":{"uv":[5.0,13.0,6.0,14.0],"texture":"#ore","cullface":"west","rotation":90},"north":{"uv":[5.0,13.0,6.0,14.0],"texture":"#ore","cullface":"west","rotation":0},"south":{"uv":[5.0,13.0,6.0,14.0],"texture":"#ore","cullface":"west","rotation":0},"west":{"uv":[5.0,13.0,6.0,14.0],"texture":"#ore","cullface":"west","rotation":0}}}]}