{
  "type": "minecraft:random_patch",
  "config": {
    "tries": 64,
    "xz_spread": 5,
    "y_spread": 1,
    "feature": {
      "feature": {
        "type": "minecraft:simple_block",
        "config": {
          "to_place": {
            "type": "minecraft:simple_state_provider",
            "state": {
              "Name": "minecraft:mossy_cobblestone"
            }
          }
        }
      },
      "placement": [
        {
          "type": "minecraft:block_predicate_filter",
          "predicate": {
            "type": "minecraft:any_of",
            "predicates": [
              {
                "type": "minecraft:all_of",
                "predicates": [
                  {
                    "type": "minecraft:matching_blocks",
                    "blocks": [
                      "minecraft:stone"
                    ]
                  },
                  {
                    "type": "minecraft:any_of",
                    "predicates": [
                      {
                        "type": "minecraft:matching_blocks",
                        "offset": [
                          1,
                          0,
                          0
                        ],
                        "blocks": [
                          "minecraft:air"
                        ]
                      },
                      {
                        "type": "minecraft:matching_blocks",
                        "offset": [
                          -1,
                          0,
                          0
                        ],
                        "blocks": [
                          "minecraft:air"
                        ]
                      },
                      {
                        "type": "minecraft:matching_blocks",
                        "offset": [
                          0,
                          0,
                          1
                        ],
                        "blocks": [
                          "minecraft:air"
                        ]
                      },
                      {
                        "type": "minecraft:matching_blocks",
                        "offset": [
                          0,
                          0,
                          -1
                        ],
                        "blocks": [
                          "minecraft:air"
                        ]
                      },
                      {
                        "type": "minecraft:matching_blocks",
                        "offset": [
                          0,
                          1,
                          0
                        ],
                        "blocks": [
                          "minecraft:air"
                        ]
                      }
                    ]
                  }
                ]
              }
            ]
          }
        }
      ]
    }
  }
}
