{
  "type": "minecraft:random_patch",
  "config": {
    "tries": 128,
    "xz_spread": 3,
    "y_spread": 3,
    "feature": {
      "feature": {
        "type": "minecraft:simple_block",
        "config": {
          "to_place": {
            "type": "minecraft:weighted_state_provider",
            "entries": [
              {
                "weight": 1,
                "data": {
                  "Name": "minecraft:water",
                  "Properties": {
                    "level": "0"
                  }
                }
              },
              {
                "weight": 1,
                "data": {
                  "Name": "minecraft:farmland",
                  "Properties": {
                    "moisture": "7"
                  }
                }
              }
            ]
          }
        }
      },
      "placement": [
        {
          "type": "minecraft:block_predicate_filter",
          "predicate": {
            "type": "minecraft:matching_blocks",
            "offset": [
              0,
              1,
              0
            ],
            "blocks": "minecraft:air"
          }
        },
        {
          "type": "minecraft:block_predicate_filter",
          "predicate": {
            "type": "minecraft:matching_blocks",
            "offset": [
              0,
              0,
              0
            ],
            "blocks": [
              "minecraft:moss_block"
            ]
          }
        },
        {
          "type": "minecraft:block_predicate_filter",
          "predicate": {
            "type": "minecraft:matching_blocks",
            "offset": [
              1,
              0,
              0
            ],
            "blocks": [
              "minecraft:moss_block",
              "minecraft:water",
              "minecraft:farmland"
            ]
          }
        },
        {
          "type": "minecraft:block_predicate_filter",
          "predicate": {
            "type": "minecraft:matching_blocks",
            "offset": [
              -1,
              0,
              0
            ],
            "blocks": [
              "minecraft:moss_block",
              "minecraft:water",
              "minecraft:farmland"
            ]
          }
        },
        {
          "type": "minecraft:block_predicate_filter",
          "predicate": {
            "type": "minecraft:matching_blocks",
            "offset": [
              0,
              0,
              1
            ],
            "blocks": [
              "minecraft:moss_block",
              "minecraft:water",
              "minecraft:farmland"
            ]
          }
        },
        {
          "type": "minecraft:block_predicate_filter",
          "predicate": {
            "type": "minecraft:matching_blocks",
            "offset": [
              0,
              0,
              -1
            ],
            "blocks": [
              "minecraft:moss_block",
              "minecraft:water",
              "minecraft:farmland"
            ]
          }
        }
      ]
    }
  }
}
