{
	"parent": "minecraft:block/glow_lichen_parent",
	"ambientocclusion": false,
	"textures": {
		"particle": "block/cave_crystal18",
		"glow_lichen": "block/cave_crystal18"
	},
	"elements": [
		{
			"from": [-3.25, 8, 0.1],
			"to": [19.25, 8, 16.1],
            		"shade": false,
			"rotation": {"angle": -45, "axis": "z", "origin": [8, 8, 8.1]},
			"faces": {
				"up": {"uv": [0, 0, 16, 16], "rotation": 180, "texture": "#glow_lichen"},
				"down": {"uv": [16, 0, 0, 16], "texture": "#glow_lichen"}
			}
		},
		{
			"from": [8, -3.25, 0.1],
			"to": [8, 19.25, 16.1],
            		"shade": false,
			"rotation": {"angle": -45, "axis": "z", "origin": [8, 8, 8.1]},
			"faces": {
				"east": {"uv": [0, 0, 16, 16], "rotation": 270, "texture": "#glow_lichen"},
				"west": {"uv": [16, 0, 0, 16], "rotation": 90, "texture": "#glow_lichen"}
			}
		}
	]
}