{
	"parent": "minecraft:block/template_orientable_trapdoor_bottom",
	"textures": {
		"particle": "block/mangrove_trapdoor",
		"texture": "block/mangrove_trapdoor"
	},
	"elements": [
		{
			"from": [0, 0, 13],
			"to": [5, 16, 16],
			"faces": {
				"north": {"uv": [0, 0, 5, 16], "rotation": 180, "texture": "#texture"},
				"east": {"uv": [0, 0, 16, 3], "rotation": 90, "texture": "#texture"},
				"south": {"uv": [0, 0, 5, 16], "texture": "#texture"},
				"west": {"uv": [0, 0, 16, 3], "rotation": 270, "texture": "#texture"},
				"up": {"uv": [0, 0, 5, 3], "texture": "#texture"},
				"down": {"uv": [11, 0, 16, 3], "rotation": 180, "texture": "#texture"}
			}
		},
		{
			"from": [5, 0, 13],
			"to": [11, 5, 16],
			"faces": {
				"north": {"uv": [5, 0, 11, 5], "rotation": 180, "texture": "#texture"},
				"south": {"uv": [5, 11, 11, 16], "texture": "#texture"},
				"up": {"uv": [5, 0, 11, 3], "texture": "#texture"},
				"down": {"uv": [5, 0, 11, 3], "rotation": 180, "texture": "#texture"}
			}
		},
		{
			"from": [5, 11, 13],
			"to": [11, 16, 16],
			"faces": {
				"north": {"uv": [5, 11, 11, 16], "rotation": 180, "texture": "#texture"},
				"south": {"uv": [5, 0, 11, 5], "texture": "#texture"},
				"up": {"uv": [5, 0, 11, 3], "texture": "#texture"},
				"down": {"uv": [5, 2, 11, 5], "rotation": 180, "texture": "#texture"}
			}
		},
		{
			"from": [10, 10, 13],
			"to": [11, 11, 16],
			"faces": {
				"north": {"uv": [5, 5, 6, 6], "rotation": 180, "texture": "#texture"},
				"south": {"uv": [5, 5, 6, 6], "texture": "#texture"},
				"west": {"uv": [10, 2, 11, 5], "rotation": 270, "texture": "#texture"},
				"down": {"uv": [5, 2, 6, 5], "rotation": 180, "texture": "#texture"}
			}
		},
		{
			"from": [5, 10, 13],
			"to": [6, 11, 16],
			"faces": {
				"north": {"uv": [5, 5, 6, 6], "rotation": 180, "texture": "#texture"},
				"east": {"uv": [5, 2, 6, 5], "rotation": 90, "texture": "#texture"},
				"south": {"uv": [5, 5, 6, 6], "texture": "#texture"},
				"down": {"uv": [5, 2, 6, 5], "rotation": 180, "texture": "#texture"}
			}
		},
		{
			"from": [5, 5, 13],
			"to": [6, 6, 16],
			"faces": {
				"north": {"uv": [5, 5, 6, 6], "rotation": 180, "texture": "#texture"},
				"east": {"uv": [5, 2, 6, 5], "rotation": 90, "texture": "#texture"},
				"south": {"uv": [5, 5, 6, 6], "texture": "#texture"},
				"up": {"uv": [10, 2, 11, 5], "texture": "#texture"}
			}
		},
		{
			"from": [10, 5, 13],
			"to": [11, 6, 16],
			"faces": {
				"north": {"uv": [5, 5, 6, 6], "rotation": 180, "texture": "#texture"},
				"south": {"uv": [5, 5, 6, 6], "texture": "#texture"},
				"west": {"uv": [10, 2, 11, 5], "rotation": 270, "texture": "#texture"},
				"up": {"uv": [5, 2, 6, 5], "texture": "#texture"}
			}
		},
		{
			"from": [11, 0, 13],
			"to": [16, 16, 16],
			"faces": {
				"north": {"uv": [11, 0, 16, 16], "rotation": 180, "texture": "#texture"},
				"east": {"uv": [0, 0, 16, 3], "rotation": 90, "texture": "#texture"},
				"south": {"uv": [11, 0, 16, 16], "texture": "#texture"},
				"west": {"uv": [0, 0, 16, 3], "rotation": 270, "texture": "#texture"},
				"up": {"uv": [11, 0, 16, 3], "texture": "#texture"},
				"down": {"uv": [0, 0, 5, 3], "rotation": 180, "texture": "#texture"}
			}
		}
	]
}