{
	"type": "minecraft:fishing",
	"pools": [
		{
			"rolls": 1,
			"bonus_rolls": 0,
			"entries": [
				{
					"type": "minecraft:item",
					"name": "minecraft:emerald",
					"functions": [
						{
							"function": "minecraft:set_count",
							"count": {
								"min": 1,
								"max": 8
							},
							"add": false
						}
					]
				},
				{
					"type": "minecraft:item",
					"name": "minecraft:diamond",
					"functions": [
						{
							"function": "minecraft:set_count",
							"count": {
								"min": 1,
								"max": 5
							},
							"add": false
						}
					]
				},
				{
					"type": "minecraft:item",
					"name": "minecraft:book",
					"functions": [
						{
							"function": "minecraft:enchant_with_levels",
							"levels": 40,
							"treasure": true
						}
					]
				},
				{
					"type": "minecraft:item",
					"name": "minecraft:barrel",
					"functions": [
						{
							"function": "minecraft:set_loot_table",
							"type": "minecraft:barrel",
							"name": "minecraft:chests/end_city_treasure"
						},
						{
							"function": "minecraft:set_name",
							"entity": "this",
							"name": {
								"translate": "Ender Crate",
								"color": "#B978C6",
								"italic": false
							}
						},
						{
							"function": "minecraft:set_lore",
							"entity": "this",
							"lore": [
								{
									"translate": "Place and open!",
									"color": "#EEEEEE",
									"italic": false
								}
							]
						}
					]
				}
			]
		}
	]
}
