[
    {
        "function": "minecraft:set_nbt",
        "tag": "{Fists:2b}"
    },
    {
        "function": "minecraft:set_lore",
        "entity": "this",
        "lore": [
            [
                {
                    "text": "Stone Fists II",
                    "color": "dark_gray",
                    "italic": false
                }
            ]
        ],
        "replace": false
    },
    {
        "function": "minecraft:set_attributes",
        "modifiers": [
            {
                "attribute": "minecraft:generic.attack_damage",
                "name": "enchantmentplus:generic.attack_damage",
                "amount": 6,
                "operation": "addition",
                "slot": "chest"
            }
        ]
    }
]