[
    {
        "condition": "minecraft:inverted",
        "term": {
            "condition": "minecraft:location_check",
            "predicate": {
                "block": {
                    "nbt": "{Items:[{Slot:15b}]}"
                }
            }
        }
    },
    {
        "condition": "minecraft:inverted",
        "term": {
            "condition": "minecraft:entity_properties",
            "entity": "this",
            "predicate": {
                "nbt": "{Tags:[\"enchantmentplus_displaying\"]}"
            }
        }
    },
    {
        "condition": "minecraft:inverted",
        "term": {
            "condition": "minecraft:entity_scores",
            "entity": "this",
            "scores": {
                "ENCHRecipeId": 5000
            }
        }
    },
    {
        "condition": "minecraft:reference",
        "name": "enchantmentplus:recipes/empty_slots/all"
    },
    {
        "condition": "minecraft:alternative",
        "terms": [
            {
                "condition": "minecraft:reference",
                "name": "enchantmentplus:recipes/vanilla/item/bane_of_arthropods"
            },
            {
                "condition": "minecraft:reference",
                "name": "enchantmentplus:recipes/vanilla/item/blast_protection"
            },
            {
                "condition": "minecraft:reference",
                "name": "enchantmentplus:recipes/vanilla/item/efficiency"
            },
            {
                "condition": "minecraft:reference",
                "name": "enchantmentplus:recipes/vanilla/item/feather_falling"
            },
            {
                "condition": "minecraft:reference",
                "name": "enchantmentplus:recipes/vanilla/item/fire_aspect"
            },
            {
                "condition": "minecraft:reference",
                "name": "enchantmentplus:recipes/vanilla/item/fire_protection"
            },
            {
                "condition": "minecraft:reference",
                "name": "enchantmentplus:recipes/vanilla/item/fortune"
            },
            {
                "condition": "minecraft:reference",
                "name": "enchantmentplus:recipes/vanilla/item/frost_walker"
            },
            {
                "condition": "minecraft:reference",
                "name": "enchantmentplus:recipes/vanilla/item/impaling"
            },
            {
                "condition": "minecraft:reference",
                "name": "enchantmentplus:recipes/vanilla/item/knockback"
            },
            {
                "condition": "minecraft:reference",
                "name": "enchantmentplus:recipes/vanilla/item/looting"
            },
            {
                "condition": "minecraft:reference",
                "name": "enchantmentplus:recipes/vanilla/item/loyalty"
            },
            {
                "condition": "minecraft:reference",
                "name": "enchantmentplus:recipes/vanilla/item/luck_of_the_sea"
            },
            {
                "condition": "minecraft:reference",
                "name": "enchantmentplus:recipes/vanilla/item/piercing"
            },
            {
                "condition": "minecraft:reference",
                "name": "enchantmentplus:recipes/vanilla/item/power"
            },
            {
                "condition": "minecraft:reference",
                "name": "enchantmentplus:recipes/vanilla/item/projectile_protection"
            },
            {
                "condition": "minecraft:reference",
                "name": "enchantmentplus:recipes/vanilla/item/protection"
            },
            {
                "condition": "minecraft:reference",
                "name": "enchantmentplus:recipes/vanilla/item/punch"
            },
            {
                "condition": "minecraft:reference",
                "name": "enchantmentplus:recipes/vanilla/item/quick_charge"
            },
            {
                "condition": "minecraft:reference",
                "name": "enchantmentplus:recipes/vanilla/item/respiration"
            },
            {
                "condition": "minecraft:reference",
                "name": "enchantmentplus:recipes/vanilla/item/riptide"
            },
            {
                "condition": "minecraft:reference",
                "name": "enchantmentplus:recipes/vanilla/item/sharpness"
            },
            {
                "condition": "minecraft:reference",
                "name": "enchantmentplus:recipes/vanilla/item/smite"
            },
            {
                "condition": "minecraft:reference",
                "name": "enchantmentplus:recipes/vanilla/item/soul_speed"
            },
            {
                "condition": "minecraft:reference",
                "name": "enchantmentplus:recipes/vanilla/item/sweeping_edge"
            },
            {
                "condition": "minecraft:reference",
                "name": "enchantmentplus:recipes/vanilla/item/swift_sneak"
            },
            {
                "condition": "minecraft:reference",
                "name": "enchantmentplus:recipes/vanilla/item/thorns"
            },
            {
                "condition": "minecraft:reference",
                "name": "enchantmentplus:recipes/vanilla/item/unbreaking"
            }
        ]
    }
]