[
    {
        "condition": "minecraft:alternative",
        "terms": [
            {
                "condition": "minecraft:reference",
                "name": "enchantmentplus:recipes/tools/swords"
            },
            {
                "condition": "minecraft:reference",
                "name": "enchantmentplus:recipes/tools/axes"
            }
        ]
    },
    {
        "condition": "minecraft:inverted",
        "term": {
            "condition": "minecraft:location_check",
            "predicate": {
                "block": {
                    "nbt": "{Items:[{Slot:11b,tag:{Enchantments:[{id:\"minecraft:smite\"}]}}]}"
                }
            }
        }
    },
    {
        "condition": "minecraft:inverted",
        "term": {
            "condition": "minecraft:location_check",
            "predicate": {
                "block": {
                    "nbt": "{Items:[{Slot:11b,tag:{Enchantments:[{id:\"minecraft:sharpness\"}]}}]}"
                }
            }
        }
    },
    {
        "condition": "minecraft:alternative",
        "terms": [
            {
                "condition": "minecraft:location_check",
                "predicate": {
                    "block": {
                        "nbt": "{Items:[{tag:{StoredEnchantments:[{id:\"minecraft:bane_of_arthropods\",lvl:5s}]}}]}"
                    }
                }
            },
            {
                "condition": "minecraft:location_check",
                "predicate": {
                    "block": {
                        "nbt": "{Items:[{tag:{StoredEnchantments:[{id:\"minecraft:bane_of_arthropods\",lvl:6s}]}}]}"
                    }
                }
            },
            {
                "condition": "minecraft:location_check",
                "predicate": {
                    "block": {
                        "nbt": "{Items:[{tag:{StoredEnchantments:[{id:\"minecraft:bane_of_arthropods\",lvl:7s}]}}]}"
                    }
                }
            },
            {
                "condition": "minecraft:location_check",
                "predicate": {
                    "block": {
                        "nbt": "{Items:[{tag:{StoredEnchantments:[{id:\"minecraft:bane_of_arthropods\",lvl:8s}]}}]}"
                    }
                }
            },
            {
                "condition": "minecraft:location_check",
                "predicate": {
                    "block": {
                        "nbt": "{Items:[{tag:{StoredEnchantments:[{id:\"minecraft:bane_of_arthropods\",lvl:9s}]}}]}"
                    }
                }
            },
            {
                "condition": "minecraft:location_check",
                "predicate": {
                    "block": {
                        "nbt": "{Items:[{tag:{StoredEnchantments:[{id:\"minecraft:bane_of_arthropods\",lvl:10s}]}}]}"
                    }
                }
            }
        ]
    },
    {
        "condition": "minecraft:inverted",
        "term": {
            "condition": "minecraft:location_check",
            "predicate": {
                "block": {
                    "nbt": "{Items:[{tag:{StoredEnchantments:[{id:\"minecraft:bane_of_arthropods\",lvl:5s}]}},{Slot:11b,tag:{Enchantments:[{id:\"minecraft:bane_of_arthropods\",lvl:6s}]}}]}"
                }
            }
        }
    },
    {
        "condition": "minecraft:inverted",
        "term": {
            "condition": "minecraft:location_check",
            "predicate": {
                "block": {
                    "nbt": "{Items:[{tag:{StoredEnchantments:[{id:\"minecraft:bane_of_arthropods\",lvl:5s}]}},{Slot:11b,tag:{Enchantments:[{id:\"minecraft:bane_of_arthropods\",lvl:7s}]}}]}"
                }
            }
        }
    },
    {
        "condition": "minecraft:inverted",
        "term": {
            "condition": "minecraft:location_check",
            "predicate": {
                "block": {
                    "nbt": "{Items:[{tag:{StoredEnchantments:[{id:\"minecraft:bane_of_arthropods\",lvl:5s}]}},{Slot:11b,tag:{Enchantments:[{id:\"minecraft:bane_of_arthropods\",lvl:8s}]}}]}"
                }
            }
        }
    },
    {
        "condition": "minecraft:inverted",
        "term": {
            "condition": "minecraft:location_check",
            "predicate": {
                "block": {
                    "nbt": "{Items:[{tag:{StoredEnchantments:[{id:\"minecraft:bane_of_arthropods\",lvl:5s}]}},{Slot:11b,tag:{Enchantments:[{id:\"minecraft:bane_of_arthropods\",lvl:9s}]}}]}"
                }
            }
        }
    },
    {
        "condition": "minecraft:inverted",
        "term": {
            "condition": "minecraft:location_check",
            "predicate": {
                "block": {
                    "nbt": "{Items:[{tag:{StoredEnchantments:[{id:\"minecraft:bane_of_arthropods\",lvl:5s}]}},{Slot:11b,tag:{Enchantments:[{id:\"minecraft:bane_of_arthropods\",lvl:10s}]}}]}"
                }
            }
        }
    },
    {
        "condition": "minecraft:inverted",
        "term": {
            "condition": "minecraft:location_check",
            "predicate": {
                "block": {
                    "nbt": "{Items:[{tag:{StoredEnchantments:[{id:\"minecraft:bane_of_arthropods\",lvl:6s}]}},{Slot:11b,tag:{Enchantments:[{id:\"minecraft:bane_of_arthropods\",lvl:7s}]}}]}"
                }
            }
        }
    },
    {
        "condition": "minecraft:inverted",
        "term": {
            "condition": "minecraft:location_check",
            "predicate": {
                "block": {
                    "nbt": "{Items:[{tag:{StoredEnchantments:[{id:\"minecraft:bane_of_arthropods\",lvl:6s}]}},{Slot:11b,tag:{Enchantments:[{id:\"minecraft:bane_of_arthropods\",lvl:8s}]}}]}"
                }
            }
        }
    },
    {
        "condition": "minecraft:inverted",
        "term": {
            "condition": "minecraft:location_check",
            "predicate": {
                "block": {
                    "nbt": "{Items:[{tag:{StoredEnchantments:[{id:\"minecraft:bane_of_arthropods\",lvl:6s}]}},{Slot:11b,tag:{Enchantments:[{id:\"minecraft:bane_of_arthropods\",lvl:9s}]}}]}"
                }
            }
        }
    },
    {
        "condition": "minecraft:inverted",
        "term": {
            "condition": "minecraft:location_check",
            "predicate": {
                "block": {
                    "nbt": "{Items:[{tag:{StoredEnchantments:[{id:\"minecraft:bane_of_arthropods\",lvl:6s}]}},{Slot:11b,tag:{Enchantments:[{id:\"minecraft:bane_of_arthropods\",lvl:10s}]}}]}"
                }
            }
        }
    },
    {
        "condition": "minecraft:inverted",
        "term": {
            "condition": "minecraft:location_check",
            "predicate": {
                "block": {
                    "nbt": "{Items:[{tag:{StoredEnchantments:[{id:\"minecraft:bane_of_arthropods\",lvl:7s}]}},{Slot:11b,tag:{Enchantments:[{id:\"minecraft:bane_of_arthropods\",lvl:8s}]}}]}"
                }
            }
        }
    },
    {
        "condition": "minecraft:inverted",
        "term": {
            "condition": "minecraft:location_check",
            "predicate": {
                "block": {
                    "nbt": "{Items:[{tag:{StoredEnchantments:[{id:\"minecraft:bane_of_arthropods\",lvl:7s}]}},{Slot:11b,tag:{Enchantments:[{id:\"minecraft:bane_of_arthropods\",lvl:9s}]}}]}"
                }
            }
        }
    },
    {
        "condition": "minecraft:inverted",
        "term": {
            "condition": "minecraft:location_check",
            "predicate": {
                "block": {
                    "nbt": "{Items:[{tag:{StoredEnchantments:[{id:\"minecraft:bane_of_arthropods\",lvl:7s}]}},{Slot:11b,tag:{Enchantments:[{id:\"minecraft:bane_of_arthropods\",lvl:10s}]}}]}"
                }
            }
        }
    },
    {
        "condition": "minecraft:inverted",
        "term": {
            "condition": "minecraft:location_check",
            "predicate": {
                "block": {
                    "nbt": "{Items:[{tag:{StoredEnchantments:[{id:\"minecraft:bane_of_arthropods\",lvl:8s}]}},{Slot:11b,tag:{Enchantments:[{id:\"minecraft:bane_of_arthropods\",lvl:9s}]}}]}"
                }
            }
        }
    },
    {
        "condition": "minecraft:inverted",
        "term": {
            "condition": "minecraft:location_check",
            "predicate": {
                "block": {
                    "nbt": "{Items:[{tag:{StoredEnchantments:[{id:\"minecraft:bane_of_arthropods\",lvl:8s}]}},{Slot:11b,tag:{Enchantments:[{id:\"minecraft:bane_of_arthropods\",lvl:10s}]}}]}"
                }
            }
        }
    },
    {
        "condition": "minecraft:inverted",
        "term": {
            "condition": "minecraft:location_check",
            "predicate": {
                "block": {
                    "nbt": "{Items:[{tag:{StoredEnchantments:[{id:\"minecraft:bane_of_arthropods\",lvl:9s}]}},{Slot:11b,tag:{Enchantments:[{id:\"minecraft:bane_of_arthropods\",lvl:10s}]}}]}"
                }
            }
        }
    }
]