[
    {
        "condition": "minecraft:alternative",
        "terms": [
            {
                "condition": "minecraft:reference",
                "name": "enchantmentplus:recipes/gears/head_turtle"
            },
            {
                "condition": "minecraft:reference",
                "name": "enchantmentplus:recipes/gears/chest"
            },
            {
                "condition": "minecraft:reference",
                "name": "enchantmentplus:recipes/gears/legs"
            },
            {
                "condition": "minecraft:reference",
                "name": "enchantmentplus:recipes/gears/feet"
            }
        ]
    },
    {
        "condition": "minecraft:inverted",
        "term": {
            "condition": "minecraft:location_check",
            "predicate": {
                "block": {
                    "nbt": "{Items:[{Slot:11b,tag:{Enchantments:[{id:\"minecraft:fire_protection\",lvl:10s}]}}]}"
                }
            }
        }
    },
    {
        "condition": "minecraft:inverted",
        "term": {
            "condition": "minecraft:location_check",
            "predicate": {
                "block": {
                    "nbt": "{Items:[{Slot:11b,tag:{Enchantments:[{id:\"minecraft:protection\"}]}}]}"
                }
            }
        }
    },
    {
        "condition": "minecraft:inverted",
        "term": {
            "condition": "minecraft:location_check",
            "predicate": {
                "block": {
                    "nbt": "{Items:[{Slot:11b,tag:{Enchantments:[{id:\"minecraft:blast_protection\"}]}}]}"
                }
            }
        }
    },
    {
        "condition": "minecraft:inverted",
        "term": {
            "condition": "minecraft:location_check",
            "predicate": {
                "block": {
                    "nbt": "{Items:[{Slot:11b,tag:{Enchantments:[{id:\"minecraft:projectile_protection\"}]}}]}"
                }
            }
        }
    },
    {
        "condition": "minecraft:alternative",
        "terms": [
            {
                "condition": "minecraft:location_check",
                "predicate": {
                    "block": {
                        "nbt": "{Items:[{tag:{StoredEnchantments:[{id:\"minecraft:fire_protection\",lvl:4s}]}}]}"
                    }
                }
            },
            {
                "condition": "minecraft:location_check",
                "predicate": {
                    "block": {
                        "nbt": "{Items:[{tag:{StoredEnchantments:[{id:\"minecraft:fire_protection\",lvl:5s}]}}]}"
                    }
                }
            },
            {
                "condition": "minecraft:location_check",
                "predicate": {
                    "block": {
                        "nbt": "{Items:[{tag:{StoredEnchantments:[{id:\"minecraft:fire_protection\",lvl:6s}]}}]}"
                    }
                }
            },
            {
                "condition": "minecraft:location_check",
                "predicate": {
                    "block": {
                        "nbt": "{Items:[{tag:{StoredEnchantments:[{id:\"minecraft:fire_protection\",lvl:7s}]}}]}"
                    }
                }
            },
            {
                "condition": "minecraft:location_check",
                "predicate": {
                    "block": {
                        "nbt": "{Items:[{tag:{StoredEnchantments:[{id:\"minecraft:fire_protection\",lvl:8s}]}}]}"
                    }
                }
            },
            {
                "condition": "minecraft:location_check",
                "predicate": {
                    "block": {
                        "nbt": "{Items:[{tag:{StoredEnchantments:[{id:\"minecraft:fire_protection\",lvl:9s}]}}]}"
                    }
                }
            },
            {
                "condition": "minecraft:location_check",
                "predicate": {
                    "block": {
                        "nbt": "{Items:[{tag:{StoredEnchantments:[{id:\"minecraft:fire_protection\",lvl:10s}]}}]}"
                    }
                }
            }
        ]
    },
    {
        "condition": "minecraft:inverted",
        "term": {
            "condition": "minecraft:location_check",
            "predicate": {
                "block": {
                    "nbt": "{Items:[{tag:{StoredEnchantments:[{id:\"minecraft:fire_protection\",lvl:4s}]}},{Slot:11b,tag:{Enchantments:[{id:\"minecraft:fire_protection\",lvl:5s}]}}]}"
                }
            }
        }
    },
    {
        "condition": "minecraft:inverted",
        "term": {
            "condition": "minecraft:location_check",
            "predicate": {
                "block": {
                    "nbt": "{Items:[{tag:{StoredEnchantments:[{id:\"minecraft:fire_protection\",lvl:4s}]}},{Slot:11b,tag:{Enchantments:[{id:\"minecraft:fire_protection\",lvl:6s}]}}]}"
                }
            }
        }
    },
    {
        "condition": "minecraft:inverted",
        "term": {
            "condition": "minecraft:location_check",
            "predicate": {
                "block": {
                    "nbt": "{Items:[{tag:{StoredEnchantments:[{id:\"minecraft:fire_protection\",lvl:4s}]}},{Slot:11b,tag:{Enchantments:[{id:\"minecraft:fire_protection\",lvl:7s}]}}]}"
                }
            }
        }
    },
    {
        "condition": "minecraft:inverted",
        "term": {
            "condition": "minecraft:location_check",
            "predicate": {
                "block": {
                    "nbt": "{Items:[{tag:{StoredEnchantments:[{id:\"minecraft:fire_protection\",lvl:4s}]}},{Slot:11b,tag:{Enchantments:[{id:\"minecraft:fire_protection\",lvl:8s}]}}]}"
                }
            }
        }
    },
    {
        "condition": "minecraft:inverted",
        "term": {
            "condition": "minecraft:location_check",
            "predicate": {
                "block": {
                    "nbt": "{Items:[{tag:{StoredEnchantments:[{id:\"minecraft:fire_protection\",lvl:4s}]}},{Slot:11b,tag:{Enchantments:[{id:\"minecraft:fire_protection\",lvl:9s}]}}]}"
                }
            }
        }
    },
    {
        "condition": "minecraft:inverted",
        "term": {
            "condition": "minecraft:location_check",
            "predicate": {
                "block": {
                    "nbt": "{Items:[{tag:{StoredEnchantments:[{id:\"minecraft:fire_protection\",lvl:4s}]}},{Slot:11b,tag:{Enchantments:[{id:\"minecraft:fire_protection\",lvl:10s}]}}]}"
                }
            }
        }
    },
    {
        "condition": "minecraft:inverted",
        "term": {
            "condition": "minecraft:location_check",
            "predicate": {
                "block": {
                    "nbt": "{Items:[{tag:{StoredEnchantments:[{id:\"minecraft:fire_protection\",lvl:5s}]}},{Slot:11b,tag:{Enchantments:[{id:\"minecraft:fire_protection\",lvl:6s}]}}]}"
                }
            }
        }
    },
    {
        "condition": "minecraft:inverted",
        "term": {
            "condition": "minecraft:location_check",
            "predicate": {
                "block": {
                    "nbt": "{Items:[{tag:{StoredEnchantments:[{id:\"minecraft:fire_protection\",lvl:5s}]}},{Slot:11b,tag:{Enchantments:[{id:\"minecraft:fire_protection\",lvl:7s}]}}]}"
                }
            }
        }
    },
    {
        "condition": "minecraft:inverted",
        "term": {
            "condition": "minecraft:location_check",
            "predicate": {
                "block": {
                    "nbt": "{Items:[{tag:{StoredEnchantments:[{id:\"minecraft:fire_protection\",lvl:5s}]}},{Slot:11b,tag:{Enchantments:[{id:\"minecraft:fire_protection\",lvl:8s}]}}]}"
                }
            }
        }
    },
    {
        "condition": "minecraft:inverted",
        "term": {
            "condition": "minecraft:location_check",
            "predicate": {
                "block": {
                    "nbt": "{Items:[{tag:{StoredEnchantments:[{id:\"minecraft:fire_protection\",lvl:5s}]}},{Slot:11b,tag:{Enchantments:[{id:\"minecraft:fire_protection\",lvl:9s}]}}]}"
                }
            }
        }
    },
    {
        "condition": "minecraft:inverted",
        "term": {
            "condition": "minecraft:location_check",
            "predicate": {
                "block": {
                    "nbt": "{Items:[{tag:{StoredEnchantments:[{id:\"minecraft:fire_protection\",lvl:5s}]}},{Slot:11b,tag:{Enchantments:[{id:\"minecraft:fire_protection\",lvl:10s}]}}]}"
                }
            }
        }
    },
    {
        "condition": "minecraft:inverted",
        "term": {
            "condition": "minecraft:location_check",
            "predicate": {
                "block": {
                    "nbt": "{Items:[{tag:{StoredEnchantments:[{id:\"minecraft:fire_protection\",lvl:6s}]}},{Slot:11b,tag:{Enchantments:[{id:\"minecraft:fire_protection\",lvl:7s}]}}]}"
                }
            }
        }
    },
    {
        "condition": "minecraft:inverted",
        "term": {
            "condition": "minecraft:location_check",
            "predicate": {
                "block": {
                    "nbt": "{Items:[{tag:{StoredEnchantments:[{id:\"minecraft:fire_protection\",lvl:6s}]}},{Slot:11b,tag:{Enchantments:[{id:\"minecraft:fire_protection\",lvl:8s}]}}]}"
                }
            }
        }
    },
    {
        "condition": "minecraft:inverted",
        "term": {
            "condition": "minecraft:location_check",
            "predicate": {
                "block": {
                    "nbt": "{Items:[{tag:{StoredEnchantments:[{id:\"minecraft:fire_protection\",lvl:6s}]}},{Slot:11b,tag:{Enchantments:[{id:\"minecraft:fire_protection\",lvl:9s}]}}]}"
                }
            }
        }
    },
    {
        "condition": "minecraft:inverted",
        "term": {
            "condition": "minecraft:location_check",
            "predicate": {
                "block": {
                    "nbt": "{Items:[{tag:{StoredEnchantments:[{id:\"minecraft:fire_protection\",lvl:6s}]}},{Slot:11b,tag:{Enchantments:[{id:\"minecraft:fire_protection\",lvl:10s}]}}]}"
                }
            }
        }
    },
    {
        "condition": "minecraft:inverted",
        "term": {
            "condition": "minecraft:location_check",
            "predicate": {
                "block": {
                    "nbt": "{Items:[{tag:{StoredEnchantments:[{id:\"minecraft:fire_protection\",lvl:7s}]}},{Slot:11b,tag:{Enchantments:[{id:\"minecraft:fire_protection\",lvl:8s}]}}]}"
                }
            }
        }
    },
    {
        "condition": "minecraft:inverted",
        "term": {
            "condition": "minecraft:location_check",
            "predicate": {
                "block": {
                    "nbt": "{Items:[{tag:{StoredEnchantments:[{id:\"minecraft:fire_protection\",lvl:7s}]}},{Slot:11b,tag:{Enchantments:[{id:\"minecraft:fire_protection\",lvl:9s}]}}]}"
                }
            }
        }
    },
    {
        "condition": "minecraft:inverted",
        "term": {
            "condition": "minecraft:location_check",
            "predicate": {
                "block": {
                    "nbt": "{Items:[{tag:{StoredEnchantments:[{id:\"minecraft:fire_protection\",lvl:7s}]}},{Slot:11b,tag:{Enchantments:[{id:\"minecraft:fire_protection\",lvl:10s}]}}]}"
                }
            }
        }
    },
    {
        "condition": "minecraft:inverted",
        "term": {
            "condition": "minecraft:location_check",
            "predicate": {
                "block": {
                    "nbt": "{Items:[{tag:{StoredEnchantments:[{id:\"minecraft:fire_protection\",lvl:8s}]}},{Slot:11b,tag:{Enchantments:[{id:\"minecraft:fire_protection\",lvl:9s}]}}]}"
                }
            }
        }
    },
    {
        "condition": "minecraft:inverted",
        "term": {
            "condition": "minecraft:location_check",
            "predicate": {
                "block": {
                    "nbt": "{Items:[{tag:{StoredEnchantments:[{id:\"minecraft:fire_protection\",lvl:8s}]}},{Slot:11b,tag:{Enchantments:[{id:\"minecraft:fire_protection\",lvl:10s}]}}]}"
                }
            }
        }
    },
    {
        "condition": "minecraft:inverted",
        "term": {
            "condition": "minecraft:location_check",
            "predicate": {
                "block": {
                    "nbt": "{Items:[{tag:{StoredEnchantments:[{id:\"minecraft:fire_protection\",lvl:9s}]}},{Slot:11b,tag:{Enchantments:[{id:\"minecraft:fire_protection\",lvl:10s}]}}]}"
                }
            }
        }
    }
]