[
    {
        "condition": "minecraft:location_check",
        "predicate": {
            "block": {
                "nbt": "{Items:[{Slot:11b,id:\"minecraft:trident\"}]}"
            }
        }
    },
    {
        "condition": "minecraft:inverted",
        "term": {
            "condition": "minecraft:location_check",
            "predicate": {
                "block": {
                    "nbt": "{Items:[{Slot:11b,tag:{Enchantments:[{id:\"minecraft:impaling\",lvl:10s}]}}]}"
                }
            }
        }
    },
    {
        "condition": "minecraft:alternative",
        "terms": [
            {
                "condition": "minecraft:location_check",
                "predicate": {
                    "block": {
                        "nbt": "{Items:[{tag:{StoredEnchantments:[{id:\"minecraft:impaling\",lvl:5s}]}}]}"
                    }
                }
            },
            {
                "condition": "minecraft:location_check",
                "predicate": {
                    "block": {
                        "nbt": "{Items:[{tag:{StoredEnchantments:[{id:\"minecraft:impaling\",lvl:6s}]}}]}"
                    }
                }
            },
            {
                "condition": "minecraft:location_check",
                "predicate": {
                    "block": {
                        "nbt": "{Items:[{tag:{StoredEnchantments:[{id:\"minecraft:impaling\",lvl:7s}]}}]}"
                    }
                }
            },
            {
                "condition": "minecraft:location_check",
                "predicate": {
                    "block": {
                        "nbt": "{Items:[{tag:{StoredEnchantments:[{id:\"minecraft:impaling\",lvl:8s}]}}]}"
                    }
                }
            },
            {
                "condition": "minecraft:location_check",
                "predicate": {
                    "block": {
                        "nbt": "{Items:[{tag:{StoredEnchantments:[{id:\"minecraft:impaling\",lvl:9s}]}}]}"
                    }
                }
            },
            {
                "condition": "minecraft:location_check",
                "predicate": {
                    "block": {
                        "nbt": "{Items:[{tag:{StoredEnchantments:[{id:\"minecraft:impaling\",lvl:10s}]}}]}"
                    }
                }
            }
        ]
    },
    {
        "condition": "minecraft:inverted",
        "term": {
            "condition": "minecraft:location_check",
            "predicate": {
                "block": {
                    "nbt": "{Items:[{tag:{StoredEnchantments:[{id:\"minecraft:impaling\",lvl:5s}]}},{Slot:11b,tag:{Enchantments:[{id:\"minecraft:impaling\",lvl:6s}]}}]}"
                }
            }
        }
    },
    {
        "condition": "minecraft:inverted",
        "term": {
            "condition": "minecraft:location_check",
            "predicate": {
                "block": {
                    "nbt": "{Items:[{tag:{StoredEnchantments:[{id:\"minecraft:impaling\",lvl:5s}]}},{Slot:11b,tag:{Enchantments:[{id:\"minecraft:impaling\",lvl:7s}]}}]}"
                }
            }
        }
    },
    {
        "condition": "minecraft:inverted",
        "term": {
            "condition": "minecraft:location_check",
            "predicate": {
                "block": {
                    "nbt": "{Items:[{tag:{StoredEnchantments:[{id:\"minecraft:impaling\",lvl:5s}]}},{Slot:11b,tag:{Enchantments:[{id:\"minecraft:impaling\",lvl:8s}]}}]}"
                }
            }
        }
    },
    {
        "condition": "minecraft:inverted",
        "term": {
            "condition": "minecraft:location_check",
            "predicate": {
                "block": {
                    "nbt": "{Items:[{tag:{StoredEnchantments:[{id:\"minecraft:impaling\",lvl:5s}]}},{Slot:11b,tag:{Enchantments:[{id:\"minecraft:impaling\",lvl:9s}]}}]}"
                }
            }
        }
    },
    {
        "condition": "minecraft:inverted",
        "term": {
            "condition": "minecraft:location_check",
            "predicate": {
                "block": {
                    "nbt": "{Items:[{tag:{StoredEnchantments:[{id:\"minecraft:impaling\",lvl:5s}]}},{Slot:11b,tag:{Enchantments:[{id:\"minecraft:impaling\",lvl:10s}]}}]}"
                }
            }
        }
    },
    {
        "condition": "minecraft:inverted",
        "term": {
            "condition": "minecraft:location_check",
            "predicate": {
                "block": {
                    "nbt": "{Items:[{tag:{StoredEnchantments:[{id:\"minecraft:impaling\",lvl:6s}]}},{Slot:11b,tag:{Enchantments:[{id:\"minecraft:impaling\",lvl:7s}]}}]}"
                }
            }
        }
    },
    {
        "condition": "minecraft:inverted",
        "term": {
            "condition": "minecraft:location_check",
            "predicate": {
                "block": {
                    "nbt": "{Items:[{tag:{StoredEnchantments:[{id:\"minecraft:impaling\",lvl:6s}]}},{Slot:11b,tag:{Enchantments:[{id:\"minecraft:impaling\",lvl:8s}]}}]}"
                }
            }
        }
    },
    {
        "condition": "minecraft:inverted",
        "term": {
            "condition": "minecraft:location_check",
            "predicate": {
                "block": {
                    "nbt": "{Items:[{tag:{StoredEnchantments:[{id:\"minecraft:impaling\",lvl:6s}]}},{Slot:11b,tag:{Enchantments:[{id:\"minecraft:impaling\",lvl:9s}]}}]}"
                }
            }
        }
    },
    {
        "condition": "minecraft:inverted",
        "term": {
            "condition": "minecraft:location_check",
            "predicate": {
                "block": {
                    "nbt": "{Items:[{tag:{StoredEnchantments:[{id:\"minecraft:impaling\",lvl:6s}]}},{Slot:11b,tag:{Enchantments:[{id:\"minecraft:impaling\",lvl:10s}]}}]}"
                }
            }
        }
    },
    {
        "condition": "minecraft:inverted",
        "term": {
            "condition": "minecraft:location_check",
            "predicate": {
                "block": {
                    "nbt": "{Items:[{tag:{StoredEnchantments:[{id:\"minecraft:impaling\",lvl:7s}]}},{Slot:11b,tag:{Enchantments:[{id:\"minecraft:impaling\",lvl:8s}]}}]}"
                }
            }
        }
    },
    {
        "condition": "minecraft:inverted",
        "term": {
            "condition": "minecraft:location_check",
            "predicate": {
                "block": {
                    "nbt": "{Items:[{tag:{StoredEnchantments:[{id:\"minecraft:impaling\",lvl:7s}]}},{Slot:11b,tag:{Enchantments:[{id:\"minecraft:impaling\",lvl:9s}]}}]}"
                }
            }
        }
    },
    {
        "condition": "minecraft:inverted",
        "term": {
            "condition": "minecraft:location_check",
            "predicate": {
                "block": {
                    "nbt": "{Items:[{tag:{StoredEnchantments:[{id:\"minecraft:impaling\",lvl:7s}]}},{Slot:11b,tag:{Enchantments:[{id:\"minecraft:impaling\",lvl:10s}]}}]}"
                }
            }
        }
    },
    {
        "condition": "minecraft:inverted",
        "term": {
            "condition": "minecraft:location_check",
            "predicate": {
                "block": {
                    "nbt": "{Items:[{tag:{StoredEnchantments:[{id:\"minecraft:impaling\",lvl:8s}]}},{Slot:11b,tag:{Enchantments:[{id:\"minecraft:impaling\",lvl:9s}]}}]}"
                }
            }
        }
    },
    {
        "condition": "minecraft:inverted",
        "term": {
            "condition": "minecraft:location_check",
            "predicate": {
                "block": {
                    "nbt": "{Items:[{tag:{StoredEnchantments:[{id:\"minecraft:impaling\",lvl:8s}]}},{Slot:11b,tag:{Enchantments:[{id:\"minecraft:impaling\",lvl:10s}]}}]}"
                }
            }
        }
    },
    {
        "condition": "minecraft:inverted",
        "term": {
            "condition": "minecraft:location_check",
            "predicate": {
                "block": {
                    "nbt": "{Items:[{tag:{StoredEnchantments:[{id:\"minecraft:impaling\",lvl:9s}]}},{Slot:11b,tag:{Enchantments:[{id:\"minecraft:impaling\",lvl:10s}]}}]}"
                }
            }
        }
    }
]