[
    {
        "condition": "minecraft:reference",
        "name": "enchantmentplus:recipes/gears/legs"
    },
    {
        "condition": "minecraft:inverted",
        "term": {
            "condition": "minecraft:location_check",
            "predicate": {
                "block": {
                    "nbt": "{Items:[{Slot:11b,tag:{Enchantments:[{id:\"minecraft:swift_sneak\",lvl:5s}]}}]}"
                }
            }
        }
    },
    {
        "condition": "minecraft:alternative",
        "terms": [
            {
                "condition": "minecraft:location_check",
                "predicate": {
                    "block": {
                        "nbt": "{Items:[{tag:{StoredEnchantments:[{id:\"minecraft:swift_sneak\",lvl:3s}]}}]}"
                    }
                }
            },
            {
                "condition": "minecraft:location_check",
                "predicate": {
                    "block": {
                        "nbt": "{Items:[{tag:{StoredEnchantments:[{id:\"minecraft:swift_sneak\",lvl:4s}]}}]}"
                    }
                }
            },
            {
                "condition": "minecraft:location_check",
                "predicate": {
                    "block": {
                        "nbt": "{Items:[{tag:{StoredEnchantments:[{id:\"minecraft:swift_sneak\",lvl:5s}]}}]}"
                    }
                }
            }
        ]
    },
    {
        "condition": "minecraft:inverted",
        "term": {
            "condition": "minecraft:location_check",
            "predicate": {
                "block": {
                    "nbt": "{Items:[{tag:{StoredEnchantments:[{id:\"minecraft:swift_sneak\",lvl:3s}]}},{Slot:11b,tag:{Enchantments:[{id:\"minecraft:swift_sneak\",lvl:4s}]}}]}"
                }
            }
        }
    },
    {
        "condition": "minecraft:inverted",
        "term": {
            "condition": "minecraft:location_check",
            "predicate": {
                "block": {
                    "nbt": "{Items:[{tag:{StoredEnchantments:[{id:\"minecraft:swift_sneak\",lvl:3s}]}},{Slot:11b,tag:{Enchantments:[{id:\"minecraft:swift_sneak\",lvl:5s}]}}]}"
                }
            }
        }
    },
    {
        "condition": "minecraft:inverted",
        "term": {
            "condition": "minecraft:location_check",
            "predicate": {
                "block": {
                    "nbt": "{Items:[{tag:{StoredEnchantments:[{id:\"minecraft:swift_sneak\",lvl:4s}]}},{Slot:11b,tag:{Enchantments:[{id:\"minecraft:swift_sneak\",lvl:5s}]}}]}"
                }
            }
        }
    }
]