[
    {
        "condition": "minecraft:alternative",
        "terms": [
            {
                "condition": "minecraft:reference",
                "name": "enchantmentplus:recipes/tools/swords"
            },
            {
                "condition": "minecraft:reference",
                "name": "enchantmentplus:recipes/tools/pickaxes"
            },
            {
                "condition": "minecraft:reference",
                "name": "enchantmentplus:recipes/tools/axes"
            },
            {
                "condition": "minecraft:reference",
                "name": "enchantmentplus:recipes/tools/shovels"
            },
            {
                "condition": "minecraft:reference",
                "name": "enchantmentplus:recipes/tools/hoes"
            },
            {
                "condition": "minecraft:location_check",
                "predicate": {
                    "block": {
                        "nbt": "{Items:[{Slot:11b,id:\"minecraft:fishing_rod\"}]}"
                    }
                }
            },
            {
                "condition": "minecraft:location_check",
                "predicate": {
                    "block": {
                        "nbt": "{Items:[{Slot:11b,id:\"minecraft:carrot_on_a_stick\"}]}"
                    }
                }
            },
            {
                "condition": "minecraft:location_check",
                "predicate": {
                    "block": {
                        "nbt": "{Items:[{Slot:11b,id:\"minecraft:warped_fungus_on_a_stick\"}]}"
                    }
                }
            },
            {
                "condition": "minecraft:location_check",
                "predicate": {
                    "block": {
                        "nbt": "{Items:[{Slot:11b,id:\"minecraft:shears\"}]}"
                    }
                }
            },
            {
                "condition": "minecraft:location_check",
                "predicate": {
                    "block": {
                        "nbt": "{Items:[{Slot:11b,id:\"minecraft:trident\"}]}"
                    }
                }
            },
            {
                "condition": "minecraft:location_check",
                "predicate": {
                    "block": {
                        "nbt": "{Items:[{Slot:11b,id:\"minecraft:bow\"}]}"
                    }
                }
            },
            {
                "condition": "minecraft:location_check",
                "predicate": {
                    "block": {
                        "nbt": "{Items:[{Slot:11b,id:\"minecraft:crossbow\"}]}"
                    }
                }
            },
            {
                "condition": "minecraft:location_check",
                "predicate": {
                    "block": {
                        "nbt": "{Items:[{Slot:11b,id:\"minecraft:flint_and_steel\"}]}"
                    }
                }
            },
            {
                "condition": "minecraft:location_check",
                "predicate": {
                    "block": {
                        "nbt": "{Items:[{Slot:11b,id:\"minecraft:shield\"}]}"
                    }
                }
            },
            {
                "condition": "minecraft:reference",
                "name": "enchantmentplus:recipes/gears/head_turtle"
            },
            {
                "condition": "minecraft:reference",
                "name": "enchantmentplus:recipes/gears/chest_elytra"
            },
            {
                "condition": "minecraft:reference",
                "name": "enchantmentplus:recipes/gears/legs"
            },
            {
                "condition": "minecraft:reference",
                "name": "enchantmentplus:recipes/gears/feet"
            }
        ]
    },
    {
        "condition": "minecraft:inverted",
        "term": {
            "condition": "minecraft:location_check",
            "predicate": {
                "block": {
                    "nbt": "{Items:[{Slot:11b,tag:{Enchantments:[{id:\"minecraft:unbreaking\",lvl:10s}]}}]}"
                }
            }
        }
    },
    {
        "condition": "minecraft:inverted",
        "term": {
            "condition": "minecraft:location_check",
            "predicate": {
                "block": {
                    "nbt": "{Items:[{Slot:11b,tag:{Unbreakable:1b}}]}"
                }
            }
        }
    },
    {
        "condition": "minecraft:alternative",
        "terms": [
            {
                "condition": "minecraft:location_check",
                "predicate": {
                    "block": {
                        "nbt": "{Items:[{tag:{StoredEnchantments:[{id:\"minecraft:unbreaking\",lvl:3s}]}}]}"
                    }
                }
            },
            {
                "condition": "minecraft:location_check",
                "predicate": {
                    "block": {
                        "nbt": "{Items:[{tag:{StoredEnchantments:[{id:\"minecraft:unbreaking\",lvl:4s}]}}]}"
                    }
                }
            },
            {
                "condition": "minecraft:location_check",
                "predicate": {
                    "block": {
                        "nbt": "{Items:[{tag:{StoredEnchantments:[{id:\"minecraft:unbreaking\",lvl:5s}]}}]}"
                    }
                }
            },
            {
                "condition": "minecraft:location_check",
                "predicate": {
                    "block": {
                        "nbt": "{Items:[{tag:{StoredEnchantments:[{id:\"minecraft:unbreaking\",lvl:6s}]}}]}"
                    }
                }
            },
            {
                "condition": "minecraft:location_check",
                "predicate": {
                    "block": {
                        "nbt": "{Items:[{tag:{StoredEnchantments:[{id:\"minecraft:unbreaking\",lvl:7s}]}}]}"
                    }
                }
            },
            {
                "condition": "minecraft:location_check",
                "predicate": {
                    "block": {
                        "nbt": "{Items:[{tag:{StoredEnchantments:[{id:\"minecraft:unbreaking\",lvl:8s}]}}]}"
                    }
                }
            },
            {
                "condition": "minecraft:location_check",
                "predicate": {
                    "block": {
                        "nbt": "{Items:[{tag:{StoredEnchantments:[{id:\"minecraft:unbreaking\",lvl:9s}]}}]}"
                    }
                }
            },
            {
                "condition": "minecraft:location_check",
                "predicate": {
                    "block": {
                        "nbt": "{Items:[{tag:{StoredEnchantments:[{id:\"minecraft:unbreaking\",lvl:10s}]}}]}"
                    }
                }
            }
        ]
    },
    {
        "condition": "minecraft:inverted",
        "term": {
            "condition": "minecraft:location_check",
            "predicate": {
                "block": {
                    "nbt": "{Items:[{tag:{StoredEnchantments:[{id:\"minecraft:unbreaking\",lvl:3s}]}},{Slot:11b,tag:{Enchantments:[{id:\"minecraft:unbreaking\",lvl:4s}]}}]}"
                }
            }
        }
    },
    {
        "condition": "minecraft:inverted",
        "term": {
            "condition": "minecraft:location_check",
            "predicate": {
                "block": {
                    "nbt": "{Items:[{tag:{StoredEnchantments:[{id:\"minecraft:unbreaking\",lvl:3s}]}},{Slot:11b,tag:{Enchantments:[{id:\"minecraft:unbreaking\",lvl:5s}]}}]}"
                }
            }
        }
    },
    {
        "condition": "minecraft:inverted",
        "term": {
            "condition": "minecraft:location_check",
            "predicate": {
                "block": {
                    "nbt": "{Items:[{tag:{StoredEnchantments:[{id:\"minecraft:unbreaking\",lvl:3s}]}},{Slot:11b,tag:{Enchantments:[{id:\"minecraft:unbreaking\",lvl:6s}]}}]}"
                }
            }
        }
    },
    {
        "condition": "minecraft:inverted",
        "term": {
            "condition": "minecraft:location_check",
            "predicate": {
                "block": {
                    "nbt": "{Items:[{tag:{StoredEnchantments:[{id:\"minecraft:unbreaking\",lvl:3s}]}},{Slot:11b,tag:{Enchantments:[{id:\"minecraft:unbreaking\",lvl:7s}]}}]}"
                }
            }
        }
    },
    {
        "condition": "minecraft:inverted",
        "term": {
            "condition": "minecraft:location_check",
            "predicate": {
                "block": {
                    "nbt": "{Items:[{tag:{StoredEnchantments:[{id:\"minecraft:unbreaking\",lvl:3s}]}},{Slot:11b,tag:{Enchantments:[{id:\"minecraft:unbreaking\",lvl:8s}]}}]}"
                }
            }
        }
    },
    {
        "condition": "minecraft:inverted",
        "term": {
            "condition": "minecraft:location_check",
            "predicate": {
                "block": {
                    "nbt": "{Items:[{tag:{StoredEnchantments:[{id:\"minecraft:unbreaking\",lvl:3s}]}},{Slot:11b,tag:{Enchantments:[{id:\"minecraft:unbreaking\",lvl:9s}]}}]}"
                }
            }
        }
    },
    {
        "condition": "minecraft:inverted",
        "term": {
            "condition": "minecraft:location_check",
            "predicate": {
                "block": {
                    "nbt": "{Items:[{tag:{StoredEnchantments:[{id:\"minecraft:unbreaking\",lvl:3s}]}},{Slot:11b,tag:{Enchantments:[{id:\"minecraft:unbreaking\",lvl:10s}]}}]}"
                }
            }
        }
    },
    {
        "condition": "minecraft:inverted",
        "term": {
            "condition": "minecraft:location_check",
            "predicate": {
                "block": {
                    "nbt": "{Items:[{tag:{StoredEnchantments:[{id:\"minecraft:unbreaking\",lvl:4s}]}},{Slot:11b,tag:{Enchantments:[{id:\"minecraft:unbreaking\",lvl:5s}]}}]}"
                }
            }
        }
    },
    {
        "condition": "minecraft:inverted",
        "term": {
            "condition": "minecraft:location_check",
            "predicate": {
                "block": {
                    "nbt": "{Items:[{tag:{StoredEnchantments:[{id:\"minecraft:unbreaking\",lvl:4s}]}},{Slot:11b,tag:{Enchantments:[{id:\"minecraft:unbreaking\",lvl:6s}]}}]}"
                }
            }
        }
    },
    {
        "condition": "minecraft:inverted",
        "term": {
            "condition": "minecraft:location_check",
            "predicate": {
                "block": {
                    "nbt": "{Items:[{tag:{StoredEnchantments:[{id:\"minecraft:unbreaking\",lvl:4s}]}},{Slot:11b,tag:{Enchantments:[{id:\"minecraft:unbreaking\",lvl:7s}]}}]}"
                }
            }
        }
    },
    {
        "condition": "minecraft:inverted",
        "term": {
            "condition": "minecraft:location_check",
            "predicate": {
                "block": {
                    "nbt": "{Items:[{tag:{StoredEnchantments:[{id:\"minecraft:unbreaking\",lvl:4s}]}},{Slot:11b,tag:{Enchantments:[{id:\"minecraft:unbreaking\",lvl:8s}]}}]}"
                }
            }
        }
    },
    {
        "condition": "minecraft:inverted",
        "term": {
            "condition": "minecraft:location_check",
            "predicate": {
                "block": {
                    "nbt": "{Items:[{tag:{StoredEnchantments:[{id:\"minecraft:unbreaking\",lvl:4s}]}},{Slot:11b,tag:{Enchantments:[{id:\"minecraft:unbreaking\",lvl:9s}]}}]}"
                }
            }
        }
    },
    {
        "condition": "minecraft:inverted",
        "term": {
            "condition": "minecraft:location_check",
            "predicate": {
                "block": {
                    "nbt": "{Items:[{tag:{StoredEnchantments:[{id:\"minecraft:unbreaking\",lvl:4s}]}},{Slot:11b,tag:{Enchantments:[{id:\"minecraft:unbreaking\",lvl:10s}]}}]}"
                }
            }
        }
    },
    {
        "condition": "minecraft:inverted",
        "term": {
            "condition": "minecraft:location_check",
            "predicate": {
                "block": {
                    "nbt": "{Items:[{tag:{StoredEnchantments:[{id:\"minecraft:unbreaking\",lvl:5s}]}},{Slot:11b,tag:{Enchantments:[{id:\"minecraft:unbreaking\",lvl:6s}]}}]}"
                }
            }
        }
    },
    {
        "condition": "minecraft:inverted",
        "term": {
            "condition": "minecraft:location_check",
            "predicate": {
                "block": {
                    "nbt": "{Items:[{tag:{StoredEnchantments:[{id:\"minecraft:unbreaking\",lvl:5s}]}},{Slot:11b,tag:{Enchantments:[{id:\"minecraft:unbreaking\",lvl:7s}]}}]}"
                }
            }
        }
    },
    {
        "condition": "minecraft:inverted",
        "term": {
            "condition": "minecraft:location_check",
            "predicate": {
                "block": {
                    "nbt": "{Items:[{tag:{StoredEnchantments:[{id:\"minecraft:unbreaking\",lvl:5s}]}},{Slot:11b,tag:{Enchantments:[{id:\"minecraft:unbreaking\",lvl:8s}]}}]}"
                }
            }
        }
    },
    {
        "condition": "minecraft:inverted",
        "term": {
            "condition": "minecraft:location_check",
            "predicate": {
                "block": {
                    "nbt": "{Items:[{tag:{StoredEnchantments:[{id:\"minecraft:unbreaking\",lvl:5s}]}},{Slot:11b,tag:{Enchantments:[{id:\"minecraft:unbreaking\",lvl:9s}]}}]}"
                }
            }
        }
    },
    {
        "condition": "minecraft:inverted",
        "term": {
            "condition": "minecraft:location_check",
            "predicate": {
                "block": {
                    "nbt": "{Items:[{tag:{StoredEnchantments:[{id:\"minecraft:unbreaking\",lvl:5s}]}},{Slot:11b,tag:{Enchantments:[{id:\"minecraft:unbreaking\",lvl:10s}]}}]}"
                }
            }
        }
    },
    {
        "condition": "minecraft:inverted",
        "term": {
            "condition": "minecraft:location_check",
            "predicate": {
                "block": {
                    "nbt": "{Items:[{tag:{StoredEnchantments:[{id:\"minecraft:unbreaking\",lvl:6s}]}},{Slot:11b,tag:{Enchantments:[{id:\"minecraft:unbreaking\",lvl:7s}]}}]}"
                }
            }
        }
    },
    {
        "condition": "minecraft:inverted",
        "term": {
            "condition": "minecraft:location_check",
            "predicate": {
                "block": {
                    "nbt": "{Items:[{tag:{StoredEnchantments:[{id:\"minecraft:unbreaking\",lvl:6s}]}},{Slot:11b,tag:{Enchantments:[{id:\"minecraft:unbreaking\",lvl:8s}]}}]}"
                }
            }
        }
    },
    {
        "condition": "minecraft:inverted",
        "term": {
            "condition": "minecraft:location_check",
            "predicate": {
                "block": {
                    "nbt": "{Items:[{tag:{StoredEnchantments:[{id:\"minecraft:unbreaking\",lvl:6s}]}},{Slot:11b,tag:{Enchantments:[{id:\"minecraft:unbreaking\",lvl:9s}]}}]}"
                }
            }
        }
    },
    {
        "condition": "minecraft:inverted",
        "term": {
            "condition": "minecraft:location_check",
            "predicate": {
                "block": {
                    "nbt": "{Items:[{tag:{StoredEnchantments:[{id:\"minecraft:unbreaking\",lvl:6s}]}},{Slot:11b,tag:{Enchantments:[{id:\"minecraft:unbreaking\",lvl:10s}]}}]}"
                }
            }
        }
    },
    {
        "condition": "minecraft:inverted",
        "term": {
            "condition": "minecraft:location_check",
            "predicate": {
                "block": {
                    "nbt": "{Items:[{tag:{StoredEnchantments:[{id:\"minecraft:unbreaking\",lvl:7s}]}},{Slot:11b,tag:{Enchantments:[{id:\"minecraft:unbreaking\",lvl:8s}]}}]}"
                }
            }
        }
    },
    {
        "condition": "minecraft:inverted",
        "term": {
            "condition": "minecraft:location_check",
            "predicate": {
                "block": {
                    "nbt": "{Items:[{tag:{StoredEnchantments:[{id:\"minecraft:unbreaking\",lvl:7s}]}},{Slot:11b,tag:{Enchantments:[{id:\"minecraft:unbreaking\",lvl:9s}]}}]}"
                }
            }
        }
    },
    {
        "condition": "minecraft:inverted",
        "term": {
            "condition": "minecraft:location_check",
            "predicate": {
                "block": {
                    "nbt": "{Items:[{tag:{StoredEnchantments:[{id:\"minecraft:unbreaking\",lvl:7s}]}},{Slot:11b,tag:{Enchantments:[{id:\"minecraft:unbreaking\",lvl:10s}]}}]}"
                }
            }
        }
    },
    {
        "condition": "minecraft:inverted",
        "term": {
            "condition": "minecraft:location_check",
            "predicate": {
                "block": {
                    "nbt": "{Items:[{tag:{StoredEnchantments:[{id:\"minecraft:unbreaking\",lvl:8s}]}},{Slot:11b,tag:{Enchantments:[{id:\"minecraft:unbreaking\",lvl:9s}]}}]}"
                }
            }
        }
    },
    {
        "condition": "minecraft:inverted",
        "term": {
            "condition": "minecraft:location_check",
            "predicate": {
                "block": {
                    "nbt": "{Items:[{tag:{StoredEnchantments:[{id:\"minecraft:unbreaking\",lvl:8s}]}},{Slot:11b,tag:{Enchantments:[{id:\"minecraft:unbreaking\",lvl:10s}]}}]}"
                }
            }
        }
    },
    {
        "condition": "minecraft:inverted",
        "term": {
            "condition": "minecraft:location_check",
            "predicate": {
                "block": {
                    "nbt": "{Items:[{tag:{StoredEnchantments:[{id:\"minecraft:unbreaking\",lvl:9s}]}},{Slot:11b,tag:{Enchantments:[{id:\"minecraft:unbreaking\",lvl:10s}]}}]}"
                }
            }
        }
    }
]