{
    "condition": "minecraft:alternative",
    "terms": [
        {
            "condition": "minecraft:entity_properties",
            "entity": "this",
            "predicate": {
                "equipment": {
                    "head": {
                        "nbt": "{OwlEye:1b}"
                    }
                }
            }
        },
        {
            "condition": "minecraft:entity_properties",
            "entity": "this",
            "predicate": {
                "equipment": {
                    "chest": {
                        "nbt": "{Lightness:1b}"
                    }
                }
            }
        },
        {
            "condition": "minecraft:entity_properties",
            "entity": "this",
            "predicate": {
                "equipment": {
                    "head": {
                        "nbt": "{Thermal:1b}"
                    },
                    "chest": {
                        "nbt": "{Thermal:1b}"
                    },
                    "legs": {
                        "nbt": "{Thermal:1b}"
                    },
                    "feet": {
                        "nbt": "{Thermal:1b}"
                    }
                }
            }
        },
        {
            "condition": "minecraft:entity_properties",
            "entity": "this",
            "predicate": {
                "equipment": {
                    "feet": {
                        "nbt": "{Leaping:1b}"
                    }
                }
            }
        },
        {
            "condition": "minecraft:entity_properties",
            "entity": "this",
            "predicate": {
                "equipment": {
                    "feet": {
                        "nbt": "{Leaping:2b}"
                    }
                }
            }
        },
        {
            "condition": "minecraft:entity_properties",
            "entity": "this",
            "predicate": {
                "equipment": {
                    "feet": {
                        "nbt": "{Leaping:3b}"
                    }
                }
            }
        }
    ]
}