{
    "condition": "minecraft:alternative",
    "terms": [
        {
            "condition": "minecraft:entity_scores",
            "entity": "this",
            "scores": {
                "ENCHMobKills": {
                    "min": 1,
                    "max": 2147483647
                }
            }
        },
        {
            "condition": "minecraft:entity_scores",
            "entity": "this",
            "scores": {
                "ENCHPlayerKills": {
                    "min": 1,
                    "max": 2147483647
                }
            }
        }
    ]
}