{
	"type": "minecraft:command",
	"pools": [
		{
			"rolls": 1,
			"entries": [
				{
					"type": "minecraft:item",
					"name": "minecraft:written_book",
					"functions": [
						{
							"function": "minecraft:set_count",
							"count": 1
						},
						{
							"function": "minecraft:set_nbt",
							"tag": "{EnchantmentPlusData:{id:\"table\",version:15},CustomModelData:100000,display:{Name:'{\"text\":\"Enchantment+ Guide\",\"color\":\"yellow\",\"italic\":false}'},HideFlags:32,title:\"\",author:\"\",generation:2,pages:['[{\"text\":\"  \"},{\"text\":\"Enchantment+ Guide\\\\n\\\\n\",\"color\":\"dark_purple\",\"underlined\":true,\"hoverEvent\":{\"action\":\"show_text\",\"contents\":[{\"text\":\"Created by \"},{\"text\":\"Wyvernity\",\"color\":\"dark_aqua\"}]}},{\"text\":\"> Enchanting Level X\\\\n\",\"color\":\"dark_gray\",\"hoverEvent\":{\"action\":\"show_text\",\"contents\":[{\"text\":\"Enchanting Level X\\\\n\\\\n\",\"underlined\":true},{\"text\":\"\\\\uAD01 Combine same level enchantments\\\\n                 to exceed their vanilla levels!\\\\n\\\\n                 Put your main item into the middle\\\\n                 slot and your book into any other\\\\n                 slot (Main item also could be book)\\\\n\\\\n\",\"color\":\"white\",\"underlined\":false},{\"text\":\"Your book must have ONLY one enchantment\\\\n\",\"color\":\"red\",\"underlined\":false},{\"text\":\"To seperate enchantments into different\\\\nbooks, check \",\"underlined\":false},{\"text\":\"Disenchanting\",\"color\":\"dark_gray\",\"underlined\":false},{\"text\":\" section\\\\n\\\\n\",\"underlined\":false},{\"text\":\"Combining books requires 12 XP Levels\\\\n\\\\nEnchanting items requires 24 XP Levels\",\"color\":\"green\",\"underlined\":false}]}},{\"text\":\"> Disenchanting\\\\n\",\"color\":\"gray\",\"hoverEvent\":{\"action\":\"show_text\",\"contents\":[{\"text\":\"Disenchanting\\\\n\\\\n\",\"underlined\":true},{\"text\":\"\\\\uAD02 Disenchant your item by\\\\n                 combining it with a book.\\\\n\\\\n                 This will take the undermost\\\\n                 enchantment from the item\\\\n                 and put it into the book\\\\n\\\\nThis can be applied to both items and books\\\\n\\\\n\",\"underlined\":false},{\"text\":\"Custom enchantments can not be disenchanted\\\\n\\\\n\",\"color\":\"red\",\"underlined\":false},{\"text\":\"Disenchanting requires 10 XP Levels\",\"color\":\"green\",\"underlined\":false}]}},{\"text\":\"> Enchanting Items        Using Resources\\\\n\",\"color\":\"dark_gray\",\"hoverEvent\":{\"action\":\"show_text\",\"contents\":[{\"text\":\"Enchant your items with resources such\\\\nas redstone, lapis lazuli and nether quartz\\\\n\\\\n\"},{\"text\":\"Click to see the recipes for enchantments\",\"italic\":true,\"color\":\"gray\"}]},\"clickEvent\":{\"action\":\"change_page\",\"value\":\"2\"}},{\"text\":\"> Custom Enchantment\\\\n\",\"color\":\"gray\",\"clickEvent\":{\"action\":\"change_page\",\"value\":\"5\"},\"hoverEvent\":{\"action\":\"show_text\",\"contents\":[{\"text\":\"Enchant your items with useful enchantments\\\\n\\\\n\"},{\"text\":\"Click to see the custom enchantments\",\"italic\":true,\"color\":\"gray\"}]}},{\"text\":\"> Removing Custom        Enchantments\\\\n\",\"color\":\"dark_gray\",\"hoverEvent\":{\"action\":\"show_text\",\"contents\":[{\"text\":\"Removing Custom Enchantments\\\\n\\\\n\",\"underlined\":true},{\"text\":\"\\\\uAD03 Remove a custom enchantment\\\\n                 by combining it with a name tag\\\\n                 named as the name of the\\\\n                 custom enchantment.\\\\n\\\\n                 Exact name removes completely.\\\\n\\\\nName without level decreases its level.\",\"underlined\":false},{\"text\":\"\\\\n\\\\nWide III Item + \\\\\"Wide III\\\\\" Name Tag => None\",\"color\":\"yellow\",\"underlined\":false},{\"text\":\"\\\\nWide III Item + \\\\\"Wide\\\\\" Name Tag => Wide II Item\",\"color\":\"yellow\",\"underlined\":false},{\"text\":\"\\\\n\\\\nThis requires 5 XP Levels\",\"color\":\"green\",\"underlined\":false}]}},{\"text\":\"> Option Menu\\\\n\",\"color\":\"gray\",\"clickEvent\":{\"action\":\"run_command\",\"value\":\"/trigger Enchantment+Menu\"},\"hoverEvent\":{\"action\":\"show_text\",\"contents\":[{\"text\":\"Enchantment+ Option Menu\\\\n\\\\n\",\"underlined\":true},{\"text\":\"All custom enchantments can be configured\\\\nin the option menu. To open the menu, \",\"underlined\":false},{\"text\":\"click here.\\\\n\\\\n\",\"italic\":true,\"color\":\"gray\",\"underlined\":false},{\"text\":\"You can also use \",\"underlined\":false},{\"text\":\"/trigger Enchantment+Menu\",\"color\":\"gold\",\"underlined\":false},{\"text\":\"\\\\ncommand to open the option menu anywhere\\\\n\\\\n\",\"underlined\":false},{\"text\":\"(All options are saved personally, changing\\\\nan option will only affect your preferences)\",\"color\":\"gray\",\"underlined\":false,\"italic\":true}]}},{\"text\":\"> Vanilla Recipes\",\"color\":\"dark_gray\",\"hoverEvent\":{\"action\":\"show_text\",\"contents\":[{\"text\":\"        \",\"underlined\":false},{\"text\":\"Podzol\\\\n\",\"color\":\"white\",\"underlined\": true},{\"text\":\"\\\\uAF03\\\\n\\\\n\\\\n\\\\n\\\\n\\\\n\",\"color\":\"white\",\"underlined\":false}]}}]','[{\"text\":\" \"},{\"text\":\"Enchantment Recipes\\\\n\\\\n\",\"color\":\"dark_red\",\"underlined\":true,\"hoverEvent\":{\"action\":\"show_text\",\"contents\":[{\"text\":\"Use resources to enchant items!\\\\nAlso doesn\\'t require any xp!\"}]}},{\"text\":\"• Aqua Affinity\\\\n\",\"color\":\"dark_gray\",\"hoverEvent\":{\"action\":\"show_text\",\"contents\":[{\"text\":\"Aqua Affinity\\\\n\",\"underlined\":true},{\"text\":\"     \\\\uAE01\\\\n\\\\n\\\\n\\\\n\\\\n\\\\n\\\\nAvailable Items: \\\\uAB06\\\\uAB13\",\"underlined\":false}]}},{\"text\":\"• Bane of Arthropods\\\\n\",\"color\":\"gray\",\"hoverEvent\":{\"action\":\"show_text\",\"contents\":[{\"text\":\"Bane of Arthropods\\\\n\",\"underlined\":true},{\"text\":\"     \\\\uAE02\\\\n\\\\n\\\\n\\\\n\\\\n\\\\n\\\\nAvailable Items: \\\\uAB01\\\\uAB03\\\\n\",\"underlined\":false},{\"text\":\"\\\\nNot compatible with\\\\nSharpness and Smite\",\"color\":\"red\",\"underlined\":false}]}},{\"text\":\"• Blast Protection\\\\n\",\"color\":\"dark_gray\",\"hoverEvent\":{\"action\":\"show_text\",\"contents\":[{\"text\":\"Blast Protection\\\\n\",\"underlined\":true},{\"text\":\"           \\\\uAE03\\\\n\\\\n\\\\n\\\\n\\\\n\\\\n\\\\nAvailable Items: \\\\uAB06\\\\uAB07\\\\uAB08\\\\uAB09\\\\uAB13\",\"underlined\":false},{\"text\":\"\\\\n\\\\nNot compatible with Protection,\\\\nFire Protection and Projectile\\\\nProtection\",\"underlined\":false,\"color\":\"red\"}]}},{\"text\":\"• Channeling\\\\n\",\"color\":\"gray\",\"hoverEvent\":{\"action\":\"show_text\",\"contents\":[{\"text\":\"Channeling\\\\n\",\"underlined\":true},{\"text\":\"        \\\\uAE04\\\\n\\\\n\\\\n\\\\n\\\\n\\\\n\\\\nAvailable Items: \\\\uAB12\\\\n\\\\n\",\"underlined\":false},{\"text\":\"Not compatible with Riptide\",\"underlined\":false,\"color\":\"red\"}]}},{\"text\":\"• Curse of Binding\\\\n\",\"color\":\"dark_gray\",\"hoverEvent\":{\"action\":\"show_text\",\"contents\":[{\"text\":\"Curse of Binding\\\\n\",\"color\":\"red\",\"underlined\":true},{\"text\":\"              \\\\uAE05\\\\n\\\\n\\\\n\\\\n\\\\n\\\\n\\\\nAvailable Items: All Equipable Gears\",\"color\":\"white\",\"underlined\":false}]}},{\"text\":\"• Curse of Vanishing\\\\n\",\"color\":\"gray\",\"hoverEvent\":{\"action\":\"show_text\",\"contents\":[{\"text\":\"Curse of Vanishing\\\\n\",\"color\":\"red\",\"underlined\":true},{\"text\":\"              \\\\uAE06\\\\n\\\\n\\\\n\\\\n\\\\n\\\\n\\\\nAvailable Items: All Tools and Gears\",\"underlined\":false,\"color\":\"white\"}]}},{\"text\":\"• Damage\\\\n\",\"color\":\"dark_gray\",\"hoverEvent\":{\"action\":\"show_text\",\"contents\":[{\"text\":\"Sharpness & Power\\\\n\",\"underlined\":true},{\"text\":\"       \\\\uAE07\\\\n\\\\n\\\\n\\\\n\\\\n\\\\n\\\\nAvailable Items: \\\\uAB01\\\\uAB03\\\\uAB10\",\"underlined\":false},{\"text\":\"\\\\n\\\\nRequired block is Block\\\\nof Quartz\",\"color\":\"white\",\"underlined\":false},{\"text\":\"\\\\n\\\\nNot compatible with Bane\\\\nof Arthropods and Smite\",\"color\":\"red\",\"underlined\":false}]}},{\"text\":\"• Depth Strider\\\\n\",\"color\":\"gray\",\"hoverEvent\":{\"action\":\"show_text\",\"contents\":[{\"text\":\"Depth Strider\\\\n\",\"underlined\":true},{\"text\":\"        \\\\uAE08\\\\n\\\\n\\\\n\\\\n\\\\n\\\\n\\\\nAvailable Items: \\\\uAB09\",\"underlined\":false},{\"text\":\"\\\\n\\\\nNot compatible with Frost\\\\nWalker and Lava Walker\",\"color\":\"red\",\"underlined\":false}]}},{\"text\":\"• Feather Falling\\\\n\",\"color\":\"dark_gray\",\"hoverEvent\":{\"action\":\"show_text\",\"contents\":[{\"text\":\"Feather Falling\\\\n\",\"underlined\":true},{\"text\":\"    \\\\uAE09\\\\n\\\\n\\\\n\\\\n\\\\n\\\\n\\\\nAvailable Items: \\\\uAB09\",\"underlined\":false}]}},{\"text\":\"• Fiery\\\\n\",\"color\":\"gray\",\"hoverEvent\":{\"action\":\"show_text\",\"contents\":[{\"text\":\"Fire Aspect & Flame\\\\n\",\"underlined\":true},{\"text\":\"      \\\\uAE10\\\\n\\\\n\\\\n\\\\n\\\\n\\\\n\\\\nAvailable Items: \\\\uAB01\\\\uAB10\",\"underlined\":false}]}},{\"text\":\"• Fire Protection\\\\n\",\"color\":\"dark_gray\",\"hoverEvent\":{\"action\":\"show_text\",\"contents\":[{\"text\":\"Fire Protection\\\\n\",\"underlined\":true},{\"text\":\"           \\\\uAE11\\\\n\\\\n\\\\n\\\\n\\\\n\\\\n\\\\nAvailable Items: \\\\uAB06\\\\uAB07\\\\uAB08\\\\uAB09\\\\uAB13\",\"underlined\":false},{\"text\":\"\\\\n\\\\nNot compatible with Protection,\\\\nBlast Protection and Projectile\\\\nProtection\",\"underlined\":false,\"color\":\"red\"}]}}]','[{\"text\":\"\\\\n\\\\n\"},{\"text\":\"• Frost Walker\\\\n\",\"color\":\"gray\",\"hoverEvent\":{\"action\":\"show_text\",\"contents\":[{\"text\":\"Frost Walker\\\\n\",\"underlined\":true},{\"text\":\"       \\\\uAE12\\\\n\\\\n\\\\n\\\\n\\\\n\\\\n\\\\nAvailable Items: \\\\uAB09\",\"underlined\":false},{\"text\":\"\\\\n\\\\nNot compatible with Depth\\\\nStrider and Lava Walker\",\"underlined\":false,\"color\":\"red\"}]}},{\"text\":\"• Haste\\\\n\",\"color\":\"dark_gray\",\"hoverEvent\":{\"action\":\"show_text\",\"contents\":[{\"text\":\"Efficiency, Lure & Quick Charge\\\\n\",\"underlined\":true},{\"text\":\"              \\\\uAE13\\\\n\\\\n\\\\n\\\\n\\\\n\\\\n\\\\nAvailable Items: \\\\uAB02\\\\uAB03\\\\uAB04\\\\uAB05\\\\uAB15\\\\uAB11\",\"underlined\":false},{\"text\":\"\\\\n\\\\nMaximum level for Lure is III\\\\nMaximum level for Quick Charge is V\",\"underlined\":false,\"color\":\"yellow\"}]}},{\"text\":\"• Impaling\\\\n\",\"color\":\"gray\",\"hoverEvent\":{\"action\":\"show_text\",\"contents\":[{\"text\":\"Impaling\\\\n\",\"underlined\":true},{\"text\":\"    \\\\uAE14\\\\n\\\\n\\\\n\\\\n\\\\n\\\\n\\\\nAvailable Items: \\\\uAB12\",\"underlined\":false}]}},{\"text\":\"• Infinity\\\\n\",\"color\":\"dark_gray\",\"hoverEvent\":{\"action\":\"show_text\",\"contents\":[{\"text\":\"Infinity\\\\n\",\"underlined\":true},{\"text\":\"         \\\\uAE15\\\\n\\\\n\\\\n\\\\n\\\\n\\\\n\\\\nAvailable Items: \\\\uAB10\",\"underlined\":false},{\"text\":\"\\\\n\\\\nNot compatible with Mending\\\\nand Unbreakable\",\"color\":\"red\",\"underlined\":false}]}},{\"text\":\"• Loyalty\\\\n\",\"color\":\"gray\",\"hoverEvent\":{\"action\":\"show_text\",\"contents\":[{\"text\":\"Loyalty\\\\n\",\"underlined\":true},{\"text\":\"        \\\\uAE16\\\\n\\\\n\\\\n\\\\n\\\\n\\\\n\\\\nAvailable Items: \\\\uAB12\",\"underlined\":false},{\"text\":\"\\\\n\\\\nNot compatible with Riptide\",\"color\":\"red\",\"underlined\":false}]}},{\"text\":\"• Luck\\\\n\",\"color\":\"dark_gray\",\"hoverEvent\":{\"action\":\"show_text\",\"contents\":[{\"text\":\"Fortune, Looting & Luck of the Sea\\\\n\",\"underlined\":true},{\"text\":\"             \\\\uAE17\\\\n\\\\n\\\\n\\\\n\\\\n\\\\n\\\\nAvailable Items: \\\\uAB01\\\\uAB02\\\\uAB03\\\\uAB04\\\\uAB05\\\\uAB15\",\"underlined\":false},{\"text\":\"\\\\n\\\\nFortune is not compatible with\\\\nSilk Touch and Autosmelt\",\"color\":\"red\",\"underlined\":false}]}},{\"text\":\"• Mending\\\\n\",\"color\":\"gray\",\"hoverEvent\":{\"action\":\"show_text\",\"contents\":[{\"text\":\"Mending\\\\n\",\"underlined\":true},{\"text\":\"               \\\\uAE18\\\\n\\\\n\\\\n\\\\n\\\\n\\\\n\\\\nAvailable Items: All Items with Durability\",\"underlined\":false},{\"text\":\"\\\\n\\\\nNot compatible with Unbreakable\\\\nand Infinity\",\"underlined\":false,\"color\":\"red\"}]}},{\"text\":\"• Multishot\\\\n\",\"color\":\"dark_gray\",\"hoverEvent\":{\"action\":\"show_text\",\"contents\":[{\"text\":\"Multishot\\\\n\",\"underlined\":true},{\"text\":\"         \\\\uAE19\\\\n\\\\n\\\\n\\\\n\\\\n\\\\n\\\\nAvailable Items: \\\\uAB11\",\"underlined\":false},{\"text\":\"\\\\n\\\\nNot compatible with Piercing\",\"color\":\"red\",\"underlined\":false}]}},{\"text\":\"• Piercing\\\\n\",\"color\":\"gray\",\"hoverEvent\":{\"action\":\"show_text\",\"contents\":[{\"text\":\"Piercing\\\\n\",\"underlined\":true},{\"text\":\"         \\\\uAE20\\\\n\\\\n\\\\n\\\\n\\\\n\\\\n\\\\nAvailable Items: \\\\uAB11\",\"underlined\":false},{\"text\":\"\\\\n\\\\nNot compatible with Multishot\",\"color\":\"red\",\"underlined\":false}]}},{\"text\":\"• Projectile Protection\\\\n\",\"color\":\"dark_gray\",\"hoverEvent\":{\"action\":\"show_text\",\"contents\":[{\"text\":\"Projectile Protection\\\\n\",\"underlined\":true},{\"text\":\"           \\\\uAE21\\\\n\\\\n\\\\n\\\\n\\\\n\\\\n\\\\nAvailable Items: \\\\uAB06\\\\uAB07\\\\uAB08\\\\uAB09\\\\uAB13\",\"underlined\":false},{\"text\":\"\\\\n\\\\nNot compatible with Protection,\\\\nFire Protection and Blast\\\\nProtection\",\"underlined\":false,\"color\":\"red\"}]}},{\"text\":\"• Protection\\\\n\",\"color\":\"gray\",\"hoverEvent\":{\"action\":\"show_text\",\"contents\":[{\"text\":\"Protection\\\\n\",\"underlined\":true},{\"text\":\"           \\\\uAE22\\\\n\\\\n\\\\n\\\\n\\\\n\\\\n\\\\nAvailable Items: \\\\uAB06\\\\uAB07\\\\uAB08\\\\uAB09\\\\uAB13\",\"underlined\":false},{\"text\":\"\\\\n\\\\nNot compatible with Projectile\\\\nProtection, Fire Protection\\\\nand Blast Protection\",\"underlined\":false,\"color\":\"red\"}]}}]','[{\"text\":\"\\\\n\\\\n\"},{\"text\":\"• Push\\\\n\",\"color\":\"dark_gray\",\"hoverEvent\":{\"action\":\"show_text\",\"contents\":[{\"text\":\"Knockback & Punch\\\\n\",\"underlined\":true},{\"text\":\"      \\\\uAE23\\\\n\\\\n\\\\n\\\\n\\\\n\\\\n\\\\nAvailable Items: \\\\uAB01\\\\uAB10\",\"underlined\":false}]}},{\"text\":\"• Respiration\\\\n\",\"color\":\"gray\",\"hoverEvent\":{\"action\":\"show_text\",\"contents\":[{\"text\":\"Respiration\\\\n\",\"underlined\":true},{\"text\":\"      \\\\uAE24\\\\n\\\\n\\\\n\\\\n\\\\n\\\\n\\\\nAvailable Items: \\\\uAB06\\\\uAB13\",\"underlined\":false}]}},{\"text\":\"• Riptide\\\\n\",\"color\":\"dark_gray\",\"hoverEvent\":{\"action\":\"show_text\",\"contents\":[{\"text\":\"Riptide\\\\n\",\"underlined\":true},{\"text\":\"        \\\\uAE25\\\\n\\\\n\\\\n\\\\n\\\\n\\\\n\\\\nAvailable Items: \\\\uAB12\",\"underlined\":false},{\"text\":\"\\\\n\\\\nNot compatible with Loyalty\\\\nand Channeling\",\"color\":\"red\",\"underlined\":false}]}},{\"text\":\"• Silk Touch\\\\n\",\"color\":\"gray\",\"hoverEvent\":{\"action\":\"show_text\",\"contents\":[{\"text\":\"Silk Touch\\\\n\",\"underlined\":true},{\"text\":\"         \\\\uAE26\\\\n\\\\n\\\\n\\\\n\\\\n\\\\n\\\\nAvailable Items: \\\\uAB02\\\\uAB03\\\\uAB04\\\\uAB05\",\"underlined\":false},{\"text\":\"\\\\n\\\\nNot compatible with Fortune\",\"color\":\"red\",\"underlined\":false}]}},{\"text\":\"• Smite\\\\n\",\"color\":\"dark_gray\",\"hoverEvent\":{\"action\":\"show_text\",\"contents\":[{\"text\":\"Smite\\\\n\",\"underlined\":true},{\"text\":\"         \\\\uAE27\\\\n\\\\n\\\\n\\\\n\\\\n\\\\n\\\\nAvailable Items: \\\\uAB01\\\\uAB03\",\"underlined\":false},{\"text\":\"\\\\n\\\\nNot compatible with Bane of\\\\nArthropods and Sharpness\",\"color\":\"red\",\"underlined\":false}]}},{\"text\":\"• Soul Speed\\\\n\",\"color\":\"gray\",\"hoverEvent\":{\"action\":\"show_text\",\"contents\":[{\"text\":\"Soul Speed\\\\n\",\"underlined\":true},{\"text\":\"        \\\\uAE28\\\\n\\\\n\\\\n\\\\n\\\\n\\\\n\\\\nAvailable Items: \\\\uAB09\",\"underlined\":false},{\"text\":\"\\\\n\\\\nSoul Soil is also accepted\",\"color\":\"yellow\",\"underlined\":false}]}},{\"text\":\"• Sweeping Edge\\\\n\",\"color\":\"dark_gray\",\"hoverEvent\":{\"action\":\"show_text\",\"contents\":[{\"text\":\"Sweeping Edge\\\\n\",\"underlined\":true},{\"text\":\"    \\\\uAE29\\\\n\\\\n\\\\n\\\\n\\\\n\\\\n\\\\nAvailable Items: \\\\uAB01\",\"underlined\":false}]}},{\"text\":\"• Swift Sneak\\\\n\",\"color\":\"gray\",\"hoverEvent\":{\"action\":\"show_text\",\"contents\":[{\"text\":\"Swift Sneak\\\\n\",\"underlined\":true},{\"text\":\"    \\\\uAE32\\\\n\\\\n\\\\n\\\\n\\\\n\\\\n\\\\nAvailable Items: \\\\uAB08\",\"underlined\":false},{\"text\":\"\\\\n\\\\nMaximum level is V.\",\"color\":\"yellow\",\"underlined\":false}]}},{\"text\":\"• Thorns\\\\n\",\"color\":\"dark_gray\",\"hoverEvent\":{\"action\":\"show_text\",\"contents\":[{\"text\":\"Thorns\\\\n\",\"underlined\":true},{\"text\":\"           \\\\uAE30\\\\n\\\\n\\\\n\\\\n\\\\n\\\\n\\\\nAvailable Items: \\\\uAB06\\\\uAB07\\\\uAB08\\\\uAB09\\\\uAB13\",\"underlined\":false}]}},{\"text\":\"• Unbreaking\\\\n\",\"color\":\"gray\",\"hoverEvent\":{\"action\":\"show_text\",\"contents\":[{\"text\":\"Unbreaking\\\\n\",\"underlined\":true},{\"text\":\"               \\\\uAE31\\\\n\\\\n\\\\n\\\\n\\\\n\\\\n\\\\nAvailable Items: All Items with Durability\",\"underlined\":false},{\"text\":\"\\\\n\\\\nNot compatible with Unbreakable\",\"underlined\":false,\"color\":\"red\"}]}}]','[{\"text\":\" \"},{\"text\":\"Custom Enchantments\\\\n\\\\n\",\"color\":\"dark_red\",\"underlined\":true,\"hoverEvent\":{\"action\":\"show_text\",\"contents\":[{\"text\":\"Enchant your items with useful enchantments!\\\\nAll of them require fixed amount of xp\\\\nYou can configure them in the option menu\"}]}},{\"text\":\"• Anti-Gravity\\\\n\",\"color\":\"#AAAAFF\",\"hoverEvent\":{\"action\":\"show_text\",\"contents\":[{\"text\":\"Anti-Gravity\\\\n\",\"color\":\"#AAAAFF\",\"underlined\":true},{\"text\":\"\\\\uAC19 Arrows shot from this\\\\n                 bow won\\'t be affected\\\\n                 by gravity.\\\\n\\\\n                 Works on all arrow\\\\n                 types.\\\\n\\\\nAvailable Items: \\\\uAB10\",\"color\":\"white\",\"underlined\":false},{\"text\":\"\\\\n\\\\nRequires 20 XP Levels\",\"color\":\"green\",\"underlined\":false},{\"text\":\"\\\\n\\\\nArrows will despawn after 30 seconds\",\"underlined\":false,\"color\":\"yellow\"}]}},{\"text\":\"• Autosmelt\\\\n\",\"color\":\"red\",\"hoverEvent\":{\"action\":\"show_text\",\"contents\":[{\"text\":\"Autosmelt\\\\n\",\"color\":\"red\",\"underlined\":true},{\"text\":\"\\\\uAC01 Broken block will be\\\\n                 smelted automatically.\\\\n\\\\n                 Ores will drop\\\\n                 experience orbs.\\\\n\\\\n\\\\nAvailable Items: \\\\uAB02\\\\uAB03\\\\uAB04\\\\uAB05\",\"color\":\"white\",\"underlined\":false},{\"text\":\"\\\\n\\\\nRequires 16 XP Levels\",\"color\":\"green\",\"underlined\":false},{\"text\":\"\\\\n\\\\nNot compatible with Fortune\",\"underlined\":false,\"color\":\"red\"}]}},{\"text\":\"• Beheading\\\\n\",\"color\":\"#85C46F\",\"hoverEvent\":{\"action\":\"show_text\",\"contents\":[{\"text\":\"Beheading\\\\n\",\"color\":\"#85C46F\",\"underlined\":true},{\"text\":\"\\\\uAC02 Killed mob will have a chance\\\\n                 to drop their head. Mobs are\\\\n                 zombie, zombie villager, husk\\\\n                 skeleton, stray, wither skeleton\\\\n                 creeper and ender dragon.\\\\n\\\\n\\\\nAvailable Items: \\\\uAB03\",\"color\":\"white\",\"underlined\":false},{\"text\":\"\\\\n\\\\nRequires 12 XP Levels\",\"color\":\"green\",\"underlined\":false},{\"text\":\"\\\\n\\\\nDiamond Axes should be undamaged\\\\n\\\\n\",\"color\":\"red\",\"underlined\":false},{\"text\":\"Beheading I: \",\"underlined\":false,\"color\":\"#85C46F\"},{\"text\":\"5% Chance\\\\n\",\"color\":\"blue\",\"underlined\":false},{\"text\":\"Beheading II: \",\"underlined\":false,\"color\":\"#85C46F\"},{\"text\":\"10% Chance\\\\n\",\"color\":\"blue\",\"underlined\":false},{\"text\":\"Beheading III: \",\"underlined\":false,\"color\":\"#85C46F\"},{\"text\":\"15% Chance\\\\n\",\"color\":\"blue\",\"underlined\":false},{\"text\":\"Beheading IV: \",\"underlined\":false,\"color\":\"#85C46F\"},{\"text\":\"20% Chance\\\\n\",\"color\":\"blue\",\"underlined\":false},{\"text\":\"Beheading V: \",\"underlined\":false,\"color\":\"#85C46F\"},{\"text\":\"25% Chance\",\"color\":\"blue\",\"underlined\":false}]}},{\"text\":\"• Deflect\\\\n\",\"color\":\"#E0A660\",\"hoverEvent\":{\"action\":\"show_text\",\"contents\":[{\"text\":\"Deflect\\\\n\",\"color\":\"#E0A660\",\"underlined\":true},{\"text\":\"\\\\uAC16 Nullifies first taken damage\\\\n\\\\n                 Has 30 seconds cooldown\\\\n\\\\n                 -1 second cooldown per\\\\n                 level (31 - <Total Level>)\\\\n\\\\nAvailable Items: \\\\uAB06\\\\uAB07\\\\uAB08\\\\uAB09\\\\uAB13\",\"color\":\"white\",\"underlined\":false},{\"text\":\"\\\\n\\\\nRequires 16 XP Levels\",\"color\":\"green\",\"underlined\":false},{\"text\":\"\\\\n\\\\nMaximum level is IV\",\"color\":\"yellow\",\"underlined\":false},{\"text\":\"\\\\n\\\\nConsumes 1 Emerald every hit\",\"color\":\"red\",\"underlined\":false}]}},{\"text\":\"• Direct\\\\n\",\"color\":\"dark_aqua\",\"hoverEvent\":{\"action\":\"show_text\",\"contents\":[{\"text\":\"Direct\\\\n\",\"color\":\"dark_aqua\",\"underlined\":true},{\"text\":\"\\\\uAC03 Dropped items\\\\n                 within 32 blocks\\\\n                 will be teleported\\\\n                 to the inventory.\\\\n\\\\n\\\\n\\\\nAvailable Items: \\\\uAB01\\\\uAB02\\\\uAB03\\\\uAB04\\\\uAB05\\\\n\\\\n                     \\\\uAB10\\\\uAB11\\\\uAB12\\\\uAB16\",\"color\":\"white\",\"underlined\":false},{\"text\":\"\\\\n\\\\nRequires 12 XP Levels\",\"color\":\"green\",\"underlined\":false}]}},{\"text\":\"• Experience Boost\\\\n\",\"color\":\"#88FF00\",\"hoverEvent\":{\"action\":\"show_text\",\"contents\":[{\"text\":\"Experience Boost\\\\n\",\"color\":\"#88FF00\",\"underlined\":true},{\"text\":\"\\\\uAC20 Grants a chance to\\\\n                 double the amount of\\\\n                 experience points\\\\n                 given by dropped\\\\n                 experience orbs.\\\\n\\\\n\\\\nAvailable Items: \\\\uAB01\\\\uAB02\\\\uAB03\\\\uAB04\\\\uAB05\",\"color\":\"white\",\"underlined\":false},{\"text\":\"\\\\n\\\\nRequires 20 XP Levels\",\"color\":\"green\",\"underlined\":false},{\"text\":\"\\\\n\\\\nDoesn\\'t work on Ender Dragon\\\\n\\\\n\",\"color\":\"red\",\"underlined\":false},{\"text\":\"Experience Boost I: \",\"underlined\":false,\"color\":\"#88FF00\"},{\"text\":\"15% Chance\\\\n\",\"color\":\"blue\",\"underlined\":false},{\"text\":\"Experience Boost II: \",\"underlined\":false,\"color\":\"#88FF00\"},{\"text\":\"30% Chance\\\\n\",\"color\":\"blue\",\"underlined\":false},{\"text\":\"Experience Boost III: \",\"underlined\":false,\"color\":\"#88FF00\"},{\"text\":\"45% Chance\\\\n\",\"color\":\"blue\",\"underlined\":false},{\"text\":\"Experience Boost IV: \",\"underlined\":false,\"color\":\"#88FF00\"},{\"text\":\"60% Chance\\\\n\",\"color\":\"blue\",\"underlined\":false},{\"text\":\"Experience Boost V: \",\"underlined\":false,\"color\":\"#88FF00\"},{\"text\":\"75% Chance\",\"color\":\"blue\",\"underlined\":false}]}},{\"text\":\"• Eyes of Owl\\\\n\",\"color\":\"dark_purple\",\"hoverEvent\":{\"action\":\"show_text\",\"contents\":[{\"text\":\"Eyes of Owl\\\\n\",\"color\":\"dark_purple\",\"underlined\":true},{\"text\":\"\\\\uAC10 Applies night vision\\\\n                 to your helmet\\\\n\\\\n                 Required potion is\\\\n                 Potion of Night\\\\n                 Vision (8:00)\\\\n\\\\nAvailable Items: \\\\uAB06\\\\uAB13\",\"color\":\"white\",\"underlined\":false},{\"text\":\"\\\\n\\\\nRequires 20 XP Levels\",\"color\":\"green\",\"underlined\":false}]}},{\"text\":\"• Feeding Module\\\\n\",\"color\":\"#FFE000\",\"hoverEvent\":{\"action\":\"show_text\",\"contents\":[{\"text\":\"Feeding Module\\\\n\",\"color\":\"yellow\",\"underlined\":true},{\"text\":\"\\\\uAC04 Feeds you automatically\\\\n\\\\n                 Edible foods will be eaten\\\\n\\\\n                 Has saturation mode to\\\\n                 keep you regenerate\\\\n\\\\nAvailable Items: \\\\uAB06\\\\uAB13\",\"color\":\"white\",\"underlined\":false},{\"text\":\"\\\\n\\\\nRequires 12 XP Levels\",\"color\":\"green\",\"underlined\":false}]}},{\"text\":\"• Health Boost\\\\n\",\"color\":\"#FF689F\",\"hoverEvent\":{\"action\":\"show_text\",\"contents\":[{\"text\":\"Health Boost\\\\n\",\"color\":\"#FF689F\",\"underlined\":true},{\"text\":\"\\\\uAC18 Increases maximum\\\\n                 health by 1 heart\\\\n\\\\n                 Enchanted Golden Apple\\\\n                 and Potion of Healing II\\\\n                 are required.\\\\n\\\\nAvailable Items: \\\\uAB06\\\\uAB07\\\\uAB08\\\\uAB09\\\\uAB13\\\\uAB14\",\"color\":\"white\",\"underlined\":false},{\"text\":\"\\\\n\\\\nRequires 20 XP Levels\\\\n\\\\n\",\"color\":\"green\",\"underlined\":false},{\"text\":\"Health Boost I: \",\"underlined\":false,\"color\":\"#FF689F\"},{\"text\":\"+1 Heart\\\\n\",\"color\":\"blue\",\"underlined\":false},{\"text\":\"Health Boost II: \",\"underlined\":false,\"color\":\"#FF689F\"},{\"text\":\"+2 Hearts\\\\n\",\"color\":\"blue\",\"underlined\":false},{\"text\":\"Health Boost III: \",\"underlined\":false,\"color\":\"#FF689F\"},{\"text\":\"+3 Hearts\\\\n\",\"color\":\"blue\",\"underlined\":false},{\"text\":\"Health Boost IV: \",\"underlined\":false,\"color\":\"#FF689F\"},{\"text\":\"+4 Hearts\\\\n\",\"color\":\"blue\",\"underlined\":false},{\"text\":\"Health Boost V: \",\"underlined\":false,\"color\":\"#FF689F\"},{\"text\":\"+5 Hearts\",\"color\":\"blue\",\"underlined\":false}]}},{\"text\":\"• Heaven\\'s Lightness\\\\n\",\"color\":\"#DDDDDD\",\"hoverEvent\":{\"action\":\"show_text\",\"contents\":[{\"text\":\"Heaven\\'s Lightness\\\\n\",\"color\":\"#DDDDDD\",\"underlined\":true},{\"text\":\"\\\\uAC08 Applies slow falling\\\\n                 to your chestplate\\\\n\\\\n                 Required potion is\\\\n                 Potion of Slow\\\\n                 Falling (4:00)\\\\n\\\\nAvailable Items: \\\\uAB07\",\"color\":\"white\",\"underlined\":false},{\"text\":\"\\\\n\\\\nRequires 16 XP Levels\",\"color\":\"green\",\"underlined\":false}]}}]','[{\"text\":\"\\\\n\"},{\"text\":\"• Icy\\\\n\",\"color\":\"#44BBFF\",\"hoverEvent\":{\"action\":\"show_text\",\"contents\":[{\"text\":\"Icy\\\\n\",\"color\":\"#44BBFF\",\"underlined\":true},{\"text\":\"\\\\uAC17 Slows down the\\\\n                 enemy by 60%\\\\n\\\\n                 Required potion is\\\\n                 Splash Potion\\\\n                 of Slowness IV\\\\n\\\\nAvailable Items: \\\\uAB01\\\\uAB03\",\"color\":\"white\",\"underlined\":false},{\"text\":\"\\\\n\\\\nRequires 16 XP Levels\\\\n\\\\n\",\"color\":\"green\",\"underlined\":false},{\"text\":\"Also disables jumping for players\\\\n\\\\n\",\"underlined\":false,\"color\":\"yellow\"},{\"text\":\"Icy I: \",\"underlined\":false,\"color\":\"#44BBFF\"},{\"text\":\"Slow down for 1 second\\\\n\",\"color\":\"blue\",\"underlined\":false},{\"text\":\"Icy II: \",\"underlined\":false,\"color\":\"#44BBFF\"},{\"text\":\"Slow down for 2 seconds\\\\n\",\"color\":\"blue\",\"underlined\":false},{\"text\":\"Icy III: \",\"underlined\":false,\"color\":\"#44BBFF\"},{\"text\":\"Slow down for 3 seconds\\\\n\",\"color\":\"blue\",\"underlined\":false},{\"text\":\"Icy IV: \",\"underlined\":false,\"color\":\"#44BBFF\"},{\"text\":\"Slow down for 4 seconds\\\\n\",\"color\":\"blue\",\"underlined\":false},{\"text\":\"Icy V: \",\"underlined\":false,\"color\":\"#44BBFF\"},{\"text\":\"Slow down for 5 seconds\",\"color\":\"blue\",\"underlined\":false}]}},{\"text\":\"• Lava Walker\\\\n\",\"color\":\"#CC2200\",\"hoverEvent\":{\"action\":\"show_text\",\"contents\":[{\"text\":\"Lava Walker\\\\n\",\"color\":\"#CC2200\",\"underlined\":true},{\"text\":\"\\\\uAC21 Turns lava below your\\\\n                 feet into Basalt\\\\n\\\\n                 Required block is\\\\n                 Smooth Basalt\\\\n\\\\n\\\\nAvailable Items: \\\\uAB09\",\"color\":\"white\",\"underlined\":false},{\"text\":\"\\\\n\\\\nRequires 16 XP Levels\",\"color\":\"green\",\"underlined\":false},{\"text\":\"\\\\n\\\\nLava Walker I: \",\"underlined\":false,\"color\":\"#CC2200\"},{\"text\":\"3 x 3 Area\\\\n\",\"color\":\"blue\",\"underlined\":false},{\"text\":\"Lava Walker II: \",\"underlined\":false,\"color\":\"#CC2200\"},{\"text\":\"5 x 5 Area\\\\n\",\"color\":\"blue\",\"underlined\":false},{\"text\":\"Lava Walker III: \",\"underlined\":false,\"color\":\"#CC2200\"},{\"text\":\"7 x 7 Area\\\\n\\\\n\",\"color\":\"blue\",\"underlined\":false},{\"text\":\"Not compatible with Depth\\\\nStrider and Frost Walker\",\"color\":\"red\",\"underlined\":false}]}},{\"text\":\"• Leaping\\\\n\",\"color\":\"green\",\"hoverEvent\":{\"action\":\"show_text\",\"contents\":[{\"text\":\"Leaping\\\\n\",\"color\":\"green\",\"underlined\":true},{\"text\":\"\\\\uAC06 Applies jump boost\\\\n                 to your boots\\\\n\\\\n                 Required potion is\\\\n                 Potion of Leaping II\\\\n\\\\n\\\\nAvailable Items: \\\\uAB09\",\"color\":\"white\",\"underlined\":false},{\"text\":\"\\\\n\\\\nRequires 16 XP Levels\",\"color\":\"green\",\"underlined\":false},{\"text\":\"\\\\n\\\\nLeaping I: \",\"underlined\":false,\"color\":\"green\"},{\"text\":\"Jump 2 Blocks\\\\n\",\"color\":\"blue\",\"underlined\":false},{\"text\":\"Leaping II: \",\"underlined\":false,\"color\":\"green\"},{\"text\":\"Jump 3 Blocks\\\\n\",\"color\":\"blue\",\"underlined\":false},{\"text\":\"Leaping III: \",\"underlined\":false,\"color\":\"green\"},{\"text\":\"Jump 4 Blocks\",\"color\":\"blue\",\"underlined\":false}]}},{\"text\":\"• Lifesteal\\\\n\",\"color\":\"#FF0000\",\"hoverEvent\":{\"action\":\"show_text\",\"contents\":[{\"text\":\"Lifesteal\\\\n\",\"color\":\"#FF0000\",\"underlined\":true},{\"text\":\"\\\\uAC07 Get healed after\\\\n                 killing an entity\\\\n\\\\n                 Required potion is\\\\n                 Lingering Potion\\\\n                 of Healing II\\\\n\\\\nAvailable Items: \\\\uAB01\",\"color\":\"white\",\"underlined\":false},{\"text\":\"\\\\n\\\\nRequires 20 XP Levels\",\"color\":\"green\",\"underlined\":false},{\"text\":\"\\\\n\\\\nSimultaneous kills don\\'t stack\\\\n\\\\n\",\"color\":\"red\",\"underlined\":false},{\"text\":\"Lifesteal I: \",\"underlined\":false,\"color\":\"#FF0000\"},{\"text\":\"Heal 0.5 Heart\\\\n\",\"color\":\"blue\",\"underlined\":false},{\"text\":\"Lifesteal II: \",\"underlined\":false,\"color\":\"#FF0000\"},{\"text\":\"Heal 1 Heart\\\\n\",\"color\":\"blue\",\"underlined\":false},{\"text\":\"Lifesteal III: \",\"underlined\":false,\"color\":\"#FF0000\"},{\"text\":\"Heal 1.5 Heart\",\"color\":\"blue\",\"underlined\":false}]}},{\"text\":\"• Lumberjack\\\\n\",\"color\":\"#FFE000\",\"hoverEvent\":{\"action\":\"show_text\",\"contents\":[{\"text\":\"Lumberjack\\\\n\",\"color\":\"yellow\",\"underlined\":true},{\"text\":\"\\\\uAC09 Breaking one log\\\\n                 will break all other\\\\n                 adjacent logs.\",\"color\":\"white\",\"underlined\":false},{\"text\":\"\\\\n\\\\n                 Shears and Diamond\\\\n                 Axe must be undamaged\",\"color\":\"red\",\"underlined\":false},{\"text\":\"\\\\n\\\\nAvailable Items: \\\\uAB03\",\"color\":\"white\",\"underlined\":false},{\"text\":\"\\\\n\\\\nRequires 16 XP Levels\",\"color\":\"green\",\"underlined\":false},{\"text\":\"\\\\n\\\\nAny type of log or stem is accepted\",\"color\":\"gold\",\"underlined\":false},{\"text\":\"\\\\n\\\\nLumberjack I: \",\"underlined\":false,\"color\":\"yellow\"},{\"text\":\"Breaks 8 Blocks\",\"color\":\"blue\",\"underlined\":false},{\"text\":\"\\\\nLumberjack II: \",\"underlined\":false,\"color\":\"yellow\"},{\"text\":\"Breaks 16 Blocks\",\"color\":\"blue\",\"underlined\":false},{\"text\":\"\\\\nLumberjack III: \",\"underlined\":false,\"color\":\"yellow\"},{\"text\":\"Breaks 32 Blocks\",\"color\":\"blue\",\"underlined\":false},{\"text\":\"\\\\nLumberjack IV: \",\"underlined\":false,\"color\":\"yellow\"},{\"text\":\"Breaks 64 Blocks\",\"color\":\"blue\",\"underlined\":false},{\"text\":\"\\\\nLumberjack V: \",\"underlined\":false,\"color\":\"yellow\"},{\"text\":\"Breaks 128 Blocks\",\"color\":\"blue\",\"underlined\":false},{\"text\":\"\\\\n\\\\nNot compatible with Wide\",\"color\":\"red\",\"underlined\":false}]}},{\"text\":\"• Stone Fists\\\\n\",\"color\":\"dark_gray\",\"hoverEvent\":{\"action\":\"show_text\",\"contents\":[{\"text\":\"Stone Fists\\\\n\",\"color\":\"dark_gray\",\"underlined\":true},{\"text\":\"\\\\uAC05 Increases attack\\\\n                 damage\\\\n\\\\n                 Required potion is\\\\n                 Potion of Strength II\\\\n\\\\n\\\\nAvailable Items: \\\\uAB07\\\\uAB14\",\"color\":\"white\",\"underlined\":false},{\"text\":\"\\\\n\\\\nRequires 16 XP Levels\",\"color\":\"green\",\"underlined\":false},{\"text\":\"\\\\n\\\\nStone Fists I: \",\"underlined\":false,\"color\":\"dark_gray\"},{\"text\":\"+3 Attack Damage\\\\n\",\"color\":\"blue\",\"underlined\":false},{\"text\":\"Stone Fists II: \",\"underlined\":false,\"color\":\"dark_gray\"},{\"text\":\"+6 Attack Damage\\\\n\",\"color\":\"blue\",\"underlined\":false},{\"text\":\"Stone Fists III: \",\"underlined\":false,\"color\":\"dark_gray\"},{\"text\":\"+9 Attack Damage\",\"color\":\"blue\",\"underlined\":false}]}},{\"text\":\"• Thermal Plating\\\\n\",\"color\":\"gold\",\"hoverEvent\":{\"action\":\"show_text\",\"contents\":[{\"text\":\"Thermal Plating\\\\n\",\"color\":\"gold\",\"underlined\":true},{\"text\":\"\\\\uAC11 Applies fire resistance\\\\n                 when all armor pieces\\\\n                 are enchanted\\\\n\\\\n                 Required potion is Potion\\\\n                 of Fire Resistance (8:00)\\\\n\\\\nAvailable Items: \\\\uAB06\\\\uAB07\\\\uAB08\\\\uAB09\\\\uAB13\\\\uAB14\",\"color\":\"white\",\"underlined\":false},{\"text\":\"\\\\n\\\\nRequires 20 XP Levels\",\"color\":\"green\",\"underlined\":false}]}},{\"text\":\"• Traveler\\\\n\",\"color\":\"light_purple\",\"hoverEvent\":{\"action\":\"show_text\",\"contents\":[{\"text\":\"Traveler\\\\n\",\"color\":\"light_purple\",\"underlined\":true},{\"text\":\"\\\\uAC12 Increases movement\\\\n                 speed\\\\n\\\\n                 Required potion is\\\\n                 Potion of Swiftness II\\\\n\\\\n\\\\nAvailable Items: \\\\uAB08\",\"color\":\"white\",\"underlined\":false},{\"text\":\"\\\\n\\\\nRequires 16 XP Levels\",\"color\":\"green\",\"underlined\":false},{\"text\":\"\\\\n\\\\nTraveler I: \",\"underlined\":false,\"color\":\"light_purple\"},{\"text\":\"+40% Speed\\\\n\",\"color\":\"blue\",\"underlined\":false},{\"text\":\"Traveler II: \",\"underlined\":false,\"color\":\"light_purple\"},{\"text\":\"+80% Speed\\\\n\",\"color\":\"blue\",\"underlined\":false},{\"text\":\"Traveler III: \",\"underlined\":false,\"color\":\"light_purple\"},{\"text\":\"+120% Speed\",\"color\":\"blue\",\"underlined\":false}]}},{\"text\":\"• Unbreakable\\\\n\",\"color\":\"blue\",\"hoverEvent\":{\"action\":\"show_text\",\"contents\":[{\"text\":\"Unbreakable\\\\n\",\"color\":\"blue\",\"underlined\":true},{\"text\":\"\\\\uAC13 Makes the item\\\\n                 completely unbreakable.\\\\n\\\\n                 Required book is\\\\n                 Unbreaking X\\\\n\\\\n\\\\nAvailable Items: All Items with Durability\",\"color\":\"white\",\"underlined\":false},{\"text\":\"\\\\n\\\\nRequires 20 XP Levels\",\"color\":\"green\",\"underlined\":false},{\"text\":\"\\\\n\\\\nUnbreaking and Mending\\\\nenchantments will be removed\\\\n\\\\nNot compatible with Infinity\",\"color\":\"red\",\"underlined\":false}]}},{\"text\":\"• Vein Miner\\\\n\",\"color\":\"dark_green\",\"hoverEvent\":{\"action\":\"show_text\",\"contents\":[{\"text\":\"Vein Miner\\\\n\",\"color\":\"dark_green\",\"underlined\":true},{\"text\":\"\\\\uAC14 Breaking one ore\\\\n                 will break all other\\\\n                 same adjacent ores.\\\\n\\\\n                 Also works on\\\\n                 certain blocks.\\\\n\\\\nAvailable Items: \\\\uAB02\",\"color\":\"white\",\"underlined\":false},{\"text\":\"\\\\n\\\\nRequires 16 XP Levels\",\"color\":\"green\",\"underlined\":false},{\"text\":\"\\\\n\\\\nVein Miner I: \",\"underlined\":false,\"color\":\"dark_green\"},{\"text\":\"Breaks 8 Blocks\",\"color\":\"blue\",\"underlined\":false},{\"text\":\"\\\\nVein Miner II: \",\"underlined\":false,\"color\":\"dark_green\"},{\"text\":\"Breaks 16 Blocks\",\"color\":\"blue\",\"underlined\":false},{\"text\":\"\\\\nVein Miner III: \",\"underlined\":false,\"color\":\"dark_green\"},{\"text\":\"Breaks 32 Blocks\",\"color\":\"blue\",\"underlined\":false},{\"text\":\"\\\\nVein Miner IV: \",\"underlined\":false,\"color\":\"dark_green\"},{\"text\":\"Breaks 64 Blocks\",\"color\":\"blue\",\"underlined\":false},{\"text\":\"\\\\nVein Miner V: \",\"underlined\":false,\"color\":\"dark_green\"},{\"text\":\"Breaks 128 Blocks\",\"color\":\"blue\",\"underlined\":false},{\"text\":\"\\\\n\\\\nNot compatible with Wide\",\"color\":\"red\",\"underlined\":false}]}},{\"text\":\"• Wide\\\\n\",\"color\":\"aqua\",\"hoverEvent\":{\"action\":\"show_text\",\"contents\":[{\"text\":\"Wide\\\\n\",\"color\":\"aqua\",\"underlined\":true},{\"text\":\"\\\\uAC15 Increases tool range.\\\\n\\\\n                 This includes axe\\\\n                 stripping, shovel\\\\n                 pathing and hoeing.\\\\n\\\\n\\\\nAvailable Items: \\\\uAB02\\\\uAB03\\\\uAB04\\\\uAB05\\\\uAB16\",\"color\":\"white\",\"underlined\":false},{\"text\":\"\\\\n\\\\nRequires 20 XP Levels\",\"color\":\"green\",\"underlined\":false},{\"text\":\"\\\\n\\\\nWide I: \",\"underlined\":false,\"color\":\"aqua\"},{\"text\":\"3 x 3 Area\\\\n\",\"color\":\"blue\",\"underlined\":false},{\"text\":\"Wide II: \",\"underlined\":false,\"color\":\"aqua\"},{\"text\":\"5 x 5 Area\\\\n\",\"color\":\"blue\",\"underlined\":false},{\"text\":\"Wide III: \",\"underlined\":false,\"color\":\"aqua\"},{\"text\":\"7 x 7 Area\\\\n\\\\n\",\"color\":\"blue\",\"underlined\":false},{\"text\":\"Tools must be undamaged and\\\\nbe the same with your item\\\\n\\\\n\",\"color\":\"red\",\"underlined\":false},{\"text\":\"Not compatible with Lumberjack\\\\nand Vein Miner\",\"color\":\"red\",\"underlined\":false}]}}]']}"
						}
					]
				}
			]
		}
	]
}
