{
    "type": "minecraft:command",
    "pools": [
        {
            "rolls": 1,
            "entries": [
                {
                    "type": "minecraft:item",
                    "name": "minecraft:chicken_spawn_egg",
                    "functions": [
                        {
                            "function": "minecraft:set_count",
                            "count": 1
                        },
                        {
                            "function": "minecraft:set_nbt",
                            "tag": "{EnchantmentPlusData:{id:\"table\",version:15},CustomModelData:100000,display:{Name:'{\"text\":\"Enchantment+ Table\",\"color\":\"yellow\",\"italic\":false}'},EntityTag:{id:\"minecraft:marker\",Tags:[\"enchantmentplus_place\"]}}"
                        }
                    ]
                }
            ]
        }
    ]
}