[
    {
        "condition": "minecraft:alternative",
        "terms": [
            {
                "condition": "minecraft:reference",
                "name": "enchantmentplus:lumberjack/logs"
            },
            {
                "condition": "minecraft:reference",
                "name": "enchantmentplus:lumberjack/leaves"
            }
        ]
    },
    {
        "condition": "minecraft:inverted",
        "term": {
            "condition": "minecraft:reference",
            "name": "enchantmentplus:anti-break_safety"
        }
    }
]