{
    "name": "dnl:plains_labyrinth/decors",
    "fallback": "dnl:plains_labyrinth/decors",
    "elements": [
        {
            "weight": 1,
            "element": {
                "element_type": "minecraft:single_pool_element",
                "projection": "rigid",
                "location": "dnl:plains_labyrinth/decors/1",
                "processors": "dnl:plains_labyrinth/degrade"
            }
        },
        {
            "weight": 1,
            "element": {
                "element_type": "minecraft:single_pool_element",
                "projection": "rigid",
                "location": "dnl:plains_labyrinth/decors/2",
                "processors": "dnl:plains_labyrinth/degrade"
            }
        },
        {
            "weight": 1,
            "element": {
                "element_type": "minecraft:single_pool_element",
                "projection": "rigid",
                "location": "dnl:plains_labyrinth/decors/3",
                "processors": "dnl:plains_labyrinth/degrade"
            }
        },
        {
            "weight": 1,
            "element": {
                "element_type": "minecraft:single_pool_element",
                "projection": "rigid",
                "location": "dnl:plains_labyrinth/decors/4",
                "processors": "dnl:plains_labyrinth/degrade"
            }
        },
        {
            "weight": 1,
            "element": {
                "element_type": "minecraft:single_pool_element",
                "projection": "rigid",
                "location": "dnl:plains_labyrinth/decors/5",
                "processors": "dnl:plains_labyrinth/degrade"
            }
        },
        {
            "weight": 1,
            "element": {
                "element_type": "minecraft:single_pool_element",
                "projection": "rigid",
                "location": "dnl:plains_labyrinth/decors/6",
                "processors": "dnl:plains_labyrinth/degrade"
            }
        },
        {
            "weight": 1,
            "element": {
                "element_type": "minecraft:single_pool_element",
                "projection": "rigid",
                "location": "dnl:plains_labyrinth/decors/7",
                "processors": "dnl:plains_labyrinth/degrade"
            }
        },
        {
            "weight": 1,
            "element": {
                "element_type": "minecraft:single_pool_element",
                "projection": "rigid",
                "location": "dnl:plains_labyrinth/decors/8",
                "processors": "dnl:plains_labyrinth/degrade"
            }
        },
        {
            "weight": 1,
            "element": {
                "element_type": "minecraft:single_pool_element",
                "projection": "rigid",
                "location": "dnl:plains_labyrinth/decors/9",
                "processors": "dnl:plains_labyrinth/degrade"
            }
        },
        {
            "weight": 1,
            "element": {
                "element_type": "minecraft:single_pool_element",
                "projection": "rigid",
                "location": "dnl:plains_labyrinth/decors/10",
                "processors": "dnl:plains_labyrinth/degrade"
            }
        },
        {
            "weight": 20,
            "element": {
                "element_type": "minecraft:empty_pool_element",
                "projection": "rigid"
            }
        }
    ]
}