{
    "name": "dnl:plains_labyrinth/mazes",
    "fallback": "dnl:plains_labyrinth/mazes",
    "elements": [
        {
            "weight": 1,
            "element": {
                "element_type": "minecraft:single_pool_element",
                "projection": "rigid",
                "location": "dnl:plains_labyrinth/mazes/1",
                "processors": "dnl:plains_labyrinth/remove_air"
            }
        },
        {
            "weight": 1,
            "element": {
                "element_type": "minecraft:single_pool_element",
                "projection": "rigid",
                "location": "dnl:plains_labyrinth/mazes/2",
                "processors": "dnl:plains_labyrinth/remove_air"
            }
        },
        {
            "weight": 1,
            "element": {
                "element_type": "minecraft:single_pool_element",
                "projection": "rigid",
                "location": "dnl:plains_labyrinth/mazes/3",
                "processors": "dnl:plains_labyrinth/remove_air"
            }
        },
        {
            "weight": 1,
            "element": {
                "element_type": "minecraft:single_pool_element",
                "projection": "rigid",
                "location": "dnl:plains_labyrinth/mazes/4",
                "processors": "dnl:plains_labyrinth/remove_air"
            }
        },
        {
            "weight": 1,
            "element": {
                "element_type": "minecraft:single_pool_element",
                "projection": "rigid",
                "location": "dnl:plains_labyrinth/mazes/5",
                "processors": "dnl:plains_labyrinth/remove_air"
            }
        },
        {
            "weight": 1,
            "element": {
                "element_type": "minecraft:single_pool_element",
                "projection": "rigid",
                "location": "dnl:plains_labyrinth/mazes/6",
                "processors": "dnl:plains_labyrinth/remove_air"
            }
        },
        {
            "weight": 1,
            "element": {
                "element_type": "minecraft:single_pool_element",
                "projection": "rigid",
                "location": "dnl:plains_labyrinth/mazes/7",
                "processors": "dnl:plains_labyrinth/remove_air"
            }
        },
        {
            "weight": 1,
            "element": {
                "element_type": "minecraft:single_pool_element",
                "projection": "rigid",
                "location": "dnl:plains_labyrinth/mazes/8",
                "processors": "dnl:plains_labyrinth/remove_air"
            }
        },
        {
            "weight": 1,
            "element": {
                "element_type": "minecraft:single_pool_element",
                "projection": "rigid",
                "location": "dnl:plains_labyrinth/mazes/9",
                "processors": "dnl:plains_labyrinth/remove_air"
            }
        },
        {
            "weight": 10,
            "element": {
                "element_type": "minecraft:single_pool_element",
                "projection": "rigid",
                "location": "dnl:plains_labyrinth/mazes/10",
                "processors": "dnl:plains_labyrinth/remove_air"
            }
        },
        {
            "weight": 11,
            "element": {
                "element_type": "minecraft:single_pool_element",
                "projection": "rigid",
                "location": "dnl:plains_labyrinth/mazes/11",
                "processors": "dnl:plains_labyrinth/remove_air"
            }
        },
        {
            "weight": 12,
            "element": {
                "element_type": "minecraft:single_pool_element",
                "projection": "rigid",
                "location": "dnl:plains_labyrinth/mazes/12",
                "processors": "dnl:plains_labyrinth/remove_air"
            }
        },
        {
            "weight": 13,
            "element": {
                "element_type": "minecraft:single_pool_element",
                "projection": "rigid",
                "location": "dnl:plains_labyrinth/mazes/13",
                "processors": "dnl:plains_labyrinth/remove_air"
            }
        },
        {
            "weight": 14,
            "element": {
                "element_type": "minecraft:single_pool_element",
                "projection": "rigid",
                "location": "dnl:plains_labyrinth/mazes/14",
                "processors": "dnl:plains_labyrinth/remove_air"
            }
        },
        {
            "weight": 15,
            "element": {
                "element_type": "minecraft:single_pool_element",
                "projection": "rigid",
                "location": "dnl:plains_labyrinth/mazes/15",
                "processors": "dnl:plains_labyrinth/remove_air"
            }
        },
        {
            "weight": 16,
            "element": {
                "element_type": "minecraft:single_pool_element",
                "projection": "rigid",
                "location": "dnl:plains_labyrinth/mazes/16",
                "processors": "dnl:plains_labyrinth/remove_air"
            }
        },
        {
            "weight": 17,
            "element": {
                "element_type": "minecraft:single_pool_element",
                "projection": "rigid",
                "location": "dnl:plains_labyrinth/mazes/17",
                "processors": "dnl:plains_labyrinth/remove_air"
            }
        },
        {
            "weight": 18,
            "element": {
                "element_type": "minecraft:single_pool_element",
                "projection": "rigid",
                "location": "dnl:plains_labyrinth/mazes/18",
                "processors": "dnl:plains_labyrinth/remove_air"
            }
        },
        {
            "weight": 19,
            "element": {
                "element_type": "minecraft:single_pool_element",
                "projection": "rigid",
                "location": "dnl:plains_labyrinth/mazes/19",
                "processors": "dnl:plains_labyrinth/remove_air"
            }
        },
        {
            "weight": 10,
            "element": {
                "element_type": "minecraft:single_pool_element",
                "projection": "rigid",
                "location": "dnl:plains_labyrinth/mazes/20",
                "processors": "dnl:plains_labyrinth/remove_air"
            }
        },
        {
            "weight": 11,
            "element": {
                "element_type": "minecraft:single_pool_element",
                "projection": "rigid",
                "location": "dnl:plains_labyrinth/mazes/21",
                "processors": "dnl:plains_labyrinth/remove_air"
            }
        },
        {
            "weight": 12,
            "element": {
                "element_type": "minecraft:single_pool_element",
                "projection": "rigid",
                "location": "dnl:plains_labyrinth/mazes/22",
                "processors": "dnl:plains_labyrinth/remove_air"
            }
        },
        {
            "weight": 13,
            "element": {
                "element_type": "minecraft:single_pool_element",
                "projection": "rigid",
                "location": "dnl:plains_labyrinth/mazes/23",
                "processors": "dnl:plains_labyrinth/remove_air"
            }
        },
        {
            "weight": 14,
            "element": {
                "element_type": "minecraft:single_pool_element",
                "projection": "rigid",
                "location": "dnl:plains_labyrinth/mazes/24",
                "processors": "dnl:plains_labyrinth/remove_air"
            }
        },
        {
            "weight": 15,
            "element": {
                "element_type": "minecraft:single_pool_element",
                "projection": "rigid",
                "location": "dnl:plains_labyrinth/mazes/25",
                "processors": "dnl:plains_labyrinth/remove_air"
            }
        },
        {
            "weight": 16,
            "element": {
                "element_type": "minecraft:single_pool_element",
                "projection": "rigid",
                "location": "dnl:plains_labyrinth/mazes/26",
                "processors": "dnl:plains_labyrinth/remove_air"
            }
        },
        {
            "weight": 17,
            "element": {
                "element_type": "minecraft:single_pool_element",
                "projection": "rigid",
                "location": "dnl:plains_labyrinth/mazes/27",
                "processors": "dnl:plains_labyrinth/remove_air"
            }
        },
        {
            "weight": 18,
            "element": {
                "element_type": "minecraft:single_pool_element",
                "projection": "rigid",
                "location": "dnl:plains_labyrinth/mazes/28",
                "processors": "dnl:plains_labyrinth/remove_air"
            }
        }
    ]
}