{
    "name": "dnl:plains_labyrinth/mazes_split",
    "fallback": "dnl:plains_labyrinth/mazes_split",
    "elements": [
        {
            "weight": 1,
            "element": {
                "element_type": "minecraft:single_pool_element",
                "projection": "rigid",
                "location": "dnl:plains_labyrinth/mazes_split/1",
                "processors": "dnl:plains_labyrinth/remove_air"
            }
        },
        {
            "weight": 1,
            "element": {
                "element_type": "minecraft:single_pool_element",
                "projection": "rigid",
                "location": "dnl:plains_labyrinth/mazes_split/2",
                "processors": "dnl:plains_labyrinth/remove_air"
            }
        },
        {
            "weight": 1,
            "element": {
                "element_type": "minecraft:single_pool_element",
                "projection": "rigid",
                "location": "dnl:plains_labyrinth/mazes_split/3",
                "processors": "dnl:plains_labyrinth/remove_air"
            }
        },
        {
            "weight": 1,
            "element": {
                "element_type": "minecraft:single_pool_element",
                "projection": "rigid",
                "location": "dnl:plains_labyrinth/mazes_split/4",
                "processors": "dnl:plains_labyrinth/remove_air"
            }
        },
        {
            "weight": 1,
            "element": {
                "element_type": "minecraft:single_pool_element",
                "projection": "rigid",
                "location": "dnl:plains_labyrinth/mazes_split/5",
                "processors": "dnl:plains_labyrinth/remove_air"
            }
        },
        {
            "weight": 1,
            "element": {
                "element_type": "minecraft:single_pool_element",
                "projection": "rigid",
                "location": "dnl:plains_labyrinth/mazes_split/6",
                "processors": "dnl:plains_labyrinth/remove_air"
            }
        },
        {
            "weight": 1,
            "element": {
                "element_type": "minecraft:single_pool_element",
                "projection": "rigid",
                "location": "dnl:plains_labyrinth/mazes_split/7",
                "processors": "dnl:plains_labyrinth/remove_air"
            }
        },
        {
            "weight": 1,
            "element": {
                "element_type": "minecraft:single_pool_element",
                "projection": "rigid",
                "location": "dnl:plains_labyrinth/mazes_split/8",
                "processors": "dnl:plains_labyrinth/remove_air"
            }
        },
        {
            "weight": 1,
            "element": {
                "element_type": "minecraft:single_pool_element",
                "projection": "rigid",
                "location": "dnl:plains_labyrinth/mazes_split/9",
                "processors": "dnl:plains_labyrinth/remove_air"
            }
        },
        {
            "weight": 10,
            "element": {
                "element_type": "minecraft:single_pool_element",
                "projection": "rigid",
                "location": "dnl:plains_labyrinth/mazes_split/10",
                "processors": "dnl:plains_labyrinth/remove_air"
            }
        },
        {
            "weight": 11,
            "element": {
                "element_type": "minecraft:single_pool_element",
                "projection": "rigid",
                "location": "dnl:plains_labyrinth/mazes_split/11",
                "processors": "dnl:plains_labyrinth/remove_air"
            }
        },
        {
            "weight": 12,
            "element": {
                "element_type": "minecraft:single_pool_element",
                "projection": "rigid",
                "location": "dnl:plains_labyrinth/mazes_split/12",
                "processors": "dnl:plains_labyrinth/remove_air"
            }
        },
        {
            "weight": 13,
            "element": {
                "element_type": "minecraft:single_pool_element",
                "projection": "rigid",
                "location": "dnl:plains_labyrinth/mazes_split/13",
                "processors": "dnl:plains_labyrinth/remove_air"
            }
        },
        {
            "weight": 14,
            "element": {
                "element_type": "minecraft:single_pool_element",
                "projection": "rigid",
                "location": "dnl:plains_labyrinth/mazes_split/14",
                "processors": "dnl:plains_labyrinth/remove_air"
            }
        }
    ]
}