{
    "name": "dnl:plains_labyrinth/mazes_turn",
    "fallback": "dnl:plains_labyrinth/mazes_turn",
    "elements": [
        {
            "weight": 15,
            "element": {
                "element_type": "minecraft:single_pool_element",
                "projection": "rigid",
                "location": "dnl:plains_labyrinth/mazes_turn/15",
                "processors": "dnl:plains_labyrinth/remove_air"
            }
        },
        {
            "weight": 16,
            "element": {
                "element_type": "minecraft:single_pool_element",
                "projection": "rigid",
                "location": "dnl:plains_labyrinth/mazes_turn/16",
                "processors": "dnl:plains_labyrinth/remove_air"
            }
        },
        {
            "weight": 17,
            "element": {
                "element_type": "minecraft:single_pool_element",
                "projection": "rigid",
                "location": "dnl:plains_labyrinth/mazes_turn/17",
                "processors": "dnl:plains_labyrinth/remove_air"
            }
        },
        {
            "weight": 18,
            "element": {
                "element_type": "minecraft:single_pool_element",
                "projection": "rigid",
                "location": "dnl:plains_labyrinth/mazes_turn/18",
                "processors": "dnl:plains_labyrinth/remove_air"
            }
        },
        {
            "weight": 19,
            "element": {
                "element_type": "minecraft:single_pool_element",
                "projection": "rigid",
                "location": "dnl:plains_labyrinth/mazes_turn/19",
                "processors": "dnl:plains_labyrinth/remove_air"
            }
        },
        {
            "weight": 10,
            "element": {
                "element_type": "minecraft:single_pool_element",
                "projection": "rigid",
                "location": "dnl:plains_labyrinth/mazes_turn/20",
                "processors": "dnl:plains_labyrinth/remove_air"
            }
        },
        {
            "weight": 11,
            "element": {
                "element_type": "minecraft:single_pool_element",
                "projection": "rigid",
                "location": "dnl:plains_labyrinth/mazes_turn/21",
                "processors": "dnl:plains_labyrinth/remove_air"
            }
        },
        {
            "weight": 12,
            "element": {
                "element_type": "minecraft:single_pool_element",
                "projection": "rigid",
                "location": "dnl:plains_labyrinth/mazes_turn/22",
                "processors": "dnl:plains_labyrinth/remove_air"
            }
        },
        {
            "weight": 13,
            "element": {
                "element_type": "minecraft:single_pool_element",
                "projection": "rigid",
                "location": "dnl:plains_labyrinth/mazes_turn/23",
                "processors": "dnl:plains_labyrinth/remove_air"
            }
        },
        {
            "weight": 14,
            "element": {
                "element_type": "minecraft:single_pool_element",
                "projection": "rigid",
                "location": "dnl:plains_labyrinth/mazes_turn/24",
                "processors": "dnl:plains_labyrinth/remove_air"
            }
        },
        {
            "weight": 15,
            "element": {
                "element_type": "minecraft:single_pool_element",
                "projection": "rigid",
                "location": "dnl:plains_labyrinth/mazes_turn/25",
                "processors": "dnl:plains_labyrinth/remove_air"
            }
        },
        {
            "weight": 16,
            "element": {
                "element_type": "minecraft:single_pool_element",
                "projection": "rigid",
                "location": "dnl:plains_labyrinth/mazes_turn/26",
                "processors": "dnl:plains_labyrinth/remove_air"
            }
        },
        {
            "weight": 17,
            "element": {
                "element_type": "minecraft:single_pool_element",
                "projection": "rigid",
                "location": "dnl:plains_labyrinth/mazes_turn/27",
                "processors": "dnl:plains_labyrinth/remove_air"
            }
        },
        {
            "weight": 18,
            "element": {
                "element_type": "minecraft:single_pool_element",
                "projection": "rigid",
                "location": "dnl:plains_labyrinth/mazes_turn/28",
                "processors": "dnl:plains_labyrinth/remove_air"
            }
        }
    ]
}