{
    "name": "dnl:plains_labyrinth/mazes_cross",
    "fallback": "dnl:plains_labyrinth/mazes_cross",
    "elements": [
        {
            "weight": 1,
            "element": {
                "element_type": "minecraft:single_pool_element",
                "projection": "rigid",
                "location": "dnl:plains_labyrinth/mazes_cross/8",
                "processors": "dnl:plains_labyrinth/remove_air"
            }
        },
        {
            "weight": 1,
            "element": {
                "element_type": "minecraft:single_pool_element",
                "projection": "rigid",
                "location": "dnl:plains_labyrinth/mazes_cross/9",
                "processors": "dnl:plains_labyrinth/remove_air"
            }
        },
        {
            "weight": 10,
            "element": {
                "element_type": "minecraft:single_pool_element",
                "projection": "rigid",
                "location": "dnl:plains_labyrinth/mazes_cross/10",
                "processors": "dnl:plains_labyrinth/remove_air"
            }
        },
        {
            "weight": 11,
            "element": {
                "element_type": "minecraft:single_pool_element",
                "projection": "rigid",
                "location": "dnl:plains_labyrinth/mazes_cross/11",
                "processors": "dnl:plains_labyrinth/remove_air"
            }
        },
        {
            "weight": 12,
            "element": {
                "element_type": "minecraft:single_pool_element",
                "projection": "rigid",
                "location": "dnl:plains_labyrinth/mazes_cross/12",
                "processors": "dnl:plains_labyrinth/remove_air"
            }
        },
        {
            "weight": 13,
            "element": {
                "element_type": "minecraft:single_pool_element",
                "projection": "rigid",
                "location": "dnl:plains_labyrinth/mazes_cross/13",
                "processors": "dnl:plains_labyrinth/remove_air"
            }
        },
        {
            "weight": 14,
            "element": {
                "element_type": "minecraft:single_pool_element",
                "projection": "rigid",
                "location": "dnl:plains_labyrinth/mazes_cross/14",
                "processors": "dnl:plains_labyrinth/remove_air"
            }
        }
    ]
}