{
    "name": "dnl:plains_labyrinth/spawners",
    "fallback": "dnl:plains_labyrinth/spawners",
    "elements": [
        {
            "weight": 1,
            "element": {
                "element_type": "minecraft:single_pool_element",
                "projection": "rigid",
                "location": "dnl:plains_labyrinth/spawners/zombie",
                "processors": "dnl:plains_labyrinth/degrade"
            }
        },
        {
            "weight": 1,
            "element": {
                "element_type": "minecraft:single_pool_element",
                "projection": "rigid",
                "location": "dnl:plains_labyrinth/spawners/skeleton",
                "processors": "dnl:plains_labyrinth/degrade"
            }
        },
        {
            "weight": 1,
            "element": {
                "element_type": "minecraft:single_pool_element",
                "projection": "rigid",
                "location": "dnl:plains_labyrinth/spawners/spider",
                "processors": "dnl:plains_labyrinth/degrade"
            }
        }
    ]
}