{
    "pools":[
        {
            "rolls":1,
            "entries": [
				{
					"type": "minecraft:item",
					"name": "minecraft:potion",
					"functions": [
						{
							"function": "minecraft:set_nbt",
							"tag": "{CustomPotionEffects:[{Id:3,Amplifier:1,Duration:4800},{Id:16,Duration:4800}],CustomPotionColor:16431104}"
						},
						{
							"function": "minecraft:set_name",
							"entity": "this",
							"name": {
								"translate": "Spelunker Potion",
								"italic": false
							}
						}
					]
				},
				{
					"type": "minecraft:item",
					"name": "minecraft:potion",
					"functions": [
						{
							"function": "minecraft:set_nbt",
							"tag": "{CustomPotionEffects:[{Id:6,Amplifier:2},{Id:10,Amplifier:1,Duration:720},{Id:21,Amplifier:1,Duration:720}],CustomPotionColor:16750351}"
						},
						{
							"function": "minecraft:set_name",
							"entity": "this",
							"name": {
								"translate": "Royal Jelly",
								"color": "#DF9800",
								"italic": false
							}
						}
					]
				},
				{
					"type": "minecraft:item",
					"name": "minecraft:potion",
					"functions": [
						{
							"function": "minecraft:set_nbt",
							"tag": "{CustomPotionEffects:[{Id:5,Amplifier:2,Duration:600},{Id:15,Duration:600}],CustomPotionColor:10027010}"
						},
						{
							"function": "minecraft:set_name",
							"entity": "this",
							"name": {
								"translate": "Blind Rage Potion",
								"color": "#870000",
								"italic": false
							}
						}
					]
				},
				{
					"type": "minecraft:item",
					"name": "minecraft:potion",
					"functions": [
						{
							"function": "minecraft:set_nbt",
							"tag": "{CustomPotionEffects:[{Id:2,Duration:72000},{Id:4,Duration:72000},{Id:9,Duration:72000},{Id:15,Duration:72000},{Id:18,Duration:72000},{Id:19,Duration:72000},{Id:20,Duration:72000},{Id:25,Duration:72000}],CustomPotionColor:16056354}"
						},
						{
							"function": "minecraft:set_name",
							"entity": "this",
							"name": {
								"translate": "Red Potion",
								"color": "#FF5454",
								"italic": false
							}
						}
					]
				},
				{
					"type": "minecraft:item",
					"name": "minecraft:potion",
					"functions": [
						{
							"function": "minecraft:set_nbt",
							"tag": "{Potion:\"minecraft:water\",CustomPotionEffects:[{Id:30,Duration:1200}]}"
						},
						{
							"function": "minecraft:set_name",
							"entity": "this",
							"name": {
								"translate": "Grace Potion",
								"color": "#D6D6D6",
								"italic": false
							}
						}
					]
				},
				{
					"type": "minecraft:item",
					"name": "minecraft:potion",
					"functions": [
						{
							"function": "minecraft:set_nbt",
							"tag": "{Potion:\"minecraft:water\",CustomPotionEffects:[{Id:33,Duration:640}]}"
						},
						{
							"function": "minecraft:set_name",
							"entity": "this",
							"name": {
								"translate": "Bottled Darnkess",
								"color": "#0B6138",
								"italic": false
							}
						}
					]
				},
				{
					"type": "minecraft:item",
					"name": "minecraft:potion",
					"functions": [
						{
							"function": "minecraft:set_nbt",
							"tag": "{Potion:\"minecraft:water\",CustomPotionEffects:[{Id:31,Duration:667100}]}"
						},
						{
							"function": "minecraft:set_name",
							"entity": "this",
							"name": {
								"translate": "Cursed Potion",
								"color": "#0B6138",
								"italic": false
							}
						}
					]
				},
				{
					"type": "minecraft:item",
					"name": "minecraft:potion",
					"functions": [
						{
							"function": "minecraft:set_nbt",
							"tag": "{Potion:\"minecraft:water\",CustomPotionEffects:[{Id:11,Duration:3600}]}"
						},
						{
							"function": "minecraft:set_name",
							"entity": "this",
							"name": {
								"translate": "Endurance Potion",
								"color": "#99453A",
								"italic": false
							}
						}
					]
				},
				{
					"type": "minecraft:item",
					"name": "minecraft:potion",
					"functions": [
						{
							"function": "minecraft:set_nbt",
							"tag": "{Potion:\"minecraft:water\",CustomPotionEffects:[{Id:26,Duration:3600}]}"
						},
						{
							"function": "minecraft:set_name",
							"entity": "this",
							"name": {
								"translate": "Luck Potion",
								"color": "#339900",
								"italic": false
							}
						}
					]
				},
				{
					"type": "minecraft:item",
					"name": "minecraft:potion",
					"functions": [
						{
							"function": "minecraft:set_nbt",
							"tag": "{Potion:\"minecraft:water\",CustomPotionEffects:[{Id:27,Duration:3600}]}"
						},
						{
							"function": "minecraft:set_name",
							"entity": "this",
							"name": {
								"translate": "Unluck Potion",
								"color": "#C0A44D",
								"italic": false
							}
						}
					]
				}
            ]
        }
    ]
}