{
    "name": "dnl:plains_labyrinth/decors/center",
    "fallback": "dnl:plains_labyrinth/decors/center",
    "elements": [
        {
            "weight": 1,
            "element": {
                "element_type": "minecraft:single_pool_element",
                "projection": "rigid",
                "location": "dnl:plains_labyrinth/decors/center/carpet_1",
                "processors": "dnl:plains_labyrinth/degrade"
            }
        },
        {
            "weight": 1,
            "element": {
                "element_type": "minecraft:single_pool_element",
                "projection": "rigid",
                "location": "dnl:plains_labyrinth/decors/center/carpet_2",
                "processors": "dnl:plains_labyrinth/degrade"
            }
        },
        {
            "weight": 1,
            "element": {
                "element_type": "minecraft:single_pool_element",
                "projection": "rigid",
                "location": "dnl:plains_labyrinth/decors/center/carpet_3",
                "processors": "dnl:plains_labyrinth/degrade"
            }
        },
        {
            "weight": 6,
            "element": {
                "element_type": "minecraft:empty_pool_element",
                "projection": "rigid"
            }
        }
    ]
}