{
    "name": "dnl:plains_labyrinth/decors/end",
    "fallback": "dnl:plains_labyrinth/decors/end",
    "elements": [
        {
            "weight": 108,
            "element": {
                "element_type": "minecraft:single_pool_element",
                "projection": "rigid",
                "location": "dnl:plains_labyrinth/decors/end/decor",
                "processors": "dnl:plains_labyrinth/degrade"
            }
        },
        {
            "weight": 9,
            "element": {
                "element_type": "minecraft:single_pool_element",
                "projection": "rigid",
                "location": "dnl:plains_labyrinth/decors/end/common_loot",
                "processors": "dnl:plains_labyrinth/degrade"
            }
        },
        {
            "weight": 6,
            "element": {
                "element_type": "minecraft:single_pool_element",
                "projection": "rigid",
                "location": "dnl:plains_labyrinth/decors/end/spawner",
                "processors": "dnl:plains_labyrinth/degrade"
            }
        },
        {
            "weight": 6,
            "element": {
                "element_type": "minecraft:single_pool_element",
                "projection": "rigid",
                "location": "dnl:plains_labyrinth/decors/end/spawner_cage",
                "processors": "dnl:plains_labyrinth/degrade"
            }
        },
        {
            "weight": 6,
            "element": {
                "element_type": "minecraft:single_pool_element",
                "projection": "rigid",
                "location": "dnl:plains_labyrinth/decors/end/spawner_height",
                "processors": "dnl:plains_labyrinth/degrade"
            }
        },
        {
            "weight": 1,
            "element": {
                "element_type": "minecraft:single_pool_element",
                "projection": "rigid",
                "location": "dnl:plains_labyrinth/decors/end/alchemy_sharpened_bone",
                "processors": "dnl:plains_labyrinth/degrade"
            }
        },
        {
            "weight": 1,
            "element": {
                "element_type": "minecraft:single_pool_element",
                "projection": "rigid",
                "location": "dnl:plains_labyrinth/decors/end/alchemy_staring_flesh",
                "processors": "dnl:plains_labyrinth/degrade"
            }
        },
        {
            "weight": 1,
            "element": {
                "element_type": "minecraft:single_pool_element",
                "projection": "rigid",
                "location": "dnl:plains_labyrinth/decors/end/monolith_fleshbone_bow",
                "processors": "dnl:plains_labyrinth/degrade"
            }
        },
        {
            "weight": 1,
            "element": {
                "element_type": "minecraft:single_pool_element",
                "projection": "rigid",
                "location": "dnl:plains_labyrinth/decors/end/monolith_fleshbone_sword",
                "processors": "dnl:plains_labyrinth/degrade"
            }
        },
        {
            "weight": 1,
            "element": {
                "element_type": "minecraft:single_pool_element",
                "projection": "rigid",
                "location": "dnl:plains_labyrinth/decors/end/dungeon_skeleton",
                "processors": "dnl:plains_labyrinth/degrade"
            }
        },
        {
            "weight": 1,
            "element": {
                "element_type": "minecraft:single_pool_element",
                "projection": "rigid",
                "location": "dnl:plains_labyrinth/decors/end/dungeon_spider",
                "processors": "dnl:plains_labyrinth/degrade"
            }
        },
        {
            "weight": 1,
            "element": {
                "element_type": "minecraft:single_pool_element",
                "projection": "rigid",
                "location": "dnl:plains_labyrinth/decors/end/dungeon_zombie",
                "processors": "dnl:plains_labyrinth/degrade"
            }
        },
        {
            "weight": 3,
            "element": {
                "element_type": "minecraft:single_pool_element",
                "projection": "rigid",
                "location": "dnl:plains_labyrinth/decors/end/torch",
                "processors": "dnl:plains_labyrinth/degrade"
            }
        }
    ]
}