{
    "pools": [
        {
            "rolls": 1,
            "entries": [
                {
                    "type": "minecraft:item",
                    "name": "minecraft:emerald",
                    "functions": [
                        {
                            "function": "minecraft:set_nbt",
                            "tag": "{display:{Name:'{\"text\":\"Ominous Emerald\",\"color\":\"gold\",\"italic\":false}',Lore:['{\"text\":\"Enhanced Emerald\",\"color\":\"gray\",\"italic\":false}']},CustomModelData:17004,dnl.item:1b,dnl.ominous_emerald:1b,Enchantments:[{}]}"
                        }
                    ]
                }
            ]
        }
    ]
}