{
  "pools": [
    {
      "rolls": 1,
      "entries": [
        {
          "type": "minecraft:item",
          "name": "minecraft:bone",
          "functions": [
            {
              "function": "minecraft:set_nbt",
              "tag": "{display:{Name:'{\"text\":\"Sharpened Bone\",\"color\":\"gold\",\"italic\":false}',Lore:['{\"text\":\"Enhanced Material\",\"color\":\"gray\",\"italic\":false}']},CustomModelData:17002,dnl.item:1b,dnl.sharpened_bone:1b,dnl.unconvertable:1b,Enchantments:[{}]}"
            }
          ]
        }
      ]
    }
  ]
}
