{
    "pools": [
      {
        "rolls": 1,
        "entries": [
          {
            "type": "minecraft:item",
            "name": "minecraft:iron_nugget",
            "functions": [
              {
                "function": "minecraft:set_nbt",
                "tag": "{display:{Name:'{\"text\":\"Spawner Fragment\",\"color\":\"gold\",\"italic\":false}',Lore:['{\"text\":\"Enhanced Material\",\"color\":\"gray\",\"italic\":false}']},CustomModelData:17003,dnl.item:1b,dnl.spawner_fragment:1b,dnl.unconvertable:1b,Enchantments:[{}]}"
              }
            ]
          }
        ]
      }
    ]
  }
  