{
  "pools": [
    {
      "rolls": 1,
      "entries": [
        {
          "type": "minecraft:item",
          "name": "minecraft:book",
          "functions": [
            {
              "function": "minecraft:set_nbt",
              "tag": "{display:{Name:'{\"text\":\"Spell Breaker\",\"color\":\"light_purple\",\"italic\":false}',Lore:['{\"text\":\"A magical book that can break\",\"color\":\"dark_gray\",\"italic\":false}','{\"text\":\"the dungeon spells.\",\"color\":\"dark_gray\",\"italic\":false}']},CustomModelData:100001,dnl.item:1b,dnl.spell_breaker:1b,dnl.unconvertable:1b,Enchantments:[{}]}"
            }
          ]
        }
      ]
    }
  ]
}
