{
    "criteria": {
      "requirement": {
        "trigger": "minecraft:player_hurt_entity",
        "conditions": {
          "player": [],
          "damage": {
            "type": {
              "is_projectile": true,
              "direct_entity": {
                "type": "#minecraft:arrows",
                "nbt": "{Tags:[\"dnl.effect_name\"]}"
              }
            }
          },
          "entity": []
        }
      }
    },
    "rewards": {
      "function": "dnl.plains:items/arrows/effect_name/trigger"
    }
  }
  