[
    {
        "condition": "minecraft:alternative",
        "terms": [
            {
                "condition": "minecraft:entity_properties",
                "entity": "this",
                "predicate": {
                    "nbt": "{Item:{tag:{EnchantmentPlusData:{id:\"table\"}}}}"
                }
            },
            {
                "condition": "minecraft:entity_properties",
                "entity": "this",
                "predicate": {
                    "nbt": "{Item:{tag:{EnchantmentPlusId:\"table\"}}}"
                }
            }
        ]
    },
    {
        "condition": "minecraft:inverted",
        "term": {
            "condition": "minecraft:entity_properties",
            "entity": "this",
            "predicate": {
                "nbt": "{Item:{tag:{EnchantmentPlusData:{version:15}}}}"
            }
        }
    }
]