[
	{
		"condition": "minecraft:location_check",
		"predicate": {
			"block": {
				"tag": "enchantmentplus:obtain/center_block"
			}
		}
	},
    {
		"condition": "minecraft:location_check",
		"offsetY": -1,
		"predicate": {
			"block": {
				"tag": "enchantmentplus:obtain/side_blocks"
			}
		}
	},
    {
		"condition": "minecraft:location_check",
		"offsetX": 1,
		"predicate": {
			"block": {
				"tag": "enchantmentplus:obtain/side_blocks"
			}
		}
	},
    {
		"condition": "minecraft:location_check",
		"offsetX": -1,
		"predicate": {
			"block": {
				"tag": "enchantmentplus:obtain/side_blocks"
			}
		}
	},
    {
		"condition": "minecraft:location_check",
		"offsetZ": 1,
		"predicate": {
			"block": {
				"tag": "enchantmentplus:obtain/side_blocks"
			}
		}
	},
    {
		"condition": "minecraft:location_check",
		"offsetZ": -1,
		"predicate": {
			"block": {
				"tag": "enchantmentplus:obtain/side_blocks"
			}
		}
	}
]
