{
	"pools": [
		{
			"rolls": 1,
			"entries": [
				{
					"type": "minecraft:item",
					"name": "minecraft:red_sand",
					"functions": [
						{
							"function": "minecraft:set_attributes",
							"modifiers": [
								{
									"attribute": "minecraft:generic.max_health",
									"name": "foka.pandoras_box_biome",
									"amount": 1,
									"operation": "addition",
									"slot": "mainhand"
								}
							]
						}
					],
					"conditions": [
						{
							"condition": "minecraft:alternative",
							"terms": [
								{
									"condition": "minecraft:location_check",
									"predicate": {
										"biome": "minecraft:badlands"
									}
								},
								{
									"condition": "minecraft:location_check",
									"predicate": {
										"biome": "minecraft:eroded_badlands"
									}
								},
								{
									"condition": "minecraft:location_check",
									"predicate": {
										"biome": "minecraft:wooded_badlands"
									}
								}
							]
						}
					]
				},
                {
					"type": "minecraft:item",
					"name": "minecraft:sand",
					"functions": [
						{
							"function": "minecraft:set_attributes",
							"modifiers": [
								{
									"attribute": "minecraft:generic.max_health",
									"name": "foka.pandoras_box_biome",
									"amount": 2,
									"operation": "addition",
									"slot": "mainhand"
								}
							]
						}
					],
					"conditions": [
						{
							"condition": "minecraft:alternative",
							"terms": [
								{
									"condition": "minecraft:location_check",
									"predicate": {
										"biome": "minecraft:desert"
									}
								}
							]
						}
					]
				},
                {
					"type": "minecraft:item",
					"name": "minecraft:oak_leaves",
					"functions": [
						{
							"function": "minecraft:set_attributes",
							"modifiers": [
								{
									"attribute": "minecraft:generic.max_health",
									"name": "foka.pandoras_box_biome",
									"amount": 3,
									"operation": "addition",
									"slot": "mainhand"
								}
							]
						}
					],
					"conditions": [
						{
							"condition": "minecraft:alternative",
							"terms": [
								{
									"condition": "minecraft:location_check",
									"predicate": {
										"biome": "minecraft:forest"
									}
								}
							]
						}
					]
				},
                {
					"type": "minecraft:item",
					"name": "minecraft:spruce_leaves",
					"functions": [
						{
							"function": "minecraft:set_attributes",
							"modifiers": [
								{
									"attribute": "minecraft:generic.max_health",
									"name": "foka.pandoras_box_biome",
									"amount": 4,
									"operation": "addition",
									"slot": "mainhand"
								}
							]
						}
					],
					"conditions": [
						{
							"condition": "minecraft:alternative",
							"terms": [
								{
									"condition": "minecraft:location_check",
									"predicate": {
										"biome": "minecraft:taiga"
									}
								},
                                {
									"condition": "minecraft:location_check",
									"predicate": {
										"biome": "minecraft:old_growth_pine_taiga"
									}
								},
                                {
									"condition": "minecraft:location_check",
									"predicate": {
										"biome": "minecraft:old_growth_spruce_taiga"
									}
								}
							]
                        }
                    ]
				},
                {
					"type": "minecraft:item",
					"name": "minecraft:mushroom_stem",
					"functions": [
						{
							"function": "minecraft:set_attributes",
							"modifiers": [
								{
									"attribute": "minecraft:generic.max_health",
									"name": "foka.pandoras_box_biome",
									"amount": 5,
									"operation": "addition",
									"slot": "mainhand"
								}
							]
						}
					],
					"conditions": [
						{
							"condition": "minecraft:alternative",
							"terms": [
								{
									"condition": "minecraft:location_check",
									"predicate": {
										"biome": "minecraft:mushroom_fields"
									}
								}
							]
						}
					]
				},
                {
					"type": "minecraft:item",
					"name": "minecraft:prismarine",
					"functions": [
						{
							"function": "minecraft:set_attributes",
							"modifiers": [
								{
									"attribute": "minecraft:generic.max_health",
									"name": "foka.pandoras_box_biome",
									"amount": 6,
									"operation": "addition",
									"slot": "mainhand"
								}
							]
						}
					],
					"conditions": [
						{
							"condition": "minecraft:alternative",
							"terms": [
								{
									"condition": "minecraft:location_check",
									"predicate": {
										"biome": "minecraft:cold_ocean"
									}
								},
                                {
									"condition": "minecraft:location_check",
									"predicate": {
										"biome": "minecraft:deep_cold_ocean"
									}
								},
                                {
									"condition": "minecraft:location_check",
									"predicate": {
										"biome": "minecraft:ocean"
									}
								},
                                {
									"condition": "minecraft:location_check",
									"predicate": {
										"biome": "minecraft:deep_ocean"
									}
								},
                                {
									"condition": "minecraft:location_check",
									"predicate": {
										"biome": "minecraft:frozen_ocean"
									}
								},
                                {
									"condition": "minecraft:location_check",
									"predicate": {
										"biome": "minecraft:deep_frozen_ocean"
									}
								},
                                {
									"condition": "minecraft:location_check",
									"predicate": {
										"biome": "minecraft:river"
									}
								}
							]
						}
					]
				},
                {
					"type": "minecraft:item",
					"name": "minecraft:fire_coral_block",
					"functions": [
						{
							"function": "minecraft:set_attributes",
							"modifiers": [
								{
									"attribute": "minecraft:generic.max_health",
									"name": "foka.pandoras_box_biome",
									"amount": 7,
									"operation": "addition",
									"slot": "mainhand"
								}
							]
						}
					],
					"conditions": [
						{
							"condition": "minecraft:alternative",
							"terms": [
								{
									"condition": "minecraft:location_check",
									"predicate": {
										"biome": "minecraft:lukewarm_ocean"
									}
								},
								{
									"condition": "minecraft:location_check",
									"predicate": {
										"biome": "minecraft:deep_lukewarm_ocean"
									}
								},
								{
									"condition": "minecraft:location_check",
									"predicate": {
										"biome": "minecraft:warm_ocean"
									}
								}
							]
						}
					]
				},
                {
					"type": "minecraft:item",
					"name": "minecraft:coarse_dirt",
					"functions": [
						{
							"function": "minecraft:set_attributes",
							"modifiers": [
								{
									"attribute": "minecraft:generic.max_health",
									"name": "foka.pandoras_box_biome",
									"amount": 8,
									"operation": "addition",
									"slot": "mainhand"
								}
							]
						}
					],
					"conditions": [
						{
							"condition": "minecraft:alternative",
							"terms": [
								{
									"condition": "minecraft:location_check",
									"predicate": {
										"biome": "minecraft:savanna"
									}
								},
								{
									"condition": "minecraft:location_check",
									"predicate": {
										"biome": "minecraft:savanna_plateau"
									}
								},
								{
									"condition": "minecraft:location_check",
									"predicate": {
										"biome": "minecraft:windswept_savanna"
									}
								}
							]
						}
					]
				},
                {
					"type": "minecraft:item",
					"name": "minecraft:stone",
					"functions": [
						{
							"function": "minecraft:set_attributes",
							"modifiers": [
								{
									"attribute": "minecraft:generic.max_health",
									"name": "foka.pandoras_box_biome",
									"amount": 9,
									"operation": "addition",
									"slot": "mainhand"
								}
							]
						}
					],
					"conditions": [
						{
							"condition": "minecraft:alternative",
							"terms": [
								{
									"condition": "minecraft:location_check",
									"predicate": {
										"biome": "minecraft:windswept_hills"
									}
								},
								{
									"condition": "minecraft:location_check",
									"predicate": {
										"biome": "minecraft:windswept_forest"
									}
								},
								{
									"condition": "minecraft:location_check",
									"predicate": {
										"biome": "minecraft:windswept_gravelly_hills"
									}
								},
								{
									"condition": "minecraft:location_check",
									"predicate": {
										"biome": "minecraft:stony_shore"
									}
								},
								{
									"condition": "minecraft:location_check",
									"predicate": {
										"biome": "minecraft:stony_peaks"
									}
								}
							]
						}
					]
				},
                {
					"type": "minecraft:item",
					"name": "minecraft:snow_block",
					"functions": [
						{
							"function": "minecraft:set_attributes",
							"modifiers": [
								{
									"attribute": "minecraft:generic.max_health",
									"name": "foka.pandoras_box_biome",
									"amount": 10,
									"operation": "addition",
									"slot": "mainhand"
								}
							]
						}
					],
					"conditions": [
						{
							"condition": "minecraft:alternative",
							"terms": [
								{
									"condition": "minecraft:location_check",
									"predicate": {
										"biome": "minecraft:frozen_peaks"
									}
								},
								{
									"condition": "minecraft:location_check",
									"predicate": {
										"biome": "minecraft:frozen_river"
									}
								},
								{
									"condition": "minecraft:location_check",
									"predicate": {
										"biome": "minecraft:snowy_plains"
									}
								},
								{
									"condition": "minecraft:location_check",
									"predicate": {
										"biome": "minecraft:ice_spikes"
									}
								},
								{
									"condition": "minecraft:location_check",
									"predicate": {
										"biome": "minecraft:snowy_taiga"
									}
								},
								{
									"condition": "minecraft:location_check",
									"predicate": {
										"biome": "minecraft:jagged_peaks"
									}
								},
								{
									"condition": "minecraft:location_check",
									"predicate": {
										"biome": "minecraft:snowy_slopes"
									}
								},
								{
									"condition": "minecraft:location_check",
									"predicate": {
										"biome": "minecraft:grove"
									}
								}
								
							]
						}
					]
				},
                {
					"type": "minecraft:item",
					"name": "minecraft:dripstone_block",
					"functions": [
						{
							"function": "minecraft:set_attributes",
							"modifiers": [
								{
									"attribute": "minecraft:generic.max_health",
									"name": "foka.pandoras_box_biome",
									"amount": 11,
									"operation": "addition",
									"slot": "mainhand"
								}
							]
						}
					],
					"conditions": [
						{
							"condition": "minecraft:alternative",
							"terms": [
								{
									"condition": "minecraft:location_check",
									"predicate": {
										"biome": "minecraft:dripstone_caves"
									}
								}
							]
						}
					]
				},
                {
					"type": "minecraft:item",
					"name": "minecraft:moss_block",
					"functions": [
						{
							"function": "minecraft:set_attributes",
							"modifiers": [
								{
									"attribute": "minecraft:generic.max_health",
									"name": "foka.pandoras_box_biome",
									"amount": 12,
									"operation": "addition",
									"slot": "mainhand"
								}
							]
						}
					],
					"conditions": [
						{
							"condition": "minecraft:alternative",
							"terms": [
								{
									"condition": "minecraft:location_check",
									"predicate": {
										"biome": "minecraft:lush_caves"
									}
								}
							]
						}
					]
				},
                {
					"type": "minecraft:item",
					"name": "minecraft:grass_block",
					"functions": [
						{
							"function": "minecraft:set_attributes",
							"modifiers": [
								{
									"attribute": "minecraft:generic.max_health",
									"name": "foka.pandoras_box_biome",
									"amount": 13,
									"operation": "addition",
									"slot": "mainhand"
								}
							]
						}
					],
					"conditions": [
						{
							"condition": "minecraft:alternative",
							"terms": [
								{
									"condition": "minecraft:location_check",
									"predicate": {
										"biome": "minecraft:meadow"
									}
								},
								{
									"condition": "minecraft:location_check",
									"predicate": {
										"biome": "minecraft:plains"
									}
								},
								{
									"condition": "minecraft:location_check",
									"predicate": {
										"biome": "minecraft:sunflower_plains"
									}
								}
							]
						}
					]
				},
                {
					"type": "minecraft:item",
					"name": "minecraft:grass_block",
					"functions": [
						{
							"function": "minecraft:set_attributes",
							"modifiers": [
								{
									"attribute": "minecraft:generic.max_health",
									"name": "foka.pandoras_box_biome",
									"amount": 14,
									"operation": "addition",
									"slot": "mainhand"
								}
							]
						}
					],
					"conditions": [
						{
							"condition": "minecraft:alternative",
							"terms": [
								{
									"condition": "minecraft:location_check",
									"predicate": {
										"biome": "minecraft:flower_forest"
									}
								}
							]
						}
					]
				},
                {
					"type": "minecraft:item",
					"name": "minecraft:jungle_leaves",
					"functions": [
						{
							"function": "minecraft:set_attributes",
							"modifiers": [
								{
									"attribute": "minecraft:generic.max_health",
									"name": "foka.pandoras_box_biome",
									"amount": 15,
									"operation": "addition",
									"slot": "mainhand"
								}
							]
						}
					],
					"conditions": [
						{
							"condition": "minecraft:alternative",
							"terms": [
								{
									"condition": "minecraft:location_check",
									"predicate": {
										"biome": "minecraft:jungle"
									}
								},
								{
									"condition": "minecraft:location_check",
									"predicate": {
										"biome": "minecraft:bamboo_jungle"
									}
								},
								{
									"condition": "minecraft:location_check",
									"predicate": {
										"biome": "minecraft:sparse_jungle"
									}
								}
							]
						}
					]
				},
                {
					"type": "minecraft:item",
					"name": "minecraft:birch_leaves",
					"functions": [
						{
							"function": "minecraft:set_attributes",
							"modifiers": [
								{
									"attribute": "minecraft:generic.max_health",
									"name": "foka.pandoras_box_biome",
									"amount": 16,
									"operation": "addition",
									"slot": "mainhand"
								}
							]
						}
					],
					"conditions": [
						{
							"condition": "minecraft:alternative",
							"terms": [
								{
									"condition": "minecraft:location_check",
									"predicate": {
										"biome": "minecraft:birch_forest"
									}
								},
								{
									"condition": "minecraft:location_check",
									"predicate": {
										"biome": "minecraft:old_growth_birch_forest"
									}
								}
							]
						}
					]
				},
                {
					"type": "minecraft:item",
					"name": "minecraft:sand",
					"functions": [
						{
							"function": "minecraft:set_attributes",
							"modifiers": [
								{
									"attribute": "minecraft:generic.max_health",
									"name": "foka.pandoras_box_biome",
									"amount": 17,
									"operation": "addition",
									"slot": "mainhand"
								}
							]
						}
					],
					"conditions": [
						{
							"condition": "minecraft:alternative",
							"terms": [
								{
									"condition": "minecraft:location_check",
									"predicate": {
										"biome": "minecraft:beach"
									}
								}
							]
						}
					]
				},
                {
					"type": "minecraft:item",
					"name": "minecraft:slime_block",
					"functions": [
						{
							"function": "minecraft:set_attributes",
							"modifiers": [
								{
									"attribute": "minecraft:generic.max_health",
									"name": "foka.pandoras_box_biome",
									"amount": 18,
									"operation": "addition",
									"slot": "mainhand"
								}
							]
						}
					],
					"conditions": [
						{
							"condition": "minecraft:alternative",
							"terms": [
								{
									"condition": "minecraft:location_check",
									"predicate": {
										"biome": "minecraft:swamp"
									}
								},
								{
									"condition": "minecraft:location_check",
									"predicate": {
										"biome": "minecraft:mangrove_swamp"
									}
								}
							]
						}
					]
				},
                {
					"type": "minecraft:item",
					"name": "minecraft:sculk",
					"functions": [
						{
							"function": "minecraft:set_attributes",
							"modifiers": [
								{
									"attribute": "minecraft:generic.max_health",
									"name": "foka.pandoras_box_biome",
									"amount": 19,
									"operation": "addition",
									"slot": "mainhand"
								}
							]
						}
					],
					"conditions": [
						{
							"condition": "minecraft:alternative",
							"terms": [
								{
									"condition": "minecraft:location_check",
									"predicate": {
										"biome": "minecraft:deep_dark"
									}
								}
							]
						}
					]
				}
			]
		}
	]
}
