{
	"type": "minecraft:fishing",
	"pools": [
		{
			"rolls": 1,
			"bonus_rolls": 0,
			"entries": [
				{
					"type": "minecraft:loot_table",
					"weight": 10,
					"quality": -2,
					"name": "fokastudio:end/void_fishing/junk"
				},
				{
					"type": "minecraft:loot_table",
					"weight": 5,
					"quality": 2,
					"name": "fokastudio:end/void_fishing/treasure"
				},
				{
					"type": "minecraft:loot_table",
					"weight": 55,
					"quality": -1,
					"name": "fokastudio:end/void_fishing/fish"
				}
			]
		}
	]
}
