[
    {
        "condition": "minecraft:inverted",
        "term": {
            "condition": "minecraft:location_check",
            "predicate": {
                "block": {
                    "nbt": "{Items:[{Slot:15b}]}"
                }
            }
        }
    },
    {
        "condition": "minecraft:inverted",
        "term": {
            "condition": "minecraft:entity_properties",
            "entity": "this",
            "predicate": {
                "nbt": "{Tags:[\"enchantmentplus_displaying\"]}"
            }
        }
    },
    {
        "condition": "minecraft:inverted",
        "term": {
            "condition": "minecraft:entity_scores",
            "entity": "this",
            "scores": {
                "ENCHRecipeId": 2003
            }
        }
    },
    {
        "condition": "minecraft:reference",
        "name": "enchantmentplus:recipes/empty_slots/all"
    },
    {
        "condition": "minecraft:alternative",
        "terms": [
            {
                "condition": "minecraft:reference",
                "name": "enchantmentplus:recipes/gears/head_turtle"
            },
            {
                "condition": "minecraft:reference",
                "name": "enchantmentplus:recipes/gears/chest"
            },
            {
                "condition": "minecraft:reference",
                "name": "enchantmentplus:recipes/gears/legs"
            },
            {
                "condition": "minecraft:reference",
                "name": "enchantmentplus:recipes/gears/feet"
            }
        ]
    },
    {
        "condition": "minecraft:inverted",
        "term": {
            "condition": "minecraft:location_check",
            "predicate": {
                "block": {
                    "nbt": "{Items:[{Slot:11b,tag:{Enchantments:[{id:\"minecraft:blast_protection\",lvl:10s}]}}]}"
                }
            }
        }
    },
    {
        "condition": "minecraft:inverted",
        "term": {
            "condition": "minecraft:location_check",
            "predicate": {
                "block": {
                    "nbt": "{Items:[{Slot:11b,tag:{Enchantments:[{id:\"minecraft:protection\"}]}}]}"
                }
            }
        }
    },
    {
        "condition": "minecraft:inverted",
        "term": {
            "condition": "minecraft:location_check",
            "predicate": {
                "block": {
                    "nbt": "{Items:[{Slot:11b,tag:{Enchantments:[{id:\"minecraft:fire_protection\"}]}}]}"
                }
            }
        }
    },
    {
        "condition": "minecraft:inverted",
        "term": {
            "condition": "minecraft:location_check",
            "predicate": {
                "block": {
                    "nbt": "{Items:[{Slot:11b,tag:{Enchantments:[{id:\"minecraft:projectile_protection\"}]}}]}"
                }
            }
        }
    },
    {
        "condition": "minecraft:alternative",
        "terms": [
            {
                "condition": "minecraft:location_check",
                "predicate": {
                    "block": {
                        "nbt": "{Items:[{id:\"minecraft:tnt\",Count:40b}]}"
                    }
                }
            },
            {
                "condition": "minecraft:location_check",
                "predicate": {
                    "block": {
                        "nbt": "{Items:[{id:\"minecraft:tnt\",Count:41b}]}"
                    }
                }
            },
            {
                "condition": "minecraft:location_check",
                "predicate": {
                    "block": {
                        "nbt": "{Items:[{id:\"minecraft:tnt\",Count:42b}]}"
                    }
                }
            },
            {
                "condition": "minecraft:location_check",
                "predicate": {
                    "block": {
                        "nbt": "{Items:[{id:\"minecraft:tnt\",Count:43b}]}"
                    }
                }
            },
            {
                "condition": "minecraft:location_check",
                "predicate": {
                    "block": {
                        "nbt": "{Items:[{id:\"minecraft:tnt\",Count:44b}]}"
                    }
                }
            },
            {
                "condition": "minecraft:location_check",
                "predicate": {
                    "block": {
                        "nbt": "{Items:[{id:\"minecraft:tnt\",Count:45b}]}"
                    }
                }
            },
            {
                "condition": "minecraft:location_check",
                "predicate": {
                    "block": {
                        "nbt": "{Items:[{id:\"minecraft:tnt\",Count:46b}]}"
                    }
                }
            },
            {
                "condition": "minecraft:location_check",
                "predicate": {
                    "block": {
                        "nbt": "{Items:[{id:\"minecraft:tnt\",Count:47b}]}"
                    }
                }
            },
            {
                "condition": "minecraft:location_check",
                "predicate": {
                    "block": {
                        "nbt": "{Items:[{id:\"minecraft:tnt\",Count:48b}]}"
                    }
                }
            },
            {
                "condition": "minecraft:location_check",
                "predicate": {
                    "block": {
                        "nbt": "{Items:[{id:\"minecraft:tnt\",Count:49b}]}"
                    }
                }
            },
            {
                "condition": "minecraft:location_check",
                "predicate": {
                    "block": {
                        "nbt": "{Items:[{id:\"minecraft:tnt\",Count:50b}]}"
                    }
                }
            },
            {
                "condition": "minecraft:location_check",
                "predicate": {
                    "block": {
                        "nbt": "{Items:[{id:\"minecraft:tnt\",Count:51b}]}"
                    }
                }
            },
            {
                "condition": "minecraft:location_check",
                "predicate": {
                    "block": {
                        "nbt": "{Items:[{id:\"minecraft:tnt\",Count:52b}]}"
                    }
                }
            },
            {
                "condition": "minecraft:location_check",
                "predicate": {
                    "block": {
                        "nbt": "{Items:[{id:\"minecraft:tnt\",Count:53b}]}"
                    }
                }
            },
            {
                "condition": "minecraft:location_check",
                "predicate": {
                    "block": {
                        "nbt": "{Items:[{id:\"minecraft:tnt\",Count:54b}]}"
                    }
                }
            },
            {
                "condition": "minecraft:location_check",
                "predicate": {
                    "block": {
                        "nbt": "{Items:[{id:\"minecraft:tnt\",Count:55b}]}"
                    }
                }
            },
            {
                "condition": "minecraft:location_check",
                "predicate": {
                    "block": {
                        "nbt": "{Items:[{id:\"minecraft:tnt\",Count:56b}]}"
                    }
                }
            },
            {
                "condition": "minecraft:location_check",
                "predicate": {
                    "block": {
                        "nbt": "{Items:[{id:\"minecraft:tnt\",Count:57b}]}"
                    }
                }
            },
            {
                "condition": "minecraft:location_check",
                "predicate": {
                    "block": {
                        "nbt": "{Items:[{id:\"minecraft:tnt\",Count:58b}]}"
                    }
                }
            },
            {
                "condition": "minecraft:location_check",
                "predicate": {
                    "block": {
                        "nbt": "{Items:[{id:\"minecraft:tnt\",Count:59b}]}"
                    }
                }
            },
            {
                "condition": "minecraft:location_check",
                "predicate": {
                    "block": {
                        "nbt": "{Items:[{id:\"minecraft:tnt\",Count:60b}]}"
                    }
                }
            },
            {
                "condition": "minecraft:location_check",
                "predicate": {
                    "block": {
                        "nbt": "{Items:[{id:\"minecraft:tnt\",Count:61b}]}"
                    }
                }
            },
            {
                "condition": "minecraft:location_check",
                "predicate": {
                    "block": {
                        "nbt": "{Items:[{id:\"minecraft:tnt\",Count:62b}]}"
                    }
                }
            },
            {
                "condition": "minecraft:location_check",
                "predicate": {
                    "block": {
                        "nbt": "{Items:[{id:\"minecraft:tnt\",Count:63b}]}"
                    }
                }
            },
            {
                "condition": "minecraft:location_check",
                "predicate": {
                    "block": {
                        "nbt": "{Items:[{id:\"minecraft:tnt\",Count:64b}]}"
                    }
                }
            }
        ]
    }
]