{
    "display": {
      "icon": {
        "item": "minecraft:goat_horn",
        "nbt": "{CustomModelData:17107}"
      },
      "title": "Camp Chief",
      "description": "Defeat the Camp Chief and obtain the Ominous Horn!",
      "frame": "challenge",
      "show_toast": true,
      "announce_to_chat": true,
      "hidden": false
    },
    "parent": "dnl:story/structures/pillager_camp/complete_normal_raid",
    "criteria": {
      "obatin goat horn": {
        "trigger": "minecraft:inventory_changed",
        "conditions": {
          "items": [
            {
              "items": [
                "minecraft:goat_horn"
              ],
              "nbt": "{dnl.ominous_horn:1b}"
            }
          ]
        }
      }
    }
  }
  