{
    "display": {
      "icon": {
        "item": "minecraft:totem_of_undying"
      },
      "title": "Demolishing the Raid",
      "description": "Complete the legendary raid that has the purple bar!",
      "frame": "challenge",
      "show_toast": true,
      "announce_to_chat": true,
      "hidden": false
    },
    "parent": "dnl:story/structures/pillager_camp/complete_hard_raid",
    "criteria": {
      "legendary_raid": {
        "trigger": "minecraft:player_generates_container_loot",
        "conditions": {
          "loot_table": "dnl:structures/outpost/chests/raid_legendary"
        }
      }
    }
  }
  