{
    "display": {
      "icon": {
        "item": "minecraft:crossbow"
      },
      "title": "Defeating the Raid",
      "description": "Complete the normal raid that has the green bar!",
      "frame": "task",
      "show_toast": true,
      "announce_to_chat": true,
      "hidden": false
    },
    "parent": "dnl:story/structures/pillager_camp/locate",
    "criteria": {
      "normal_raid": {
        "trigger": "minecraft:player_generates_container_loot",
        "conditions": {
          "loot_table": "dnl:structures/outpost/chests/raid_common"
        }
      }
    }
  }
  