{
    "display": {
      "icon": {
        "item": "minecraft:iron_axe",
        "nbt": "{CustomModelData:17104}"
      },
      "title": "Switching Sides",
      "description": "Obtain all of the ominous tools, including the ominous axe, crossbow, and horn.",
      "frame": "challenge",
      "show_toast": true,
      "announce_to_chat": true,
      "hidden": false
    },
    "parent": "dnl:story/structures/pillager_camp/ominous_trader",
    "criteria": {
      "ominous axe": {
        "trigger": "minecraft:inventory_changed",
        "conditions": {
          "items": [
            {
              "items": [
                "minecraft:iron_axe"
              ],
              "nbt": "{dnl.ominous_axe:1b}"
            }
          ]
        }
      },
      "ominous crossbow": {
        "trigger": "minecraft:inventory_changed",
        "conditions": {
          "items": [
            {
              "items": [
                "minecraft:crossbow"
              ],
              "nbt": "{dnl.ominous_crossbow:1b}"
            }
          ]
        }
      },
      "ominous horn": {
        "trigger": "minecraft:inventory_changed",
        "conditions": {
          "items": [
            {
              "items": [
                "minecraft:goat_horn"
              ],
              "nbt": "{dnl.ominous_horn:1b}"
            }
          ]
        }
      }
    },
    "requirements": [
      [
        "ominous axe"
      ],
      [
        "ominous crossbow"
      ],
      [
        "ominous horn"
      ]
    ]
  }
  