{
	"type": "minecraft:end_spike",
	"config": {
		"crystal_invulnerable": false,
		"spikes": [
			{
				"centerX": 42,
				"centerZ": 0,
				"radius": 5,
				"height": 140,
				"guarded": false
			},
			{
				"centerX": 33,
				"centerZ": 24,
				"radius": 6,
				"height": 145,
				"guarded": false
			},
			{
				"centerX": 12,
				"centerZ": 39,
				"radius": 6,
				"height": 114,
				"guarded": true
			},
			{
				"centerX": -13,
				"centerZ": 39,
				"radius": 5,
				"height": 146,
				"guarded": true
			},
			{
				"centerX": -34,
				"centerZ": 24,
				"radius": 4,
				"height": 145,
				"guarded": false
			},
			{
				"centerX": -42,
				"centerZ": 0,
				"radius": 5,
				"height": 113,
				"guarded": false
			},
			{
				"centerX": -34,
				"centerZ": -25,
				"radius": 6,
				"height": 140,
				"guarded": false
			},
			{
				"centerX": -13,
				"centerZ": -40,
				"radius": 7,
				"height": 116,
				"guarded": true
			},
			{
				"centerX": 12,
				"centerZ": -40,
				"radius": 5,
				"height": 127,
				"guarded": false
			},
			{
				"centerX": 33,
				"centerZ": -25,
				"radius": 8,
				"height": 115,
				"guarded": true
			}
		]
	}
}
