{
    "pools": [
      {
        "rolls": 1,
        "entries": [
          {
            "type": "minecraft:item",
            "name": "minecraft:book",
            "functions": [
              {
                "function": "minecraft:set_nbt",
                "tag": "{display:{Name:'{\"text\":\"Pillager Camp\",\"color\":\"aqua\",\"italic\":false}',Lore:['{\"text\":\"Dungeon Trophy\",\"color\":\"gray\",\"italic\":false}']},CustomModelData:600018,dnl.item:1b,dnl.trophy:1b,dnl.pillager_camp:1b,dnl.unconvertable:1b}"
              }
            ]
          }
        ]
      }
    ]
  }
  