{
	"pools": [
		{
			"rolls": {
				"min": 4,
				"max": 7
			},
			"entries": [
				{
					"type": "minecraft:item",
					"weight": 25,
					"name": "minecraft:sand",
					"functions": [
						{
							"function": "minecraft:set_count",
							"count": {
								"min": 5,
								"max": 9
							},
							"add": false
						}
					]
				},
				{
					"type": "minecraft:item",
					"weight": 15,
					"name": "minecraft:cactus",
					"functions": [
						{
							"function": "minecraft:set_count",
							"count": {
								"min": 1,
								"max": 4
							},
							"add": false
						}
					]
				},
				{
					"type": "minecraft:item",
					"weight": 17,
					"name": "minecraft:dead_bush",
					"functions": [
						{
							"function": "minecraft:set_count",
							"count": {
								"min": 1,
								"max": 2
							},
							"add": false
						}
					]
				},
				{
					"type": "minecraft:item",
					"name": "minecraft:sandstone",
					"functions": [
						{
							"function": "minecraft:set_count",
							"count": {
								"min": 4,
								"max": 10
							},
							"add": false
						}
					]
				},
				{
					"type": "minecraft:item",
					"name": "minecraft:terracotta",
					"functions": [
						{
							"function": "minecraft:set_count",
							"count": {
								"min": 3,
								"max": 6
							},
							"add": false
						}
					]
				}
			]
		}
	]
}
