[
    {
        "condition": "minecraft:entity_properties",
        "entity": "this",
        "predicate": {
            "nbt": "{Tags:[\"enchantmentplus_displaying\"]}"
        }
    },
    {
        "condition": "minecraft:location_check",
        "predicate": {
            "block": {
                "nbt": "{Items:[{Slot:15b}]}"
            }
        }
    },
    {
        "condition": "minecraft:alternative",
        "terms": [
            {
                "condition": "minecraft:inverted",
                "term": {
                    "condition": "minecraft:reference",
                    "name": "enchantmentplus:recipes/custom/antigravity"
                }
            },
            {
                "condition": "minecraft:inverted",
                "term": {
                    "condition": "minecraft:reference",
                    "name": "enchantmentplus:recipes/custom/autosmelt"
                }
            },
            {
                "condition": "minecraft:inverted",
                "term": {
                    "condition": "minecraft:reference",
                    "name": "enchantmentplus:recipes/custom/beheading"
                }
            },
            {
                "condition": "minecraft:inverted",
                "term": {
                    "condition": "minecraft:reference",
                    "name": "enchantmentplus:recipes/custom/deflect"
                }
            },
            {
                "condition": "minecraft:inverted",
                "term": {
                    "condition": "minecraft:reference",
                    "name": "enchantmentplus:recipes/custom/direct"
                }
            },
            {
                "condition": "minecraft:inverted",
                "term": {
                    "condition": "minecraft:reference",
                    "name": "enchantmentplus:recipes/custom/experience_boost"
                }
            },
            {
                "condition": "minecraft:inverted",
                "term": {
                    "condition": "minecraft:reference",
                    "name": "enchantmentplus:recipes/custom/owleye"
                }
            },
            {
                "condition": "minecraft:inverted",
                "term": {
                    "condition": "minecraft:reference",
                    "name": "enchantmentplus:recipes/custom/feeder"
                }
            },
            {
                "condition": "minecraft:inverted",
                "term": {
                    "condition": "minecraft:reference",
                    "name": "enchantmentplus:recipes/custom/health_boost"
                }
            },
            {
                "condition": "minecraft:inverted",
                "term": {
                    "condition": "minecraft:reference",
                    "name": "enchantmentplus:recipes/custom/lightness"
                }
            },
            {
                "condition": "minecraft:inverted",
                "term": {
                    "condition": "minecraft:reference",
                    "name": "enchantmentplus:recipes/custom/icy"
                }
            },
            {
                "condition": "minecraft:inverted",
                "term": {
                    "condition": "minecraft:reference",
                    "name": "enchantmentplus:recipes/custom/lava_walker"
                }
            },
            {
                "condition": "minecraft:inverted",
                "term": {
                    "condition": "minecraft:reference",
                    "name": "enchantmentplus:recipes/custom/leaping"
                }
            },
            {
                "condition": "minecraft:inverted",
                "term": {
                    "condition": "minecraft:reference",
                    "name": "enchantmentplus:recipes/custom/lifesteal"
                }
            },
            {
                "condition": "minecraft:inverted",
                "term": {
                    "condition": "minecraft:reference",
                    "name": "enchantmentplus:recipes/custom/lumberjack"
                }
            },
            {
                "condition": "minecraft:inverted",
                "term": {
                    "condition": "minecraft:reference",
                    "name": "enchantmentplus:recipes/custom/fists"
                }
            },
            {
                "condition": "minecraft:inverted",
                "term": {
                    "condition": "minecraft:reference",
                    "name": "enchantmentplus:recipes/custom/thermal"
                }
            },
            {
                "condition": "minecraft:inverted",
                "term": {
                    "condition": "minecraft:reference",
                    "name": "enchantmentplus:recipes/custom/traveler"
                }
            },
            {
                "condition": "minecraft:inverted",
                "term": {
                    "condition": "minecraft:reference",
                    "name": "enchantmentplus:recipes/custom/unbreakable"
                }
            },
            {
                "condition": "minecraft:inverted",
                "term": {
                    "condition": "minecraft:reference",
                    "name": "enchantmentplus:recipes/custom/veinminer"
                }
            },
            {
                "condition": "minecraft:inverted",
                "term": {
                    "condition": "minecraft:reference",
                    "name": "enchantmentplus:recipes/custom/wide"
                }
            },
            {
                "condition": "minecraft:inverted",
                "term": {
                    "condition": "minecraft:reference",
                    "name": "enchantmentplus:recipes/resource/aqua_affinity"
                }
            },
            {
                "condition": "minecraft:inverted",
                "term": {
                    "condition": "minecraft:reference",
                    "name": "enchantmentplus:recipes/resource/bane_of_arthropods"
                }
            },
            {
                "condition": "minecraft:inverted",
                "term": {
                    "condition": "minecraft:reference",
                    "name": "enchantmentplus:recipes/resource/blast_protection"
                }
            },
            {
                "condition": "minecraft:inverted",
                "term": {
                    "condition": "minecraft:reference",
                    "name": "enchantmentplus:recipes/resource/channeling"
                }
            },
            {
                "condition": "minecraft:inverted",
                "term": {
                    "condition": "minecraft:reference",
                    "name": "enchantmentplus:recipes/resource/curse_of_binding"
                }
            },
            {
                "condition": "minecraft:inverted",
                "term": {
                    "condition": "minecraft:reference",
                    "name": "enchantmentplus:recipes/resource/curse_of_vanishing"
                }
            },
            {
                "condition": "minecraft:inverted",
                "term": {
                    "condition": "minecraft:reference",
                    "name": "enchantmentplus:recipes/resource/depth_strider"
                }
            },
            {
                "condition": "minecraft:inverted",
                "term": {
                    "condition": "minecraft:reference",
                    "name": "enchantmentplus:recipes/resource/efficiency"
                }
            },
            {
                "condition": "minecraft:inverted",
                "term": {
                    "condition": "minecraft:reference",
                    "name": "enchantmentplus:recipes/resource/feather_falling"
                }
            },
            {
                "condition": "minecraft:inverted",
                "term": {
                    "condition": "minecraft:reference",
                    "name": "enchantmentplus:recipes/resource/fire_aspect"
                }
            },
            {
                "condition": "minecraft:inverted",
                "term": {
                    "condition": "minecraft:reference",
                    "name": "enchantmentplus:recipes/resource/fire_protection"
                }
            },
            {
                "condition": "minecraft:inverted",
                "term": {
                    "condition": "minecraft:reference",
                    "name": "enchantmentplus:recipes/resource/flame"
                }
            },
            {
                "condition": "minecraft:inverted",
                "term": {
                    "condition": "minecraft:reference",
                    "name": "enchantmentplus:recipes/resource/fortune"
                }
            },
            {
                "condition": "minecraft:inverted",
                "term": {
                    "condition": "minecraft:reference",
                    "name": "enchantmentplus:recipes/resource/frost_walker"
                }
            },
            {
                "condition": "minecraft:inverted",
                "term": {
                    "condition": "minecraft:reference",
                    "name": "enchantmentplus:recipes/resource/impaling"
                }
            },
            {
                "condition": "minecraft:inverted",
                "term": {
                    "condition": "minecraft:reference",
                    "name": "enchantmentplus:recipes/resource/infinity"
                }
            },
            {
                "condition": "minecraft:inverted",
                "term": {
                    "condition": "minecraft:reference",
                    "name": "enchantmentplus:recipes/resource/knockback"
                }
            },
            {
                "condition": "minecraft:inverted",
                "term": {
                    "condition": "minecraft:reference",
                    "name": "enchantmentplus:recipes/resource/looting"
                }
            },
            {
                "condition": "minecraft:inverted",
                "term": {
                    "condition": "minecraft:reference",
                    "name": "enchantmentplus:recipes/resource/loyalty"
                }
            },
            {
                "condition": "minecraft:inverted",
                "term": {
                    "condition": "minecraft:reference",
                    "name": "enchantmentplus:recipes/resource/luck_of_the_sea"
                }
            },
            {
                "condition": "minecraft:inverted",
                "term": {
                    "condition": "minecraft:reference",
                    "name": "enchantmentplus:recipes/resource/lure"
                }
            },
            {
                "condition": "minecraft:inverted",
                "term": {
                    "condition": "minecraft:reference",
                    "name": "enchantmentplus:recipes/resource/mending"
                }
            },
            {
                "condition": "minecraft:inverted",
                "term": {
                    "condition": "minecraft:reference",
                    "name": "enchantmentplus:recipes/resource/multishot"
                }
            },
            {
                "condition": "minecraft:inverted",
                "term": {
                    "condition": "minecraft:reference",
                    "name": "enchantmentplus:recipes/resource/piercing"
                }
            },
            {
                "condition": "minecraft:inverted",
                "term": {
                    "condition": "minecraft:reference",
                    "name": "enchantmentplus:recipes/resource/power"
                }
            },
            {
                "condition": "minecraft:inverted",
                "term": {
                    "condition": "minecraft:reference",
                    "name": "enchantmentplus:recipes/resource/projectile_protection"
                }
            },
            {
                "condition": "minecraft:inverted",
                "term": {
                    "condition": "minecraft:reference",
                    "name": "enchantmentplus:recipes/resource/protection"
                }
            },
            {
                "condition": "minecraft:inverted",
                "term": {
                    "condition": "minecraft:reference",
                    "name": "enchantmentplus:recipes/resource/punch"
                }
            },
            {
                "condition": "minecraft:inverted",
                "term": {
                    "condition": "minecraft:reference",
                    "name": "enchantmentplus:recipes/resource/quick_charge"
                }
            },
            {
                "condition": "minecraft:inverted",
                "term": {
                    "condition": "minecraft:reference",
                    "name": "enchantmentplus:recipes/resource/respiration"
                }
            },
            {
                "condition": "minecraft:inverted",
                "term": {
                    "condition": "minecraft:reference",
                    "name": "enchantmentplus:recipes/resource/riptide"
                }
            },
            {
                "condition": "minecraft:inverted",
                "term": {
                    "condition": "minecraft:reference",
                    "name": "enchantmentplus:recipes/resource/sharpness"
                }
            },
            {
                "condition": "minecraft:inverted",
                "term": {
                    "condition": "minecraft:reference",
                    "name": "enchantmentplus:recipes/resource/silk_touch"
                }
            },
            {
                "condition": "minecraft:inverted",
                "term": {
                    "condition": "minecraft:reference",
                    "name": "enchantmentplus:recipes/resource/smite"
                }
            },
            {
                "condition": "minecraft:inverted",
                "term": {
                    "condition": "minecraft:reference",
                    "name": "enchantmentplus:recipes/resource/soul_speed"
                }
            },
            {
                "condition": "minecraft:inverted",
                "term": {
                    "condition": "minecraft:reference",
                    "name": "enchantmentplus:recipes/resource/sweeping_edge"
                }
            },
            {
                "condition": "minecraft:inverted",
                "term": {
                    "condition": "minecraft:reference",
                    "name": "enchantmentplus:recipes/resource/thorns"
                }
            },
            {
                "condition": "minecraft:inverted",
                "term": {
                    "condition": "minecraft:reference",
                    "name": "enchantmentplus:recipes/resource/unbreaking"
                }
            }
        ]
    }
]