[
    {
        "condition": "minecraft:inverted",
        "term": {
            "condition": "minecraft:location_check",
            "predicate": {
                "block": {
                    "nbt": "{Items:[{Slot:15b}]}"
                }
            }
        }
    },
    {
        "condition": "minecraft:inverted",
        "term": {
            "condition": "minecraft:entity_properties",
            "entity": "this",
            "predicate": {
                "nbt": "{Tags:[\"enchantmentplus_displaying\"]}"
            }
        }
    },
    {
        "condition": "minecraft:inverted",
        "term": {
            "condition": "minecraft:entity_scores",
            "entity": "this",
            "scores": {
                "ENCHRecipeId": 1000
            }
        }
    },
    {
        "condition": "minecraft:reference",
        "name": "enchantmentplus:recipes/empty_slots/all"
    },
    {
        "condition": "minecraft:alternative",
        "terms": [
            {
                "condition": "minecraft:location_check",
                "predicate": {
                    "block": {
                        "nbt": "{Items:[{Slot:11b,tag:{Lumberjack:1b}},{id:\"minecraft:name_tag\",tag:{display:{Name:'{\"text\":\"Lumberjack I\"}'}}}]}"
                    }
                }
            },
            {
                "condition": "minecraft:location_check",
                "predicate": {
                    "block": {
                        "nbt": "{Items:[{Slot:11b,tag:{Lumberjack:1b}},{id:\"minecraft:name_tag\",tag:{display:{Name:'{\"text\":\"Lumberjack\"}'}}}]}"
                    }
                }
            },
            {
                "condition": "minecraft:location_check",
                "predicate": {
                    "block": {
                        "nbt": "{Items:[{Slot:11b,tag:{Lumberjack:2b}},{id:\"minecraft:name_tag\",tag:{display:{Name:'{\"text\":\"Lumberjack II\"}'}}}]}"
                    }
                }
            },
            {
                "condition": "minecraft:location_check",
                "predicate": {
                    "block": {
                        "nbt": "{Items:[{Slot:11b,tag:{Lumberjack:2b}},{id:\"minecraft:name_tag\",tag:{display:{Name:'{\"text\":\"Lumberjack\"}'}}}]}"
                    }
                }
            },
            {
                "condition": "minecraft:location_check",
                "predicate": {
                    "block": {
                        "nbt": "{Items:[{Slot:11b,tag:{Lumberjack:3b}},{id:\"minecraft:name_tag\",tag:{display:{Name:'{\"text\":\"Lumberjack III\"}'}}}]}"
                    }
                }
            },
            {
                "condition": "minecraft:location_check",
                "predicate": {
                    "block": {
                        "nbt": "{Items:[{Slot:11b,tag:{Lumberjack:3b}},{id:\"minecraft:name_tag\",tag:{display:{Name:'{\"text\":\"Lumberjack\"}'}}}]}"
                    }
                }
            },
            {
                "condition": "minecraft:location_check",
                "predicate": {
                    "block": {
                        "nbt": "{Items:[{Slot:11b,tag:{Lumberjack:4b}},{id:\"minecraft:name_tag\",tag:{display:{Name:'{\"text\":\"Lumberjack IV\"}'}}}]}"
                    }
                }
            },
            {
                "condition": "minecraft:location_check",
                "predicate": {
                    "block": {
                        "nbt": "{Items:[{Slot:11b,tag:{Lumberjack:4b}},{id:\"minecraft:name_tag\",tag:{display:{Name:'{\"text\":\"Lumberjack\"}'}}}]}"
                    }
                }
            },
            {
                "condition": "minecraft:location_check",
                "predicate": {
                    "block": {
                        "nbt": "{Items:[{Slot:11b,tag:{Lumberjack:5b}},{id:\"minecraft:name_tag\",tag:{display:{Name:'{\"text\":\"Lumberjack V\"}'}}}]}"
                    }
                }
            },
            {
                "condition": "minecraft:location_check",
                "predicate": {
                    "block": {
                        "nbt": "{Items:[{Slot:11b,tag:{Lumberjack:5b}},{id:\"minecraft:name_tag\",tag:{display:{Name:'{\"text\":\"Lumberjack\"}'}}}]}"
                    }
                }
            },
            {
                "condition": "minecraft:location_check",
                "predicate": {
                    "block": {
                        "nbt": "{Items:[{Slot:11b,tag:{Direct:1b}},{id:\"minecraft:name_tag\",tag:{display:{Name:'{\"text\":\"Direct\"}'}}}]}"
                    }
                }
            },
            {
                "condition": "minecraft:location_check",
                "predicate": {
                    "block": {
                        "nbt": "{Items:[{Slot:11b,tag:{Autosmelt:1b}},{id:\"minecraft:name_tag\",tag:{display:{Name:'{\"text\":\"Autosmelt\"}'}}}]}"
                    }
                }
            },
            {
                "condition": "minecraft:location_check",
                "predicate": {
                    "block": {
                        "nbt": "{Items:[{Slot:11b,tag:{Unbreakable:1b}},{id:\"minecraft:name_tag\",tag:{display:{Name:'{\"text\":\"Unbreakable\"}'}}}]}"
                    }
                }
            },
            {
                "condition": "minecraft:location_check",
                "predicate": {
                    "block": {
                        "nbt": "{Items:[{Slot:11b,tag:{Veinminer:1b}},{id:\"minecraft:name_tag\",tag:{display:{Name:'{\"text\":\"Vein Miner I\"}'}}}]}"
                    }
                }
            },
            {
                "condition": "minecraft:location_check",
                "predicate": {
                    "block": {
                        "nbt": "{Items:[{Slot:11b,tag:{Veinminer:1b}},{id:\"minecraft:name_tag\",tag:{display:{Name:'{\"text\":\"Vein Miner\"}'}}}]}"
                    }
                }
            },
            {
                "condition": "minecraft:location_check",
                "predicate": {
                    "block": {
                        "nbt": "{Items:[{Slot:11b,tag:{Veinminer:2b}},{id:\"minecraft:name_tag\",tag:{display:{Name:'{\"text\":\"Vein Miner II\"}'}}}]}"
                    }
                }
            },
            {
                "condition": "minecraft:location_check",
                "predicate": {
                    "block": {
                        "nbt": "{Items:[{Slot:11b,tag:{Veinminer:2b}},{id:\"minecraft:name_tag\",tag:{display:{Name:'{\"text\":\"Vein Miner\"}'}}}]}"
                    }
                }
            },
            {
                "condition": "minecraft:location_check",
                "predicate": {
                    "block": {
                        "nbt": "{Items:[{Slot:11b,tag:{Veinminer:3b}},{id:\"minecraft:name_tag\",tag:{display:{Name:'{\"text\":\"Vein Miner III\"}'}}}]}"
                    }
                }
            },
            {
                "condition": "minecraft:location_check",
                "predicate": {
                    "block": {
                        "nbt": "{Items:[{Slot:11b,tag:{Veinminer:3b}},{id:\"minecraft:name_tag\",tag:{display:{Name:'{\"text\":\"Vein Miner\"}'}}}]}"
                    }
                }
            },
            {
                "condition": "minecraft:location_check",
                "predicate": {
                    "block": {
                        "nbt": "{Items:[{Slot:11b,tag:{Veinminer:4b}},{id:\"minecraft:name_tag\",tag:{display:{Name:'{\"text\":\"Vein Miner IV\"}'}}}]}"
                    }
                }
            },
            {
                "condition": "minecraft:location_check",
                "predicate": {
                    "block": {
                        "nbt": "{Items:[{Slot:11b,tag:{Veinminer:4b}},{id:\"minecraft:name_tag\",tag:{display:{Name:'{\"text\":\"Vein Miner\"}'}}}]}"
                    }
                }
            },
            {
                "condition": "minecraft:location_check",
                "predicate": {
                    "block": {
                        "nbt": "{Items:[{Slot:11b,tag:{Veinminer:5b}},{id:\"minecraft:name_tag\",tag:{display:{Name:'{\"text\":\"Vein Miner V\"}'}}}]}"
                    }
                }
            },
            {
                "condition": "minecraft:location_check",
                "predicate": {
                    "block": {
                        "nbt": "{Items:[{Slot:11b,tag:{Veinminer:5b}},{id:\"minecraft:name_tag\",tag:{display:{Name:'{\"text\":\"Vein Miner\"}'}}}]}"
                    }
                }
            },
            {
                "condition": "minecraft:location_check",
                "predicate": {
                    "block": {
                        "nbt": "{Items:[{Slot:11b,tag:{Wide:1b}},{id:\"minecraft:name_tag\",tag:{display:{Name:'{\"text\":\"Wide I\"}'}}}]}"
                    }
                }
            },
            {
                "condition": "minecraft:location_check",
                "predicate": {
                    "block": {
                        "nbt": "{Items:[{Slot:11b,tag:{Wide:1b}},{id:\"minecraft:name_tag\",tag:{display:{Name:'{\"text\":\"Wide\"}'}}}]}"
                    }
                }
            },
            {
                "condition": "minecraft:location_check",
                "predicate": {
                    "block": {
                        "nbt": "{Items:[{Slot:11b,tag:{Wide:2b}},{id:\"minecraft:name_tag\",tag:{display:{Name:'{\"text\":\"Wide II\"}'}}}]}"
                    }
                }
            },
            {
                "condition": "minecraft:location_check",
                "predicate": {
                    "block": {
                        "nbt": "{Items:[{Slot:11b,tag:{Wide:2b}},{id:\"minecraft:name_tag\",tag:{display:{Name:'{\"text\":\"Wide\"}'}}}]}"
                    }
                }
            },
            {
                "condition": "minecraft:location_check",
                "predicate": {
                    "block": {
                        "nbt": "{Items:[{Slot:11b,tag:{Wide:3b}},{id:\"minecraft:name_tag\",tag:{display:{Name:'{\"text\":\"Wide III\"}'}}}]}"
                    }
                }
            },
            {
                "condition": "minecraft:location_check",
                "predicate": {
                    "block": {
                        "nbt": "{Items:[{Slot:11b,tag:{Wide:3b}},{id:\"minecraft:name_tag\",tag:{display:{Name:'{\"text\":\"Wide\"}'}}}]}"
                    }
                }
            },
            {
                "condition": "minecraft:location_check",
                "predicate": {
                    "block": {
                        "nbt": "{Items:[{Slot:11b,tag:{Beheading:1b}},{id:\"minecraft:name_tag\",tag:{display:{Name:'{\"text\":\"Beheading I\"}'}}}]}"
                    }
                }
            },
            {
                "condition": "minecraft:location_check",
                "predicate": {
                    "block": {
                        "nbt": "{Items:[{Slot:11b,tag:{Beheading:1b}},{id:\"minecraft:name_tag\",tag:{display:{Name:'{\"text\":\"Beheading\"}'}}}]}"
                    }
                }
            },
            {
                "condition": "minecraft:location_check",
                "predicate": {
                    "block": {
                        "nbt": "{Items:[{Slot:11b,tag:{Beheading:2b}},{id:\"minecraft:name_tag\",tag:{display:{Name:'{\"text\":\"Beheading II\"}'}}}]}"
                    }
                }
            },
            {
                "condition": "minecraft:location_check",
                "predicate": {
                    "block": {
                        "nbt": "{Items:[{Slot:11b,tag:{Beheading:2b}},{id:\"minecraft:name_tag\",tag:{display:{Name:'{\"text\":\"Beheading\"}'}}}]}"
                    }
                }
            },
            {
                "condition": "minecraft:location_check",
                "predicate": {
                    "block": {
                        "nbt": "{Items:[{Slot:11b,tag:{Beheading:3b}},{id:\"minecraft:name_tag\",tag:{display:{Name:'{\"text\":\"Beheading III\"}'}}}]}"
                    }
                }
            },
            {
                "condition": "minecraft:location_check",
                "predicate": {
                    "block": {
                        "nbt": "{Items:[{Slot:11b,tag:{Beheading:3b}},{id:\"minecraft:name_tag\",tag:{display:{Name:'{\"text\":\"Beheading\"}'}}}]}"
                    }
                }
            },
            {
                "condition": "minecraft:location_check",
                "predicate": {
                    "block": {
                        "nbt": "{Items:[{Slot:11b,tag:{Beheading:4b}},{id:\"minecraft:name_tag\",tag:{display:{Name:'{\"text\":\"Beheading IV\"}'}}}]}"
                    }
                }
            },
            {
                "condition": "minecraft:location_check",
                "predicate": {
                    "block": {
                        "nbt": "{Items:[{Slot:11b,tag:{Beheading:4b}},{id:\"minecraft:name_tag\",tag:{display:{Name:'{\"text\":\"Beheading\"}'}}}]}"
                    }
                }
            },
            {
                "condition": "minecraft:location_check",
                "predicate": {
                    "block": {
                        "nbt": "{Items:[{Slot:11b,tag:{Beheading:5b}},{id:\"minecraft:name_tag\",tag:{display:{Name:'{\"text\":\"Beheading V\"}'}}}]}"
                    }
                }
            },
            {
                "condition": "minecraft:location_check",
                "predicate": {
                    "block": {
                        "nbt": "{Items:[{Slot:11b,tag:{Beheading:5b}},{id:\"minecraft:name_tag\",tag:{display:{Name:'{\"text\":\"Beheading\"}'}}}]}"
                    }
                }
            },
            {
                "condition": "minecraft:location_check",
                "predicate": {
                    "block": {
                        "nbt": "{Items:[{Slot:11b,tag:{Lifesteal:1b}},{id:\"minecraft:name_tag\",tag:{display:{Name:'{\"text\":\"Lifesteal I\"}'}}}]}"
                    }
                }
            },
            {
                "condition": "minecraft:location_check",
                "predicate": {
                    "block": {
                        "nbt": "{Items:[{Slot:11b,tag:{Lifesteal:1b}},{id:\"minecraft:name_tag\",tag:{display:{Name:'{\"text\":\"Lifesteal\"}'}}}]}"
                    }
                }
            },
            {
                "condition": "minecraft:location_check",
                "predicate": {
                    "block": {
                        "nbt": "{Items:[{Slot:11b,tag:{Lifesteal:2b}},{id:\"minecraft:name_tag\",tag:{display:{Name:'{\"text\":\"Lifesteal II\"}'}}}]}"
                    }
                }
            },
            {
                "condition": "minecraft:location_check",
                "predicate": {
                    "block": {
                        "nbt": "{Items:[{Slot:11b,tag:{Lifesteal:2b}},{id:\"minecraft:name_tag\",tag:{display:{Name:'{\"text\":\"Lifesteal\"}'}}}]}"
                    }
                }
            },
            {
                "condition": "minecraft:location_check",
                "predicate": {
                    "block": {
                        "nbt": "{Items:[{Slot:11b,tag:{Lifesteal:3b}},{id:\"minecraft:name_tag\",tag:{display:{Name:'{\"text\":\"Lifesteal III\"}'}}}]}"
                    }
                }
            },
            {
                "condition": "minecraft:location_check",
                "predicate": {
                    "block": {
                        "nbt": "{Items:[{Slot:11b,tag:{Lifesteal:3b}},{id:\"minecraft:name_tag\",tag:{display:{Name:'{\"text\":\"Lifesteal\"}'}}}]}"
                    }
                }
            },
            {
                "condition": "minecraft:location_check",
                "predicate": {
                    "block": {
                        "nbt": "{Items:[{Slot:11b,tag:{Deflect:1b}},{id:\"minecraft:name_tag\",tag:{display:{Name:'{\"text\":\"Deflect I\"}'}}}]}"
                    }
                }
            },
            {
                "condition": "minecraft:location_check",
                "predicate": {
                    "block": {
                        "nbt": "{Items:[{Slot:11b,tag:{Deflect:1b}},{id:\"minecraft:name_tag\",tag:{display:{Name:'{\"text\":\"Deflect\"}'}}}]}"
                    }
                }
            },
            {
                "condition": "minecraft:location_check",
                "predicate": {
                    "block": {
                        "nbt": "{Items:[{Slot:11b,tag:{Deflect:2b}},{id:\"minecraft:name_tag\",tag:{display:{Name:'{\"text\":\"Deflect II\"}'}}}]}"
                    }
                }
            },
            {
                "condition": "minecraft:location_check",
                "predicate": {
                    "block": {
                        "nbt": "{Items:[{Slot:11b,tag:{Deflect:2b}},{id:\"minecraft:name_tag\",tag:{display:{Name:'{\"text\":\"Deflect\"}'}}}]}"
                    }
                }
            },
            {
                "condition": "minecraft:location_check",
                "predicate": {
                    "block": {
                        "nbt": "{Items:[{Slot:11b,tag:{Deflect:3b}},{id:\"minecraft:name_tag\",tag:{display:{Name:'{\"text\":\"Deflect III\"}'}}}]}"
                    }
                }
            },
            {
                "condition": "minecraft:location_check",
                "predicate": {
                    "block": {
                        "nbt": "{Items:[{Slot:11b,tag:{Deflect:3b}},{id:\"minecraft:name_tag\",tag:{display:{Name:'{\"text\":\"Deflect\"}'}}}]}"
                    }
                }
            },
            {
                "condition": "minecraft:location_check",
                "predicate": {
                    "block": {
                        "nbt": "{Items:[{Slot:11b,tag:{Deflect:4b}},{id:\"minecraft:name_tag\",tag:{display:{Name:'{\"text\":\"Deflect IV\"}'}}}]}"
                    }
                }
            },
            {
                "condition": "minecraft:location_check",
                "predicate": {
                    "block": {
                        "nbt": "{Items:[{Slot:11b,tag:{Deflect:4b}},{id:\"minecraft:name_tag\",tag:{display:{Name:'{\"text\":\"Deflect\"}'}}}]}"
                    }
                }
            },
            {
                "condition": "minecraft:location_check",
                "predicate": {
                    "block": {
                        "nbt": "{Items:[{Slot:11b,tag:{Icy:1b}},{id:\"minecraft:name_tag\",tag:{display:{Name:'{\"text\":\"Icy I\"}'}}}]}"
                    }
                }
            },
            {
                "condition": "minecraft:location_check",
                "predicate": {
                    "block": {
                        "nbt": "{Items:[{Slot:11b,tag:{Icy:1b}},{id:\"minecraft:name_tag\",tag:{display:{Name:'{\"text\":\"Icy\"}'}}}]}"
                    }
                }
            },
            {
                "condition": "minecraft:location_check",
                "predicate": {
                    "block": {
                        "nbt": "{Items:[{Slot:11b,tag:{Icy:2b}},{id:\"minecraft:name_tag\",tag:{display:{Name:'{\"text\":\"Icy II\"}'}}}]}"
                    }
                }
            },
            {
                "condition": "minecraft:location_check",
                "predicate": {
                    "block": {
                        "nbt": "{Items:[{Slot:11b,tag:{Icy:2b}},{id:\"minecraft:name_tag\",tag:{display:{Name:'{\"text\":\"Icy\"}'}}}]}"
                    }
                }
            },
            {
                "condition": "minecraft:location_check",
                "predicate": {
                    "block": {
                        "nbt": "{Items:[{Slot:11b,tag:{Icy:3b}},{id:\"minecraft:name_tag\",tag:{display:{Name:'{\"text\":\"Icy III\"}'}}}]}"
                    }
                }
            },
            {
                "condition": "minecraft:location_check",
                "predicate": {
                    "block": {
                        "nbt": "{Items:[{Slot:11b,tag:{Icy:3b}},{id:\"minecraft:name_tag\",tag:{display:{Name:'{\"text\":\"Icy\"}'}}}]}"
                    }
                }
            },
            {
                "condition": "minecraft:location_check",
                "predicate": {
                    "block": {
                        "nbt": "{Items:[{Slot:11b,tag:{Icy:4b}},{id:\"minecraft:name_tag\",tag:{display:{Name:'{\"text\":\"Icy IV\"}'}}}]}"
                    }
                }
            },
            {
                "condition": "minecraft:location_check",
                "predicate": {
                    "block": {
                        "nbt": "{Items:[{Slot:11b,tag:{Icy:4b}},{id:\"minecraft:name_tag\",tag:{display:{Name:'{\"text\":\"Icy\"}'}}}]}"
                    }
                }
            },
            {
                "condition": "minecraft:location_check",
                "predicate": {
                    "block": {
                        "nbt": "{Items:[{Slot:11b,tag:{Icy:5b}},{id:\"minecraft:name_tag\",tag:{display:{Name:'{\"text\":\"Icy V\"}'}}}]}"
                    }
                }
            },
            {
                "condition": "minecraft:location_check",
                "predicate": {
                    "block": {
                        "nbt": "{Items:[{Slot:11b,tag:{Icy:5b}},{id:\"minecraft:name_tag\",tag:{display:{Name:'{\"text\":\"Icy\"}'}}}]}"
                    }
                }
            },
            {
                "condition": "minecraft:location_check",
                "predicate": {
                    "block": {
                        "nbt": "{Items:[{Slot:11b,tag:{HealthBoost:1b}},{id:\"minecraft:name_tag\",tag:{display:{Name:'{\"text\":\"Health Boost I\"}'}}}]}"
                    }
                }
            },
            {
                "condition": "minecraft:location_check",
                "predicate": {
                    "block": {
                        "nbt": "{Items:[{Slot:11b,tag:{HealthBoost:1b}},{id:\"minecraft:name_tag\",tag:{display:{Name:'{\"text\":\"Health Boost\"}'}}}]}"
                    }
                }
            },
            {
                "condition": "minecraft:location_check",
                "predicate": {
                    "block": {
                        "nbt": "{Items:[{Slot:11b,tag:{HealthBoost:2b}},{id:\"minecraft:name_tag\",tag:{display:{Name:'{\"text\":\"Health Boost II\"}'}}}]}"
                    }
                }
            },
            {
                "condition": "minecraft:location_check",
                "predicate": {
                    "block": {
                        "nbt": "{Items:[{Slot:11b,tag:{HealthBoost:2b}},{id:\"minecraft:name_tag\",tag:{display:{Name:'{\"text\":\"Health Boost\"}'}}}]}"
                    }
                }
            },
            {
                "condition": "minecraft:location_check",
                "predicate": {
                    "block": {
                        "nbt": "{Items:[{Slot:11b,tag:{HealthBoost:3b}},{id:\"minecraft:name_tag\",tag:{display:{Name:'{\"text\":\"Health Boost III\"}'}}}]}"
                    }
                }
            },
            {
                "condition": "minecraft:location_check",
                "predicate": {
                    "block": {
                        "nbt": "{Items:[{Slot:11b,tag:{HealthBoost:3b}},{id:\"minecraft:name_tag\",tag:{display:{Name:'{\"text\":\"Health Boost\"}'}}}]}"
                    }
                }
            },
            {
                "condition": "minecraft:location_check",
                "predicate": {
                    "block": {
                        "nbt": "{Items:[{Slot:11b,tag:{HealthBoost:4b}},{id:\"minecraft:name_tag\",tag:{display:{Name:'{\"text\":\"Health Boost IV\"}'}}}]}"
                    }
                }
            },
            {
                "condition": "minecraft:location_check",
                "predicate": {
                    "block": {
                        "nbt": "{Items:[{Slot:11b,tag:{HealthBoost:4b}},{id:\"minecraft:name_tag\",tag:{display:{Name:'{\"text\":\"Health Boost\"}'}}}]}"
                    }
                }
            },
            {
                "condition": "minecraft:location_check",
                "predicate": {
                    "block": {
                        "nbt": "{Items:[{Slot:11b,tag:{HealthBoost:5b}},{id:\"minecraft:name_tag\",tag:{display:{Name:'{\"text\":\"Health Boost V\"}'}}}]}"
                    }
                }
            },
            {
                "condition": "minecraft:location_check",
                "predicate": {
                    "block": {
                        "nbt": "{Items:[{Slot:11b,tag:{HealthBoost:5b}},{id:\"minecraft:name_tag\",tag:{display:{Name:'{\"text\":\"Health Boost\"}'}}}]}"
                    }
                }
            },
            {
                "condition": "minecraft:location_check",
                "predicate": {
                    "block": {
                        "nbt": "{Items:[{Slot:11b,tag:{ExperienceBoost:1b}},{id:\"minecraft:name_tag\",tag:{display:{Name:'{\"text\":\"Experience Boost I\"}'}}}]}"
                    }
                }
            },
            {
                "condition": "minecraft:location_check",
                "predicate": {
                    "block": {
                        "nbt": "{Items:[{Slot:11b,tag:{ExperienceBoost:1b}},{id:\"minecraft:name_tag\",tag:{display:{Name:'{\"text\":\"Experience Boost\"}'}}}]}"
                    }
                }
            },
            {
                "condition": "minecraft:location_check",
                "predicate": {
                    "block": {
                        "nbt": "{Items:[{Slot:11b,tag:{ExperienceBoost:2b}},{id:\"minecraft:name_tag\",tag:{display:{Name:'{\"text\":\"Experience Boost II\"}'}}}]}"
                    }
                }
            },
            {
                "condition": "minecraft:location_check",
                "predicate": {
                    "block": {
                        "nbt": "{Items:[{Slot:11b,tag:{ExperienceBoost:2b}},{id:\"minecraft:name_tag\",tag:{display:{Name:'{\"text\":\"Experience Boost\"}'}}}]}"
                    }
                }
            },
            {
                "condition": "minecraft:location_check",
                "predicate": {
                    "block": {
                        "nbt": "{Items:[{Slot:11b,tag:{ExperienceBoost:3b}},{id:\"minecraft:name_tag\",tag:{display:{Name:'{\"text\":\"Experience Boost III\"}'}}}]}"
                    }
                }
            },
            {
                "condition": "minecraft:location_check",
                "predicate": {
                    "block": {
                        "nbt": "{Items:[{Slot:11b,tag:{ExperienceBoost:3b}},{id:\"minecraft:name_tag\",tag:{display:{Name:'{\"text\":\"Experience Boost\"}'}}}]}"
                    }
                }
            },
            {
                "condition": "minecraft:location_check",
                "predicate": {
                    "block": {
                        "nbt": "{Items:[{Slot:11b,tag:{ExperienceBoost:4b}},{id:\"minecraft:name_tag\",tag:{display:{Name:'{\"text\":\"Experience Boost IV\"}'}}}]}"
                    }
                }
            },
            {
                "condition": "minecraft:location_check",
                "predicate": {
                    "block": {
                        "nbt": "{Items:[{Slot:11b,tag:{ExperienceBoost:4b}},{id:\"minecraft:name_tag\",tag:{display:{Name:'{\"text\":\"Experience Boost\"}'}}}]}"
                    }
                }
            },
            {
                "condition": "minecraft:location_check",
                "predicate": {
                    "block": {
                        "nbt": "{Items:[{Slot:11b,tag:{ExperienceBoost:5b}},{id:\"minecraft:name_tag\",tag:{display:{Name:'{\"text\":\"Experience Boost V\"}'}}}]}"
                    }
                }
            },
            {
                "condition": "minecraft:location_check",
                "predicate": {
                    "block": {
                        "nbt": "{Items:[{Slot:11b,tag:{ExperienceBoost:5b}},{id:\"minecraft:name_tag\",tag:{display:{Name:'{\"text\":\"Experience Boost\"}'}}}]}"
                    }
                }
            },
            {
                "condition": "minecraft:location_check",
                "predicate": {
                    "block": {
                        "nbt": "{Items:[{Slot:11b,tag:{Feeder:1b}},{id:\"minecraft:name_tag\",tag:{display:{Name:'{\"text\":\"Feeding Module\"}'}}}]}"
                    }
                }
            },
            {
                "condition": "minecraft:location_check",
                "predicate": {
                    "block": {
                        "nbt": "{Items:[{Slot:11b,tag:{Lightness:1b}},{id:\"minecraft:name_tag\",tag:{display:{Name:'{\"text\":\"Heaven\\'s Lightness\"}'}}}]}"
                    }
                }
            },
            {
                "condition": "minecraft:location_check",
                "predicate": {
                    "block": {
                        "nbt": "{Items:[{Slot:11b,tag:{OwlEye:1b}},{id:\"minecraft:name_tag\",tag:{display:{Name:'{\"text\":\"Eyes of Owl\"}'}}}]}"
                    }
                }
            },
            {
                "condition": "minecraft:location_check",
                "predicate": {
                    "block": {
                        "nbt": "{Items:[{Slot:11b,tag:{Thermal:1b}},{id:\"minecraft:name_tag\",tag:{display:{Name:'{\"text\":\"Thermal Plating\"}'}}}]}"
                    }
                }
            },
            {
                "condition": "minecraft:location_check",
                "predicate": {
                    "block": {
                        "nbt": "{Items:[{Slot:11b,tag:{Fists:1b}},{id:\"minecraft:name_tag\",tag:{display:{Name:'{\"text\":\"Stone Fists I\"}'}}}]}"
                    }
                }
            },
            {
                "condition": "minecraft:location_check",
                "predicate": {
                    "block": {
                        "nbt": "{Items:[{Slot:11b,tag:{Fists:1b}},{id:\"minecraft:name_tag\",tag:{display:{Name:'{\"text\":\"Stone Fists\"}'}}}]}"
                    }
                }
            },
            {
                "condition": "minecraft:location_check",
                "predicate": {
                    "block": {
                        "nbt": "{Items:[{Slot:11b,tag:{Fists:2b}},{id:\"minecraft:name_tag\",tag:{display:{Name:'{\"text\":\"Stone Fists II\"}'}}}]}"
                    }
                }
            },
            {
                "condition": "minecraft:location_check",
                "predicate": {
                    "block": {
                        "nbt": "{Items:[{Slot:11b,tag:{Fists:2b}},{id:\"minecraft:name_tag\",tag:{display:{Name:'{\"text\":\"Stone Fists\"}'}}}]}"
                    }
                }
            },
            {
                "condition": "minecraft:location_check",
                "predicate": {
                    "block": {
                        "nbt": "{Items:[{Slot:11b,tag:{Fists:3b}},{id:\"minecraft:name_tag\",tag:{display:{Name:'{\"text\":\"Stone Fists III\"}'}}}]}"
                    }
                }
            },
            {
                "condition": "minecraft:location_check",
                "predicate": {
                    "block": {
                        "nbt": "{Items:[{Slot:11b,tag:{Fists:3b}},{id:\"minecraft:name_tag\",tag:{display:{Name:'{\"text\":\"Stone Fists\"}'}}}]}"
                    }
                }
            },
            {
                "condition": "minecraft:location_check",
                "predicate": {
                    "block": {
                        "nbt": "{Items:[{Slot:11b,tag:{Leaping:1b}},{id:\"minecraft:name_tag\",tag:{display:{Name:'{\"text\":\"Leaping I\"}'}}}]}"
                    }
                }
            },
            {
                "condition": "minecraft:location_check",
                "predicate": {
                    "block": {
                        "nbt": "{Items:[{Slot:11b,tag:{Leaping:1b}},{id:\"minecraft:name_tag\",tag:{display:{Name:'{\"text\":\"Leaping\"}'}}}]}"
                    }
                }
            },
            {
                "condition": "minecraft:location_check",
                "predicate": {
                    "block": {
                        "nbt": "{Items:[{Slot:11b,tag:{Leaping:2b}},{id:\"minecraft:name_tag\",tag:{display:{Name:'{\"text\":\"Leaping II\"}'}}}]}"
                    }
                }
            },
            {
                "condition": "minecraft:location_check",
                "predicate": {
                    "block": {
                        "nbt": "{Items:[{Slot:11b,tag:{Leaping:2b}},{id:\"minecraft:name_tag\",tag:{display:{Name:'{\"text\":\"Leaping\"}'}}}]}"
                    }
                }
            },
            {
                "condition": "minecraft:location_check",
                "predicate": {
                    "block": {
                        "nbt": "{Items:[{Slot:11b,tag:{Leaping:3b}},{id:\"minecraft:name_tag\",tag:{display:{Name:'{\"text\":\"Leaping III\"}'}}}]}"
                    }
                }
            },
            {
                "condition": "minecraft:location_check",
                "predicate": {
                    "block": {
                        "nbt": "{Items:[{Slot:11b,tag:{Leaping:3b}},{id:\"minecraft:name_tag\",tag:{display:{Name:'{\"text\":\"Leaping\"}'}}}]}"
                    }
                }
            },
            {
                "condition": "minecraft:location_check",
                "predicate": {
                    "block": {
                        "nbt": "{Items:[{Slot:11b,tag:{Traveler:1b}},{id:\"minecraft:name_tag\",tag:{display:{Name:'{\"text\":\"Traveler I\"}'}}}]}"
                    }
                }
            },
            {
                "condition": "minecraft:location_check",
                "predicate": {
                    "block": {
                        "nbt": "{Items:[{Slot:11b,tag:{Traveler:1b}},{id:\"minecraft:name_tag\",tag:{display:{Name:'{\"text\":\"Traveler\"}'}}}]}"
                    }
                }
            },
            {
                "condition": "minecraft:location_check",
                "predicate": {
                    "block": {
                        "nbt": "{Items:[{Slot:11b,tag:{Traveler:2b}},{id:\"minecraft:name_tag\",tag:{display:{Name:'{\"text\":\"Traveler II\"}'}}}]}"
                    }
                }
            },
            {
                "condition": "minecraft:location_check",
                "predicate": {
                    "block": {
                        "nbt": "{Items:[{Slot:11b,tag:{Traveler:2b}},{id:\"minecraft:name_tag\",tag:{display:{Name:'{\"text\":\"Traveler\"}'}}}]}"
                    }
                }
            },
            {
                "condition": "minecraft:location_check",
                "predicate": {
                    "block": {
                        "nbt": "{Items:[{Slot:11b,tag:{Traveler:3b}},{id:\"minecraft:name_tag\",tag:{display:{Name:'{\"text\":\"Traveler III\"}'}}}]}"
                    }
                }
            },
            {
                "condition": "minecraft:location_check",
                "predicate": {
                    "block": {
                        "nbt": "{Items:[{Slot:11b,tag:{Traveler:3b}},{id:\"minecraft:name_tag\",tag:{display:{Name:'{\"text\":\"Traveler\"}'}}}]}"
                    }
                }
            },
            {
                "condition": "minecraft:location_check",
                "predicate": {
                    "block": {
                        "nbt": "{Items:[{Slot:11b,tag:{AntiGravity:1b}},{id:\"minecraft:name_tag\",tag:{display:{Name:'{\"text\":\"Anti-Gravity\"}'}}}]}"
                    }
                }
            },
            {
                "condition": "minecraft:location_check",
                "predicate": {
                    "block": {
                        "nbt": "{Items:[{Slot:11b,tag:{LavaWalker:1b}},{id:\"minecraft:name_tag\",tag:{display:{Name:'{\"text\":\"Lava Walker I\"}'}}}]}"
                    }
                }
            },
            {
                "condition": "minecraft:location_check",
                "predicate": {
                    "block": {
                        "nbt": "{Items:[{Slot:11b,tag:{LavaWalker:1b}},{id:\"minecraft:name_tag\",tag:{display:{Name:'{\"text\":\"Lava Walker\"}'}}}]}"
                    }
                }
            },
            {
                "condition": "minecraft:location_check",
                "predicate": {
                    "block": {
                        "nbt": "{Items:[{Slot:11b,tag:{LavaWalker:2b}},{id:\"minecraft:name_tag\",tag:{display:{Name:'{\"text\":\"Lava Walker II\"}'}}}]}"
                    }
                }
            },
            {
                "condition": "minecraft:location_check",
                "predicate": {
                    "block": {
                        "nbt": "{Items:[{Slot:11b,tag:{LavaWalker:2b}},{id:\"minecraft:name_tag\",tag:{display:{Name:'{\"text\":\"Lava Walker\"}'}}}]}"
                    }
                }
            },
            {
                "condition": "minecraft:location_check",
                "predicate": {
                    "block": {
                        "nbt": "{Items:[{Slot:11b,tag:{LavaWalker:3b}},{id:\"minecraft:name_tag\",tag:{display:{Name:'{\"text\":\"Lava Walker III\"}'}}}]}"
                    }
                }
            },
            {
                "condition": "minecraft:location_check",
                "predicate": {
                    "block": {
                        "nbt": "{Items:[{Slot:11b,tag:{LavaWalker:3b}},{id:\"minecraft:name_tag\",tag:{display:{Name:'{\"text\":\"Lava Walker\"}'}}}]}"
                    }
                }
            }
        ]
    }
]