{
    "name": "dnl:plains_labyrinth/paths/split",
    "fallback": "dnl:plains_labyrinth/paths/split",
    "elements": [
        {
            "weight": 9,
            "element": {
                "element_type": "minecraft:single_pool_element",
                "projection": "rigid",
                "location": "dnl:plains_labyrinth/paths/simple/split",
                "processors": "dnl:plains_labyrinth/degrade"
            }
        },
        {
            "weight": 1,
            "element": {
                "element_type": "minecraft:single_pool_element",
                "projection": "rigid",
                "location": "dnl:plains_labyrinth/paths/obstacles/split",
                "processors": "dnl:plains_labyrinth/degrade"
            }
        }
    ]
}