{
  "type": "minecraft:jigsaw",
  "biomes": "#dnl:plains_labyrinth",
  "step": "surface_structures",
  "spawn_overrides": {
    "monster": {
      "bounding_box": "piece",
      "spawns": [
        {
          "type": "minecraft:zombie",
          "weight": 1,
          "minCount": 2,
          "maxCount": 4
        },
        {
          "type": "minecraft:skeleton",
          "weight": 1,
          "minCount": 2,
          "maxCount": 4
        },
        {
          "type": "minecraft:spider",
          "weight": 1,
          "minCount": 2,
          "maxCount": 4
        }
      ]
    }
  },
  "terrain_adaptation": "beard_box",
  "start_pool": "dnl:plains_labyrinth/start",
  "size": 7,
  "start_height": {
    "absolute": 0
  },
  "project_start_to_heightmap": "WORLD_SURFACE",
  "max_distance_from_center": 80,
  "use_expansion_hack": false
}
