{
    "type": "minecraft:entity",
    "pools": [
        {
            "rolls": 1,
            "entries": [
                {
                    "type": "minecraft:loot_table",
                    "name": "champions:loot_crates/common",
                    "conditions": [
                        {
                            "condition": "minecraft:reference",
                            "name": "champions:chances/crate_drops/common"
                        }
                    ]
                }
            ]
        },
        {
            "rolls": 1,
            "entries": [
                {
                    "type": "minecraft:loot_table",
                    "name": "minecraft:entities/pillager"
                }
            ]
        }
    ]
}