{
    "display": {
      "icon": {
        "item": "minecraft:iron_nugget"
      },
      "title": "Chaos Spawner",
      "description": "Defeat the Chaos Spawner",
      "frame": "challenge",
      "show_toast": true,
      "announce_to_chat": true,
      "hidden": false
    },
    "parent": "dnl:story/structures/labyrinth/open_spawner_chest",
    "criteria": {
      "defeat_chaos_spawner": {
        "trigger": "minecraft:inventory_changed",
        "conditions": {
          "items": [
            {
              "items": [
                "minecraft:iron_nugget"
              ],
              "nbt": "{dnl.spawner_fragment:1b}"
            }
          ]
        }
      }
    },
    "requirements": [
      [
        "defeat_chaos_spawner"
      ]
    ]
  }
  