{
    "display": {
      "icon": {
        "item": "minecraft:book",
        "nbt": "{CustomModelData:600017}"
      },
      "title": "Labyrinth Completed!",
      "description": "Complete every single advancement in Labyrinth",
      "frame": "challenge",
      "show_toast": true,
      "announce_to_chat": true,
      "hidden": true
    },
    "criteria": {
      "all_advancements": {
        "trigger": "minecraft:location",
        "conditions": {
          "player": {
            "type_specific": {
              "type": "player",
              "advancements": {
                "dnl:story/structures/labyrinth/chaos_spawner": true,
                "dnl:story/structures/labyrinth/locate": true,
                "dnl:story/structures/labyrinth/obtain_fleshbone": true,
                "dnl:story/structures/labyrinth/obtain_spawner_breaker": true,
                "dnl:story/structures/labyrinth/open_spawner_chest": true
              }
            }
          }
        }
      }
    },
    "requirements": [
      [
        "all_advancements"
      ]
    ],
    "rewards": {
      "loot": [
        "dnl:trophy/labyrinth"
      ]
    }
  }
  