{
    "structures": [
        {
            "structure": "dnl:plains_castle",
            "weight": 5
        },
        {
            "structure": "dnl:plains_labyrinth",
            "weight": 5
        },
        {
            "structure": "dnl:plains_pillager_camp",
            "weight": 4
        },
        {
            "structure": "dnl:plains_pillager_camp_boss",
            "weight": 1
        }
    ],
    "placement": {
        "type": "minecraft:random_spread",
        "spacing": 40,
        "separation": 15,
        "salt": 5564955
    }
}