{
	"type": "minecraft:entity",
	"pools": [
		{
			"rolls": 1,
			"bonus_rolls": 0,
			"entries": [
				{
					"type": "minecraft:item",
					"name": "minecraft:totem_of_undying",
					"conditions": [
						{
							"condition": "minecraft:random_chance",
							"chance": 0.5
						}
					]
				}
			],
			"conditions": [
				{
					"condition": "minecraft:killed_by_player"
				}
			]
		},
		{
			"rolls": 1,
			"bonus_rolls": 0,
			"entries": [
				{
					"type": "minecraft:item",
					"name": "minecraft:emerald",
					"functions": [
						{
							"function": "minecraft:set_count",
							"count": {
								"type": "minecraft:uniform",
								"min": 0,
								"max": 3
							},
							"add": false
						},
						{
							"function": "minecraft:looting_enchant",
							"count": {
								"type": "minecraft:uniform",
								"min": 0,
								"max": 1
							}
						}
					]
				}
			],
			"conditions": [
				{
					"condition": "minecraft:killed_by_player"
				}
			]
		}
	]
}
