{
  "display": {
    "icon": {
      "item": "minecraft:andesite"
    },
    "title": "Hunter's Grave",
    "description": "Find a royal grave of a hunter",
    "frame": "goal",
    "show_toast": true,
    "announce_to_chat": true,
    "hidden": false
  },
  "parent": "dnl:story/themes/grave/locate",
  "criteria": {
    "locate_hunters_grave": {
      "trigger": "minecraft:location",
      "conditions": {
        "player": {
          "location": {
            "structure": "dnl:hunters_grave"
          }
        }
      }
    }
  },
  "requirements": [
    [
      "locate_hunters_grave"
    ]
  ]
}
