{
    "name": "dnl:plains_pillager_camp/mobs/pillager",
    "fallback": "dnl:plains_pillager_camp/mobs/pillager",
    "elements": [
        {
            "weight": 1,
            "element": {
                "element_type": "minecraft:single_pool_element",
                "projection": "rigid",
                "location": "dnl:plains_pillager_camp/mobs/pillager",
                "processors": "minecraft:empty"
            }
        },
        {
            "weight": 1,
            "element": {
                "element_type": "minecraft:empty_pool_element",
                "projection": "rigid"
            }
        }
    ]
}