[
    {
        "condition": "minecraft:alternative",
        "terms": [
            {
                "condition": "minecraft:entity_scores",
                "entity": "this",
                "scores": {
                    "ENCHRecipeId": 1003
                }
            },
            {
                "condition": "minecraft:entity_scores",
                "entity": "this",
                "scores": {
                    "ENCHRecipeId": 1005
                }
            },
            {
                "condition": "minecraft:entity_scores",
                "entity": "this",
                "scores": {
                    "ENCHRecipeId": 1008
                }
            },
            {
                "condition": "minecraft:entity_scores",
                "entity": "this",
                "scores": {
                    "ENCHRecipeId": 4000
                }
            }
        ]
    }
]