{
    "type": "minecraft:entity",
    "pools": [
        {
            "rolls": 1,
            "entries": [
                {
                    "type": "minecraft:loot_table",
                    "name": "champions:loot_crates/legendary",
                    "conditions": [
                        {
                            "condition": "minecraft:reference",
                            "name": "champions:chances/crate_drops/legendary"
                        }
                    ]
                }
            ]
        },
        {
            "rolls": 1,
            "entries": [
                {
                    "type": "minecraft:loot_table",
                    "name": "champions:mob_specials/acidic_tear",
                    "conditions": [
                        {
                            "condition": "minecraft:random_chance_with_looting",
                            "chance": 0.16,
                            "looting_multiplier": 0.08
                        },
                        {
                            "condition": "minecraft:killed_by_player"
                        }
                    ]
                }
            ]
        },
        {
            "rolls": 1,
            "entries": [
                {
                    "type": "minecraft:loot_table",
                    "name": "minecraft:entities/ghast"
                }
            ]
        }
    ]
}