{
  "type": "minecraft:random_patch",
  "config": {
    "tries": 128,
    "xz_spread": 5,
    "y_spread": 1,
    "feature": {
      "feature": {
        "type": "minecraft:simple_block",
        "config": {
          "to_place": {
            "type": "minecraft:simple_state_provider",
            "state": {
              "Name": "minecraft:grass_block",
              "Properties": {
                "snowy": "false"
              }
            }
          }
        }
      },
      "placement": [
        {
          "type": "minecraft:block_predicate_filter",
          "predicate": {
            "type": "minecraft:matching_blocks",
            "offset": [
              0,
              0,
              0
            ],
            "blocks": "minecraft:sand"
          }
        },
        {
          "type": "minecraft:block_predicate_filter",
          "predicate": {
            "type": "minecraft:not",
            "predicate": {
              "type": "minecraft:any_of",
              "predicates": [
                {
                  "type": "minecraft:matching_blocks",
                  "offset": [
                    2,
                    0,
                    0
                  ],
                  "blocks": [
                    "minecraft:dead_brain_coral_block",
                    "minecraft:dead_bubble_coral_block",
                    "minecraft:dead_fire_coral_block",
                    "minecraft:dead_horn_coral_block",
                    "minecraft:dead_tube_coral_block",
                    "minecraft:moss_block",
                    "minecraft:mossy_cobblestone"
                  ]
                },
                {
                  "type": "minecraft:matching_blocks",
                  "offset": [
                    3,
                    0,
                    0
                  ],
                  "blocks": [
                    "minecraft:dead_brain_coral_block",
                    "minecraft:dead_bubble_coral_block",
                    "minecraft:dead_fire_coral_block",
                    "minecraft:dead_horn_coral_block",
                    "minecraft:dead_tube_coral_block",
                    "minecraft:moss_block",
                    "minecraft:mossy_cobblestone"
                  ]
                },
                {
                  "type": "minecraft:matching_blocks",
                  "offset": [
                    1,
                    0,
                    1
                  ],
                  "blocks": [
                    "minecraft:dead_brain_coral_block",
                    "minecraft:dead_bubble_coral_block",
                    "minecraft:dead_fire_coral_block",
                    "minecraft:dead_horn_coral_block",
                    "minecraft:dead_tube_coral_block",
                    "minecraft:moss_block",
                    "minecraft:mossy_cobblestone"
                  ]
                },
                {
                  "type": "minecraft:matching_blocks",
                  "offset": [
                    2,
                    0,
                    2
                  ],
                  "blocks": [
                    "minecraft:dead_brain_coral_block",
                    "minecraft:dead_bubble_coral_block",
                    "minecraft:dead_fire_coral_block",
                    "minecraft:dead_horn_coral_block",
                    "minecraft:dead_tube_coral_block",
                    "minecraft:moss_block",
                    "minecraft:mossy_cobblestone"
                  ]
                },
                {
                  "type": "minecraft:matching_blocks",
                  "offset": [
                    -2,
                    0,
                    0
                  ],
                  "blocks": [
                    "minecraft:dead_brain_coral_block",
                    "minecraft:dead_bubble_coral_block",
                    "minecraft:dead_fire_coral_block",
                    "minecraft:dead_horn_coral_block",
                    "minecraft:dead_tube_coral_block",
                    "minecraft:moss_block",
                    "minecraft:mossy_cobblestone"
                  ]
                },
                {
                  "type": "minecraft:matching_blocks",
                  "offset": [
                    -3,
                    0,
                    0
                  ],
                  "blocks": [
                    "minecraft:dead_brain_coral_block",
                    "minecraft:dead_bubble_coral_block",
                    "minecraft:dead_fire_coral_block",
                    "minecraft:dead_horn_coral_block",
                    "minecraft:dead_tube_coral_block",
                    "minecraft:moss_block",
                    "minecraft:mossy_cobblestone"
                  ]
                },
                {
                  "type": "minecraft:matching_blocks",
                  "offset": [
                    -1,
                    0,
                    1
                  ],
                  "blocks": [
                    "minecraft:dead_brain_coral_block",
                    "minecraft:dead_bubble_coral_block",
                    "minecraft:dead_fire_coral_block",
                    "minecraft:dead_horn_coral_block",
                    "minecraft:dead_tube_coral_block",
                    "minecraft:moss_block",
                    "minecraft:mossy_cobblestone"
                  ]
                },
                {
                  "type": "minecraft:matching_blocks",
                  "offset": [
                    -2,
                    0,
                    2
                  ],
                  "blocks": [
                    "minecraft:dead_brain_coral_block",
                    "minecraft:dead_bubble_coral_block",
                    "minecraft:dead_fire_coral_block",
                    "minecraft:dead_horn_coral_block",
                    "minecraft:dead_tube_coral_block",
                    "minecraft:moss_block",
                    "minecraft:mossy_cobblestone"
                  ]
                },
                {
                  "type": "minecraft:matching_blocks",
                  "offset": [
                    0,
                    0,
                    2
                  ],
                  "blocks": [
                    "minecraft:dead_brain_coral_block",
                    "minecraft:dead_bubble_coral_block",
                    "minecraft:dead_fire_coral_block",
                    "minecraft:dead_horn_coral_block",
                    "minecraft:dead_tube_coral_block",
                    "minecraft:moss_block",
                    "minecraft:mossy_cobblestone"
                  ]
                },
                {
                  "type": "minecraft:matching_blocks",
                  "offset": [
                    0,
                    0,
                    3
                  ],
                  "blocks": [
                    "minecraft:dead_brain_coral_block",
                    "minecraft:dead_bubble_coral_block",
                    "minecraft:dead_fire_coral_block",
                    "minecraft:dead_horn_coral_block",
                    "minecraft:dead_tube_coral_block",
                    "minecraft:moss_block",
                    "minecraft:mossy_cobblestone"
                  ]
                },
                {
                  "type": "minecraft:matching_blocks",
                  "offset": [
                    1,
                    0,
                    -1
                  ],
                  "blocks": [
                    "minecraft:dead_brain_coral_block",
                    "minecraft:dead_bubble_coral_block",
                    "minecraft:dead_fire_coral_block",
                    "minecraft:dead_horn_coral_block",
                    "minecraft:dead_tube_coral_block",
                    "minecraft:moss_block",
                    "minecraft:mossy_cobblestone"
                  ]
                },
                {
                  "type": "minecraft:matching_blocks",
                  "offset": [
                    2,
                    0,
                    -2
                  ],
                  "blocks": [
                    "minecraft:dead_brain_coral_block",
                    "minecraft:dead_bubble_coral_block",
                    "minecraft:dead_fire_coral_block",
                    "minecraft:dead_horn_coral_block",
                    "minecraft:dead_tube_coral_block",
                    "minecraft:moss_block",
                    "minecraft:mossy_cobblestone"
                  ]
                },
                {
                  "type": "minecraft:matching_blocks",
                  "offset": [
                    0,
                    0,
                    -2
                  ],
                  "blocks": [
                    "minecraft:dead_brain_coral_block",
                    "minecraft:dead_bubble_coral_block",
                    "minecraft:dead_fire_coral_block",
                    "minecraft:dead_horn_coral_block",
                    "minecraft:dead_tube_coral_block",
                    "minecraft:moss_block",
                    "minecraft:mossy_cobblestone"
                  ]
                },
                {
                  "type": "minecraft:matching_blocks",
                  "offset": [
                    0,
                    0,
                    -3
                  ],
                  "blocks": [
                    "minecraft:dead_brain_coral_block",
                    "minecraft:dead_bubble_coral_block",
                    "minecraft:dead_fire_coral_block",
                    "minecraft:dead_horn_coral_block",
                    "minecraft:dead_tube_coral_block",
                    "minecraft:moss_block",
                    "minecraft:mossy_cobblestone"
                  ]
                },
                {
                  "type": "minecraft:matching_blocks",
                  "offset": [
                    -1,
                    0,
                    -1
                  ],
                  "blocks": [
                    "minecraft:dead_brain_coral_block",
                    "minecraft:dead_bubble_coral_block",
                    "minecraft:dead_fire_coral_block",
                    "minecraft:dead_horn_coral_block",
                    "minecraft:dead_tube_coral_block",
                    "minecraft:moss_block",
                    "minecraft:mossy_cobblestone"
                  ]
                },
                {
                  "type": "minecraft:matching_blocks",
                  "offset": [
                    -2,
                    0,
                    -2
                  ],
                  "blocks": [
                    "minecraft:dead_brain_coral_block",
                    "minecraft:dead_bubble_coral_block",
                    "minecraft:dead_fire_coral_block",
                    "minecraft:dead_horn_coral_block",
                    "minecraft:dead_tube_coral_block",
                    "minecraft:moss_block",
                    "minecraft:mossy_cobblestone"
                  ]
                }
              ]
            }
          }
        }
      ]
    }
  }
}
