[
    {
        "condition": "minecraft:inverted",
        "term": {
            "condition": "minecraft:location_check",
            "predicate": {
                "block": {
                    "nbt": "{Items:[{Slot:15b}]}"
                }
            }
        }
    },
    {
        "condition": "minecraft:inverted",
        "term": {
            "condition": "minecraft:entity_properties",
            "entity": "this",
            "predicate": {
                "nbt": "{Tags:[\"enchantmentplus_displaying\"]}"
            }
        }
    },
    {
        "condition": "minecraft:inverted",
        "term": {
            "condition": "minecraft:entity_scores",
            "entity": "this",
            "scores": {
                "ENCHRecipeId": 4000
            }
        }
    },
    {
        "condition": "minecraft:reference",
        "name": "enchantmentplus:recipes/empty_slots/all"
    },
    {
        "condition": "minecraft:alternative",
        "terms": [
            {
                "condition": "minecraft:reference",
                "name": "enchantmentplus:recipes/vanilla/book/bane_of_arthropods"
            },
            {
                "condition": "minecraft:reference",
                "name": "enchantmentplus:recipes/vanilla/book/blast_protection"
            },
            {
                "condition": "minecraft:reference",
                "name": "enchantmentplus:recipes/vanilla/book/efficiency"
            },
            {
                "condition": "minecraft:reference",
                "name": "enchantmentplus:recipes/vanilla/book/feather_falling"
            },
            {
                "condition": "minecraft:reference",
                "name": "enchantmentplus:recipes/vanilla/book/fire_aspect"
            },
            {
                "condition": "minecraft:reference",
                "name": "enchantmentplus:recipes/vanilla/book/fire_protection"
            },
            {
                "condition": "minecraft:reference",
                "name": "enchantmentplus:recipes/vanilla/book/fortune"
            },
            {
                "condition": "minecraft:reference",
                "name": "enchantmentplus:recipes/vanilla/book/frost_walker"
            },
            {
                "condition": "minecraft:reference",
                "name": "enchantmentplus:recipes/vanilla/book/impaling"
            },
            {
                "condition": "minecraft:reference",
                "name": "enchantmentplus:recipes/vanilla/book/knockback"
            },
            {
                "condition": "minecraft:reference",
                "name": "enchantmentplus:recipes/vanilla/book/looting"
            },
            {
                "condition": "minecraft:reference",
                "name": "enchantmentplus:recipes/vanilla/book/loyalty"
            },
            {
                "condition": "minecraft:reference",
                "name": "enchantmentplus:recipes/vanilla/book/luck_of_the_sea"
            },
            {
                "condition": "minecraft:reference",
                "name": "enchantmentplus:recipes/vanilla/book/piercing"
            },
            {
                "condition": "minecraft:reference",
                "name": "enchantmentplus:recipes/vanilla/book/power"
            },
            {
                "condition": "minecraft:reference",
                "name": "enchantmentplus:recipes/vanilla/book/projectile_protection"
            },
            {
                "condition": "minecraft:reference",
                "name": "enchantmentplus:recipes/vanilla/book/protection"
            },
            {
                "condition": "minecraft:reference",
                "name": "enchantmentplus:recipes/vanilla/book/punch"
            },
            {
                "condition": "minecraft:reference",
                "name": "enchantmentplus:recipes/vanilla/book/quick_charge"
            },
            {
                "condition": "minecraft:reference",
                "name": "enchantmentplus:recipes/vanilla/book/respiration"
            },
            {
                "condition": "minecraft:reference",
                "name": "enchantmentplus:recipes/vanilla/book/riptide"
            },
            {
                "condition": "minecraft:reference",
                "name": "enchantmentplus:recipes/vanilla/book/sharpness"
            },
            {
                "condition": "minecraft:reference",
                "name": "enchantmentplus:recipes/vanilla/book/smite"
            },
            {
                "condition": "minecraft:reference",
                "name": "enchantmentplus:recipes/vanilla/book/soul_speed"
            },
            {
                "condition": "minecraft:reference",
                "name": "enchantmentplus:recipes/vanilla/book/sweeping_edge"
            },
            {
                "condition": "minecraft:reference",
                "name": "enchantmentplus:recipes/vanilla/book/swift_sneak"
            },
            {
                "condition": "minecraft:reference",
                "name": "enchantmentplus:recipes/vanilla/book/thorns"
            },
            {
                "condition": "minecraft:reference",
                "name": "enchantmentplus:recipes/vanilla/book/unbreaking"
            }
        ]
    }
]