[
    {
        "condition": "minecraft:alternative",
        "terms": [
            {
                "condition": "minecraft:location_check",
                "predicate": {
                    "block": {
                        "nbt": "{Items:[{Slot:1b,tag:{StoredEnchantments:[{id:\"minecraft:fire_protection\",lvl:4s}]}},{Slot:11b,tag:{StoredEnchantments:[{id:\"minecraft:fire_protection\",lvl:4s}]}}]}"
                    }
                }
            },
            {
                "condition": "minecraft:location_check",
                "predicate": {
                    "block": {
                        "nbt": "{Items:[{Slot:2b,tag:{StoredEnchantments:[{id:\"minecraft:fire_protection\",lvl:4s}]}},{Slot:11b,tag:{StoredEnchantments:[{id:\"minecraft:fire_protection\",lvl:4s}]}}]}"
                    }
                }
            },
            {
                "condition": "minecraft:location_check",
                "predicate": {
                    "block": {
                        "nbt": "{Items:[{Slot:3b,tag:{StoredEnchantments:[{id:\"minecraft:fire_protection\",lvl:4s}]}},{Slot:11b,tag:{StoredEnchantments:[{id:\"minecraft:fire_protection\",lvl:4s}]}}]}"
                    }
                }
            },
            {
                "condition": "minecraft:location_check",
                "predicate": {
                    "block": {
                        "nbt": "{Items:[{Slot:10b,tag:{StoredEnchantments:[{id:\"minecraft:fire_protection\",lvl:4s}]}},{Slot:11b,tag:{StoredEnchantments:[{id:\"minecraft:fire_protection\",lvl:4s}]}}]}"
                    }
                }
            },
            {
                "condition": "minecraft:location_check",
                "predicate": {
                    "block": {
                        "nbt": "{Items:[{Slot:12b,tag:{StoredEnchantments:[{id:\"minecraft:fire_protection\",lvl:4s}]}},{Slot:11b,tag:{StoredEnchantments:[{id:\"minecraft:fire_protection\",lvl:4s}]}}]}"
                    }
                }
            },
            {
                "condition": "minecraft:location_check",
                "predicate": {
                    "block": {
                        "nbt": "{Items:[{Slot:19b,tag:{StoredEnchantments:[{id:\"minecraft:fire_protection\",lvl:4s}]}},{Slot:11b,tag:{StoredEnchantments:[{id:\"minecraft:fire_protection\",lvl:4s}]}}]}"
                    }
                }
            },
            {
                "condition": "minecraft:location_check",
                "predicate": {
                    "block": {
                        "nbt": "{Items:[{Slot:20b,tag:{StoredEnchantments:[{id:\"minecraft:fire_protection\",lvl:4s}]}},{Slot:11b,tag:{StoredEnchantments:[{id:\"minecraft:fire_protection\",lvl:4s}]}}]}"
                    }
                }
            },
            {
                "condition": "minecraft:location_check",
                "predicate": {
                    "block": {
                        "nbt": "{Items:[{Slot:21b,tag:{StoredEnchantments:[{id:\"minecraft:fire_protection\",lvl:4s}]}},{Slot:11b,tag:{StoredEnchantments:[{id:\"minecraft:fire_protection\",lvl:4s}]}}]}"
                    }
                }
            },
            {
                "condition": "minecraft:location_check",
                "predicate": {
                    "block": {
                        "nbt": "{Items:[{Slot:1b,tag:{StoredEnchantments:[{id:\"minecraft:fire_protection\",lvl:5s}]}},{Slot:11b,tag:{StoredEnchantments:[{id:\"minecraft:fire_protection\",lvl:5s}]}}]}"
                    }
                }
            },
            {
                "condition": "minecraft:location_check",
                "predicate": {
                    "block": {
                        "nbt": "{Items:[{Slot:2b,tag:{StoredEnchantments:[{id:\"minecraft:fire_protection\",lvl:5s}]}},{Slot:11b,tag:{StoredEnchantments:[{id:\"minecraft:fire_protection\",lvl:5s}]}}]}"
                    }
                }
            },
            {
                "condition": "minecraft:location_check",
                "predicate": {
                    "block": {
                        "nbt": "{Items:[{Slot:3b,tag:{StoredEnchantments:[{id:\"minecraft:fire_protection\",lvl:5s}]}},{Slot:11b,tag:{StoredEnchantments:[{id:\"minecraft:fire_protection\",lvl:5s}]}}]}"
                    }
                }
            },
            {
                "condition": "minecraft:location_check",
                "predicate": {
                    "block": {
                        "nbt": "{Items:[{Slot:10b,tag:{StoredEnchantments:[{id:\"minecraft:fire_protection\",lvl:5s}]}},{Slot:11b,tag:{StoredEnchantments:[{id:\"minecraft:fire_protection\",lvl:5s}]}}]}"
                    }
                }
            },
            {
                "condition": "minecraft:location_check",
                "predicate": {
                    "block": {
                        "nbt": "{Items:[{Slot:12b,tag:{StoredEnchantments:[{id:\"minecraft:fire_protection\",lvl:5s}]}},{Slot:11b,tag:{StoredEnchantments:[{id:\"minecraft:fire_protection\",lvl:5s}]}}]}"
                    }
                }
            },
            {
                "condition": "minecraft:location_check",
                "predicate": {
                    "block": {
                        "nbt": "{Items:[{Slot:19b,tag:{StoredEnchantments:[{id:\"minecraft:fire_protection\",lvl:5s}]}},{Slot:11b,tag:{StoredEnchantments:[{id:\"minecraft:fire_protection\",lvl:5s}]}}]}"
                    }
                }
            },
            {
                "condition": "minecraft:location_check",
                "predicate": {
                    "block": {
                        "nbt": "{Items:[{Slot:20b,tag:{StoredEnchantments:[{id:\"minecraft:fire_protection\",lvl:5s}]}},{Slot:11b,tag:{StoredEnchantments:[{id:\"minecraft:fire_protection\",lvl:5s}]}}]}"
                    }
                }
            },
            {
                "condition": "minecraft:location_check",
                "predicate": {
                    "block": {
                        "nbt": "{Items:[{Slot:21b,tag:{StoredEnchantments:[{id:\"minecraft:fire_protection\",lvl:5s}]}},{Slot:11b,tag:{StoredEnchantments:[{id:\"minecraft:fire_protection\",lvl:5s}]}}]}"
                    }
                }
            },
            {
                "condition": "minecraft:location_check",
                "predicate": {
                    "block": {
                        "nbt": "{Items:[{Slot:1b,tag:{StoredEnchantments:[{id:\"minecraft:fire_protection\",lvl:6s}]}},{Slot:11b,tag:{StoredEnchantments:[{id:\"minecraft:fire_protection\",lvl:6s}]}}]}"
                    }
                }
            },
            {
                "condition": "minecraft:location_check",
                "predicate": {
                    "block": {
                        "nbt": "{Items:[{Slot:2b,tag:{StoredEnchantments:[{id:\"minecraft:fire_protection\",lvl:6s}]}},{Slot:11b,tag:{StoredEnchantments:[{id:\"minecraft:fire_protection\",lvl:6s}]}}]}"
                    }
                }
            },
            {
                "condition": "minecraft:location_check",
                "predicate": {
                    "block": {
                        "nbt": "{Items:[{Slot:3b,tag:{StoredEnchantments:[{id:\"minecraft:fire_protection\",lvl:6s}]}},{Slot:11b,tag:{StoredEnchantments:[{id:\"minecraft:fire_protection\",lvl:6s}]}}]}"
                    }
                }
            },
            {
                "condition": "minecraft:location_check",
                "predicate": {
                    "block": {
                        "nbt": "{Items:[{Slot:10b,tag:{StoredEnchantments:[{id:\"minecraft:fire_protection\",lvl:6s}]}},{Slot:11b,tag:{StoredEnchantments:[{id:\"minecraft:fire_protection\",lvl:6s}]}}]}"
                    }
                }
            },
            {
                "condition": "minecraft:location_check",
                "predicate": {
                    "block": {
                        "nbt": "{Items:[{Slot:12b,tag:{StoredEnchantments:[{id:\"minecraft:fire_protection\",lvl:6s}]}},{Slot:11b,tag:{StoredEnchantments:[{id:\"minecraft:fire_protection\",lvl:6s}]}}]}"
                    }
                }
            },
            {
                "condition": "minecraft:location_check",
                "predicate": {
                    "block": {
                        "nbt": "{Items:[{Slot:19b,tag:{StoredEnchantments:[{id:\"minecraft:fire_protection\",lvl:6s}]}},{Slot:11b,tag:{StoredEnchantments:[{id:\"minecraft:fire_protection\",lvl:6s}]}}]}"
                    }
                }
            },
            {
                "condition": "minecraft:location_check",
                "predicate": {
                    "block": {
                        "nbt": "{Items:[{Slot:20b,tag:{StoredEnchantments:[{id:\"minecraft:fire_protection\",lvl:6s}]}},{Slot:11b,tag:{StoredEnchantments:[{id:\"minecraft:fire_protection\",lvl:6s}]}}]}"
                    }
                }
            },
            {
                "condition": "minecraft:location_check",
                "predicate": {
                    "block": {
                        "nbt": "{Items:[{Slot:21b,tag:{StoredEnchantments:[{id:\"minecraft:fire_protection\",lvl:6s}]}},{Slot:11b,tag:{StoredEnchantments:[{id:\"minecraft:fire_protection\",lvl:6s}]}}]}"
                    }
                }
            },
            {
                "condition": "minecraft:location_check",
                "predicate": {
                    "block": {
                        "nbt": "{Items:[{Slot:1b,tag:{StoredEnchantments:[{id:\"minecraft:fire_protection\",lvl:7s}]}},{Slot:11b,tag:{StoredEnchantments:[{id:\"minecraft:fire_protection\",lvl:7s}]}}]}"
                    }
                }
            },
            {
                "condition": "minecraft:location_check",
                "predicate": {
                    "block": {
                        "nbt": "{Items:[{Slot:2b,tag:{StoredEnchantments:[{id:\"minecraft:fire_protection\",lvl:7s}]}},{Slot:11b,tag:{StoredEnchantments:[{id:\"minecraft:fire_protection\",lvl:7s}]}}]}"
                    }
                }
            },
            {
                "condition": "minecraft:location_check",
                "predicate": {
                    "block": {
                        "nbt": "{Items:[{Slot:3b,tag:{StoredEnchantments:[{id:\"minecraft:fire_protection\",lvl:7s}]}},{Slot:11b,tag:{StoredEnchantments:[{id:\"minecraft:fire_protection\",lvl:7s}]}}]}"
                    }
                }
            },
            {
                "condition": "minecraft:location_check",
                "predicate": {
                    "block": {
                        "nbt": "{Items:[{Slot:10b,tag:{StoredEnchantments:[{id:\"minecraft:fire_protection\",lvl:7s}]}},{Slot:11b,tag:{StoredEnchantments:[{id:\"minecraft:fire_protection\",lvl:7s}]}}]}"
                    }
                }
            },
            {
                "condition": "minecraft:location_check",
                "predicate": {
                    "block": {
                        "nbt": "{Items:[{Slot:12b,tag:{StoredEnchantments:[{id:\"minecraft:fire_protection\",lvl:7s}]}},{Slot:11b,tag:{StoredEnchantments:[{id:\"minecraft:fire_protection\",lvl:7s}]}}]}"
                    }
                }
            },
            {
                "condition": "minecraft:location_check",
                "predicate": {
                    "block": {
                        "nbt": "{Items:[{Slot:19b,tag:{StoredEnchantments:[{id:\"minecraft:fire_protection\",lvl:7s}]}},{Slot:11b,tag:{StoredEnchantments:[{id:\"minecraft:fire_protection\",lvl:7s}]}}]}"
                    }
                }
            },
            {
                "condition": "minecraft:location_check",
                "predicate": {
                    "block": {
                        "nbt": "{Items:[{Slot:20b,tag:{StoredEnchantments:[{id:\"minecraft:fire_protection\",lvl:7s}]}},{Slot:11b,tag:{StoredEnchantments:[{id:\"minecraft:fire_protection\",lvl:7s}]}}]}"
                    }
                }
            },
            {
                "condition": "minecraft:location_check",
                "predicate": {
                    "block": {
                        "nbt": "{Items:[{Slot:21b,tag:{StoredEnchantments:[{id:\"minecraft:fire_protection\",lvl:7s}]}},{Slot:11b,tag:{StoredEnchantments:[{id:\"minecraft:fire_protection\",lvl:7s}]}}]}"
                    }
                }
            },
            {
                "condition": "minecraft:location_check",
                "predicate": {
                    "block": {
                        "nbt": "{Items:[{Slot:1b,tag:{StoredEnchantments:[{id:\"minecraft:fire_protection\",lvl:8s}]}},{Slot:11b,tag:{StoredEnchantments:[{id:\"minecraft:fire_protection\",lvl:8s}]}}]}"
                    }
                }
            },
            {
                "condition": "minecraft:location_check",
                "predicate": {
                    "block": {
                        "nbt": "{Items:[{Slot:2b,tag:{StoredEnchantments:[{id:\"minecraft:fire_protection\",lvl:8s}]}},{Slot:11b,tag:{StoredEnchantments:[{id:\"minecraft:fire_protection\",lvl:8s}]}}]}"
                    }
                }
            },
            {
                "condition": "minecraft:location_check",
                "predicate": {
                    "block": {
                        "nbt": "{Items:[{Slot:3b,tag:{StoredEnchantments:[{id:\"minecraft:fire_protection\",lvl:8s}]}},{Slot:11b,tag:{StoredEnchantments:[{id:\"minecraft:fire_protection\",lvl:8s}]}}]}"
                    }
                }
            },
            {
                "condition": "minecraft:location_check",
                "predicate": {
                    "block": {
                        "nbt": "{Items:[{Slot:10b,tag:{StoredEnchantments:[{id:\"minecraft:fire_protection\",lvl:8s}]}},{Slot:11b,tag:{StoredEnchantments:[{id:\"minecraft:fire_protection\",lvl:8s}]}}]}"
                    }
                }
            },
            {
                "condition": "minecraft:location_check",
                "predicate": {
                    "block": {
                        "nbt": "{Items:[{Slot:12b,tag:{StoredEnchantments:[{id:\"minecraft:fire_protection\",lvl:8s}]}},{Slot:11b,tag:{StoredEnchantments:[{id:\"minecraft:fire_protection\",lvl:8s}]}}]}"
                    }
                }
            },
            {
                "condition": "minecraft:location_check",
                "predicate": {
                    "block": {
                        "nbt": "{Items:[{Slot:19b,tag:{StoredEnchantments:[{id:\"minecraft:fire_protection\",lvl:8s}]}},{Slot:11b,tag:{StoredEnchantments:[{id:\"minecraft:fire_protection\",lvl:8s}]}}]}"
                    }
                }
            },
            {
                "condition": "minecraft:location_check",
                "predicate": {
                    "block": {
                        "nbt": "{Items:[{Slot:20b,tag:{StoredEnchantments:[{id:\"minecraft:fire_protection\",lvl:8s}]}},{Slot:11b,tag:{StoredEnchantments:[{id:\"minecraft:fire_protection\",lvl:8s}]}}]}"
                    }
                }
            },
            {
                "condition": "minecraft:location_check",
                "predicate": {
                    "block": {
                        "nbt": "{Items:[{Slot:21b,tag:{StoredEnchantments:[{id:\"minecraft:fire_protection\",lvl:8s}]}},{Slot:11b,tag:{StoredEnchantments:[{id:\"minecraft:fire_protection\",lvl:8s}]}}]}"
                    }
                }
            },
            {
                "condition": "minecraft:location_check",
                "predicate": {
                    "block": {
                        "nbt": "{Items:[{Slot:1b,tag:{StoredEnchantments:[{id:\"minecraft:fire_protection\",lvl:9s}]}},{Slot:11b,tag:{StoredEnchantments:[{id:\"minecraft:fire_protection\",lvl:9s}]}}]}"
                    }
                }
            },
            {
                "condition": "minecraft:location_check",
                "predicate": {
                    "block": {
                        "nbt": "{Items:[{Slot:2b,tag:{StoredEnchantments:[{id:\"minecraft:fire_protection\",lvl:9s}]}},{Slot:11b,tag:{StoredEnchantments:[{id:\"minecraft:fire_protection\",lvl:9s}]}}]}"
                    }
                }
            },
            {
                "condition": "minecraft:location_check",
                "predicate": {
                    "block": {
                        "nbt": "{Items:[{Slot:3b,tag:{StoredEnchantments:[{id:\"minecraft:fire_protection\",lvl:9s}]}},{Slot:11b,tag:{StoredEnchantments:[{id:\"minecraft:fire_protection\",lvl:9s}]}}]}"
                    }
                }
            },
            {
                "condition": "minecraft:location_check",
                "predicate": {
                    "block": {
                        "nbt": "{Items:[{Slot:10b,tag:{StoredEnchantments:[{id:\"minecraft:fire_protection\",lvl:9s}]}},{Slot:11b,tag:{StoredEnchantments:[{id:\"minecraft:fire_protection\",lvl:9s}]}}]}"
                    }
                }
            },
            {
                "condition": "minecraft:location_check",
                "predicate": {
                    "block": {
                        "nbt": "{Items:[{Slot:12b,tag:{StoredEnchantments:[{id:\"minecraft:fire_protection\",lvl:9s}]}},{Slot:11b,tag:{StoredEnchantments:[{id:\"minecraft:fire_protection\",lvl:9s}]}}]}"
                    }
                }
            },
            {
                "condition": "minecraft:location_check",
                "predicate": {
                    "block": {
                        "nbt": "{Items:[{Slot:19b,tag:{StoredEnchantments:[{id:\"minecraft:fire_protection\",lvl:9s}]}},{Slot:11b,tag:{StoredEnchantments:[{id:\"minecraft:fire_protection\",lvl:9s}]}}]}"
                    }
                }
            },
            {
                "condition": "minecraft:location_check",
                "predicate": {
                    "block": {
                        "nbt": "{Items:[{Slot:20b,tag:{StoredEnchantments:[{id:\"minecraft:fire_protection\",lvl:9s}]}},{Slot:11b,tag:{StoredEnchantments:[{id:\"minecraft:fire_protection\",lvl:9s}]}}]}"
                    }
                }
            },
            {
                "condition": "minecraft:location_check",
                "predicate": {
                    "block": {
                        "nbt": "{Items:[{Slot:21b,tag:{StoredEnchantments:[{id:\"minecraft:fire_protection\",lvl:9s}]}},{Slot:11b,tag:{StoredEnchantments:[{id:\"minecraft:fire_protection\",lvl:9s}]}}]}"
                    }
                }
            }
        ]
    }
]