{
    "processors": [
        {
            "processor_type": "minecraft:rule",
            "rules": [
                {
                    "location_predicate": {
                        "predicate_type": "minecraft:always_true"
                    },
                    "input_predicate": {
                        "predicate_type": "minecraft:random_block_match",
                        "block": "minecraft:stone_bricks",
                        "probability": 0.1
                    },
                    "output_state": {
                        "Name": "minecraft:mossy_stone_bricks"
                    }
                },
                {
                    "location_predicate": {
                        "predicate_type": "minecraft:always_true"
                    },
                    "input_predicate": {
                        "predicate_type": "minecraft:random_block_match",
                        "block": "minecraft:stone_bricks",
                        "probability": 0.1
                    },
                    "output_state": {
                        "Name": "minecraft:cracked_stone_bricks"
                    }
                },
                {
                    "location_predicate": {
                        "predicate_type": "minecraft:always_true"
                    },
                    "input_predicate": {
                        "predicate_type": "minecraft:random_block_match",
                        "block": "minecraft:cobblestone",
                        "probability": 0.5
                    },
                    "output_state": {
                        "Name": "minecraft:mossy_cobblestone"
                    }
                }
            ]
        }
    ]
}