{
    "name": "dnl:plains_labyrinth/obstacles/center",
    "fallback": "dnl:plains_labyrinth/obstacles/center",
    "elements": [
        {
            "weight": 6,
            "element": {
                "element_type": "minecraft:single_pool_element",
                "projection": "rigid",
                "location": "dnl:plains_labyrinth/obstacles/gate_bar",
                "processors": "dnl:plains_labyrinth/degrade"
            }
        },
        {
            "weight": 6,
            "element": {
                "element_type": "minecraft:single_pool_element",
                "projection": "rigid",
                "location": "dnl:plains_labyrinth/obstacles/gate_wood",
                "processors": "dnl:plains_labyrinth/degrade"
            }
        },
        {
            "weight": 6,
            "element": {
                "element_type": "minecraft:single_pool_element",
                "projection": "rigid",
                "location": "dnl:plains_labyrinth/obstacles/lava",
                "processors": "dnl:plains_labyrinth/degrade"
            }
        },
        {
            "weight": 2,
            "element": {
                "element_type": "minecraft:single_pool_element",
                "projection": "rigid",
                "location": "dnl:plains_labyrinth/obstacles/pile_gravel",
                "processors": "dnl:plains_labyrinth/degrade"
            }
        },
        {
            "weight": 2,
            "element": {
                "element_type": "minecraft:single_pool_element",
                "projection": "rigid",
                "location": "dnl:plains_labyrinth/obstacles/pile_stone",
                "processors": "dnl:plains_labyrinth/degrade"
            }
        },
        {
            "weight": 2,
            "element": {
                "element_type": "minecraft:single_pool_element",
                "projection": "rigid",
                "location": "dnl:plains_labyrinth/obstacles/pile_wood",
                "processors": "dnl:plains_labyrinth/degrade"
            }
        },
        {
            "weight": 3,
            "element": {
                "element_type": "minecraft:single_pool_element",
                "projection": "rigid",
                "location": "dnl:plains_labyrinth/obstacles/spawner",
                "processors": "dnl:plains_labyrinth/degrade"
            }
        },
        {
            "weight": 3,
            "element": {
                "element_type": "minecraft:single_pool_element",
                "projection": "rigid",
                "location": "dnl:plains_labyrinth/obstacles/spawner_height",
                "processors": "dnl:plains_labyrinth/degrade"
            }
        },
        {
            "weight": 3,
            "element": {
                "element_type": "minecraft:single_pool_element",
                "projection": "rigid",
                "location": "dnl:plains_labyrinth/obstacles/strong_mobs",
                "processors": "dnl:plains_labyrinth/degrade"
            }
        }
    ]
}