{
    "name": "dnl:plains_pillager_camp/paths",
    "fallback": "dnl:plains_pillager_camp/paths",
    "elements": [
        {
            "weight": 1,
            "element": {
                "element_type": "minecraft:single_pool_element",
                "projection": "terrain_matching",
                "location": "dnl:plains_pillager_camp/paths/length_2",
                "processors": "dnl:plains_pillager_camp/path"
            }
        },
        {
            "weight": 1,
            "element": {
                "element_type": "minecraft:single_pool_element",
                "projection": "terrain_matching",
                "location": "dnl:plains_pillager_camp/paths/length_3",
                "processors": "dnl:plains_pillager_camp/path"
            }
        },
        {
            "weight": 1,
            "element": {
                "element_type": "minecraft:single_pool_element",
                "projection": "terrain_matching",
                "location": "dnl:plains_pillager_camp/paths/length_4",
                "processors": "dnl:plains_pillager_camp/path"
            }
        },
        {
            "weight": 1,
            "element": {
                "element_type": "minecraft:single_pool_element",
                "projection": "terrain_matching",
                "location": "dnl:plains_pillager_camp/paths/length_5",
                "processors": "dnl:plains_pillager_camp/path"
            }
        },
        {
            "weight": 4,
            "element": {
                "element_type": "minecraft:single_pool_element",
                "projection": "terrain_matching",
                "location": "dnl:plains_pillager_camp/paths/turn",
                "processors": "dnl:plains_pillager_camp/path"
            }
        },
        {
            "weight": 1,
            "element": {
                "element_type": "minecraft:single_pool_element",
                "projection": "terrain_matching",
                "location": "dnl:plains_pillager_camp/paths/bent_length_5",
                "processors": "dnl:plains_pillager_camp/path"
            }
        },
        {
            "weight": 1,
            "element": {
                "element_type": "minecraft:single_pool_element",
                "projection": "terrain_matching",
                "location": "dnl:plains_pillager_camp/paths/bent_length_5_m",
                "processors": "dnl:plains_pillager_camp/path"
            }
        },
        {
            "weight": 1,
            "element": {
                "element_type": "minecraft:single_pool_element",
                "projection": "terrain_matching",
                "location": "dnl:plains_pillager_camp/paths/bent_length_4",
                "processors": "dnl:plains_pillager_camp/path"
            }
        },
        {
            "weight": 1,
            "element": {
                "element_type": "minecraft:single_pool_element",
                "projection": "terrain_matching",
                "location": "dnl:plains_pillager_camp/paths/bent_length_4_m",
                "processors": "dnl:plains_pillager_camp/path"
            }
        },
        {
            "weight": 2,
            "element": {
                "element_type": "minecraft:single_pool_element",
                "projection": "terrain_matching",
                "location": "dnl:plains_pillager_camp/paths/cross",
                "processors": "dnl:plains_pillager_camp/path"
            }
        },
        {
            "weight": 2,
            "element": {
                "element_type": "minecraft:single_pool_element",
                "projection": "terrain_matching",
                "location": "dnl:plains_pillager_camp/paths/split",
                "processors": "dnl:plains_pillager_camp/path"
            }
        },
        {
            "weight": 12,
            "element": {
                "element_type": "minecraft:single_pool_element",
                "projection": "terrain_matching",
                "location": "dnl:plains_pillager_camp/paths/end",
                "processors": "dnl:plains_pillager_camp/path"
            }
        }
    ]
}