{
    "name": "dnl:plains_pillager_camp/raid_mobs",
    "fallback": "dnl:plains_pillager_camp/raid_mobs",
    "elements": [
        {
            "weight": 15,
            "element": {
                "element_type": "minecraft:single_pool_element",
                "projection": "rigid",
                "location": "dnl:plains_pillager_camp/raid_mobs/pillager",
                "processors": "minecraft:empty"
            }
        },
        {
            "weight": 1,
            "element": {
                "element_type": "minecraft:single_pool_element",
                "projection": "rigid",
                "location": "dnl:plains_pillager_camp/raid_mobs/evoker",
                "processors": "minecraft:empty"
            }
        },
        {
            "weight": 4,
            "element": {
                "element_type": "minecraft:single_pool_element",
                "projection": "rigid",
                "location": "dnl:plains_pillager_camp/raid_mobs/vindicator",
                "processors": "minecraft:empty"
            }
        }
    ]
}