{
    "processors": [
        {
            "rules": [
                {
                    "output_state": {
                        "Name": "minecraft:oak_planks"
                    },
                    "input_predicate": {
                        "block": "minecraft:dirt_path",
                        "predicate_type": "minecraft:block_match"
                    },
                    "location_predicate": {
                        "block": "minecraft:water",
                        "predicate_type": "minecraft:block_match"
                    }
                },
                {
                    "output_state": {
                        "Properties": {
                            "snowy": "false"
                        },
                        "Name": "minecraft:grass_block"
                    },
                    "input_predicate": {
                        "block": "minecraft:dirt_path",
                        "probability": 0.1,
                        "predicate_type": "minecraft:random_block_match"
                    },
                    "location_predicate": {
                        "predicate_type": "minecraft:always_true"
                    }
                },
                {
                    "output_state": {
                        "Properties": {
                            "level": "0"
                        },
                        "Name": "minecraft:water"
                    },
                    "input_predicate": {
                        "block": "minecraft:grass_block",
                        "predicate_type": "minecraft:block_match"
                    },
                    "location_predicate": {
                        "block": "minecraft:water",
                        "predicate_type": "minecraft:block_match"
                    }
                },
                {
                    "output_state": {
                        "Properties": {
                            "level": "0"
                        },
                        "Name": "minecraft:water"
                    },
                    "input_predicate": {
                        "block": "minecraft:dirt",
                        "predicate_type": "minecraft:block_match"
                    },
                    "location_predicate": {
                        "block": "minecraft:water",
                        "predicate_type": "minecraft:block_match"
                    }
                }
            ],
            "processor_type": "minecraft:rule"
        }
    ]
}