{
  "type": "minecraft:block_column",
  "config": {
    "direction": "up",
    "allowed_placement": {
      "type": "minecraft:true"
    },
    "prioritize_tip": true,
    "layers": [
      {
        "height": 1,
        "provider": {
          "type": "minecraft:simple_state_provider",
          "state": {
            "Name": "minecraft:big_dripleaf_stem",
            "Properties": {
              "facing": "north",
              "waterlogged": "true"
            }
          }
        }
      },
      {
        "height": {
          "type": "minecraft:uniform",
          "value": {
            "min_inclusive": 0,
            "max_inclusive": 3
          }
        },
        "provider": {
          "type": "minecraft:simple_state_provider",
          "state": {
            "Name": "minecraft:big_dripleaf_stem",
            "Properties": {
              "facing": "north",
              "waterlogged": "false"
            }
          }
        }
      },
      {
        "height": 1,
        "provider": {
          "type": "minecraft:simple_state_provider",
          "state": {
            "Name": "minecraft:big_dripleaf",
            "Properties": {
              "facing": "north",
              "waterlogged": "false",
              "tilt": "none"
            }
          }
        }
      }
    ]
  }
}
