{
  "config": {
    "features": [
      {
        "feature": "wythers:vegetation/placed_tree/redwood_mature",
        "chance": 0.3
      },
      {
        "feature": "wythers:vegetation/placed_tree/giant_redwood_small",
        "chance": 0.2
      },
      {
        "feature": "wythers:vegetation/placed_tree/giant_redwood_medium",
        "chance": 0.03
      },
      {
        "feature": "wythers:vegetation/placed_tree/giant_redwood_large",
        "chance": 0.02
      },
      {
        "feature": "wythers:vegetation/placed_tree/giant_sequoia_small",
        "chance": 0.01
      },
      {
        "feature": "wythers:vegetation/placed_tree/giant_sequoia_medium",
        "chance": 0.0
      },
      {
        "feature": "wythers:vegetation/placed_tree/giant_sequoia_large",
        "chance": 0.0
      },
      {
        "feature": "minecraft:pine_checked",
        "chance": 0.33333334
      }
    ],
    "default": "wythers:vegetation/placed_tree/redwood_juvenile"
  },
  "type": "minecraft:random_selector"
}