{
    "type": "minecraft:generic",
    "pools": [
        {
            "rolls": 1,
            "entries": [
                {
                    "type": "minecraft:item",
                    "name": "minecraft:snowball",
                    "functions": [
                        {
                            "function": "minecraft:set_nbt",
                            "tag": "{display:{Name:'{\"text\":\"Loot Crate\",\"italic\":false}',Lore:['[{\"text\":\"Grade: \",\"color\":\"gray\",\"italic\":false},{\"text\":\"Legendary\",\"color\":\"#FFDD00\",\"italic\":false}]']},GradeMyEnemyId:\"loot_crate_legendary\",CustomModelData:100004}"
                        },
                        {
                            "function": "minecraft:set_count",
                            "count": 1
                        }
                    ]
                }
            ]
        }
    ]
}