{
	"type": "minecraft:fishing",
	"pools": [
		{
			"rolls": 1,
			"bonus_rolls": 0,
			"entries": [
				{
					"type": "minecraft:loot_table",
					"name": "minecraft:chests/end_city_treasure"
				}
			]
		},
		{
			"rolls": 1,
			"entries": [
				{
					"type": "minecraft:loot_table",
					"name": "fokastudio:end/hallowed_armor"
				}
			],
			"conditions": [
				{
					"condition": "minecraft:random_chance",
					"chance": 0.677
				}
			]
		},
		{
			"rolls": 4,
			"entries": [
				{
					"type": "minecraft:item",
					"weight": 10,
					"name": "minecraft:amethyst_shard",
					"functions": [
						{
							"function": "minecraft:set_count",
							"count": {
								"min": 1,
								"max": 4
							},
							"add": false
						}
					]
				},
				{
					"type": "minecraft:item",
					"weight": 6,
					"name": "minecraft:diorite",
					"functions": [
						{
							"function": "minecraft:set_count",
							"count": {
								"min": 3,
								"max": 7
							},
							"add": false
						}
					]
				},
				{
					"type": "minecraft:tag",
					"weight": 1,
					"name": "minecraft:wool",
					"expand": true,
					"functions": [
						{
							"function": "minecraft:set_count",
							"count": {
								"min": 1,
								"max": 3
							},
							"add": false
						}
					]
				}
			]
		}
	]
}
