{
	"type": "minecraft:fishing",
	"pools": [
		{
			"rolls": 1,
			"bonus_rolls": 0,
			"entries": [
				{
					"type": "minecraft:loot_table",
					"name": "minecraft:chests/end_city_treasure"
				}
			]
		},
		{
			"rolls": 1,
			"entries": [
				{
					"type": "minecraft:loot_table",
					"name": "fokastudio:end/items/living_flesh"
				}
			],
			"functions": [
				{
					"function": "minecraft:set_count",
					"count": {
						"min": 1,
						"max": 2
					},
					"add": false
				}
			],
			"conditions": [
				{
					"condition": "minecraft:random_chance",
					"chance": 0.7
				}
			]
		},
		{
			"rolls": 4,
			"entries": [
				{
					"type": "minecraft:item",
					"weight": 10,
					"name": "minecraft:nether_wart_block",
					"functions": [
						{
							"function": "minecraft:set_count",
							"count": {
								"min": 1,
								"max": 4
							},
							"add": false
						}
					]
				},
				{
					"type": "minecraft:item",
					"weight": 7,
					"name": "minecraft:netherrack",
					"functions": [
						{
							"function": "minecraft:set_count",
							"count": {
								"min": 3,
								"max": 7
							},
							"add": false
						}
					]
				},
				{
					"type": "minecraft:item",
					"weight": 4,
					"name": "minecraft:bone",
					"expand": true,
					"functions": [
						{
							"function": "minecraft:set_count",
							"count": {
								"min": 2,
								"max": 5
							},
							"add": false
						}
					]
				},
				{
					"type": "minecraft:item",
					"name": "minecraft:fermented_spider_eye",
					"functions": [
						{
							"function": "minecraft:set_count",
							"count": {
								"min": 1,
								"max": 2
							},
							"add": false
						},
						{
							"function": "minecraft:set_count",
							"count": 1
						}
					]
				},
				{
					"type": "minecraft:item",
					"weight": 3,
					"name": "minecraft:gunpowder",
					"functions": [
						{
							"function": "minecraft:set_count",
							"count": {
								"min": 3,
								"max": 7
							},
							"add": false
						}
					]
				}
			]
		}
	]
}
