{
	"condition": "minecraft:alternative",
	"terms": [
		{
			"condition": "minecraft:reference",
			"name": "fokastudio:end/locations/biomes/in_end_barrens"
		},
		{
			"condition": "minecraft:reference",
			"name": "fokastudio:end/locations/biomes/in_the_end"
		},
		{
			"condition": "minecraft:reference",
			"name": "fokastudio:end/locations/biomes/in_the_nest"
		},
		{
			"condition": "minecraft:reference",
			"name": "fokastudio:end/locations/biomes/in_small_end_islands"
		},
		{
			"condition": "minecraft:reference",
			"name": "fokastudio:end/locations/biomes/in_ender_waste"
		},
		{
			"condition": "minecraft:reference",
			"name": "fokastudio:end/locations/biomes/in_shattered_end"
		}
	]
}
