{
  "argument1": {
    "argument": {
      "argument1": 0.64,
      "argument2": {
        "argument": {
          "argument": {
            "type": "minecraft:add",
            "argument1": {
              "type": "minecraft:mul",
              "argument1": {
                "type": "minecraft:y_clamped_gradient",
                "from_y": -8,
                "to_y": 28,
                "from_value": 0,
                "to_value": 1
              },
              "argument2": {
                "type": "minecraft:add",
                "argument1": {
                  "type": "minecraft:add",
                  "argument1": {
                    "type": "minecraft:mul",
                    "argument1": {
                      "type": "minecraft:y_clamped_gradient",
                      "from_y": 220,
                      "to_y": 256,
                      "from_value": 1,
                      "to_value": 0
                    },
                    "argument2": {
                      "type": "minecraft:add",
                      "argument1": {
                        "max_exclusive": 1.5625,
                        "when_in_range": {
                          "argument1": {
                            "type": "max",
                            "argument1": "incendium:math/sloped_cheese",
                            "argument2": -64
                          },
                          "argument2": {
                            "argument1": "incendium:swiss_cheese",
                            "argument2": {
                              "max_exclusive": 0.03,
                              "when_in_range": -1000000,
                              "when_out_of_range": "incendium:math/pillars",
                              "input": "incendium:math/pillars",
                              "min_inclusive": -1000000,
                              "type": "minecraft:range_choice"
                            },
                            "type": "minecraft:max"
                          },
                          "type": "min"
                        },
                        "when_out_of_range": {
                          "argument1": "incendium:swiss_cheese",
                          "argument2": {
                            "max_exclusive": 0.03,
                            "when_in_range": -1000000,
                            "when_out_of_range": "incendium:math/pillars",
                            "input": "incendium:math/pillars",
                            "min_inclusive": -1000000,
                            "type": "minecraft:range_choice"
                          },
                          "type": "minecraft:max"
                        },
                        "input": "incendium:math/sloped_cheese",
                        "min_inclusive": -1000000,
                        "type": "minecraft:range_choice"
                      },
                      "argument2": -0.9375
                    }
                  },
                  "argument2": 0.9375
                },
                "argument2": -2.5
              }
            },
            "argument2": 2.5
          },
          "type": "minecraft:blend_density"
        },
        "type": "minecraft:interpolated"
      },
      "type": "minecraft:mul"
    },
    "type": "minecraft:squeeze"
  },
  "argument2": {
    "argument1": "incendium:web1",
    "argument2": {
      "argument1": "incendium:tunnels",
      "argument2": "incendium:web2",
      "type": "min"
    },
    "type": "min"
  },
  "type": "minecraft:min"
}
