{
    "type": "minecraft:generic",
    "pools": [
        {
            "rolls": 1,
            "entries": [
                {
                    "type": "minecraft:item",
                    "name": "minecraft:golden_pickaxe",
                    "weight": 1,
                    "functions": [
                        {
                            "function": "minecraft:set_nbt",
                            "tag": "{Enchantments:[{id:\"minecraft:efficiency\",lvl:10s},{id:\"minecraft:silk_touch\",lvl:1s}],Unbreakable:1b,display:{Name:'{\"text\":\"Terraformer\",\"color\":\"#FF00FF\",\"italic\":false}'},GradeMyEnemyId:\"terraformer\",RepairCost:99}"
                        }
                    ]
                },
                {
                    "type": "minecraft:item",
                    "name": "minecraft:shulker_box",
                    "weight": 3
                },
                {
                    "type": "minecraft:item",
                    "name": "minecraft:music_disc_13",
                    "weight": 4
                },
                {
                    "type": "minecraft:item",
                    "name": "minecraft:music_disc_cat",
                    "weight": 4
                },
                {
                    "type": "minecraft:item",
                    "name": "minecraft:music_disc_blocks",
                    "weight": 4
                },
                {
                    "type": "minecraft:item",
                    "name": "minecraft:music_disc_chirp",
                    "weight": 4
                },
                {
                    "type": "minecraft:item",
                    "name": "minecraft:music_disc_far",
                    "weight": 4
                },
                {
                    "type": "minecraft:item",
                    "name": "minecraft:music_disc_mall",
                    "weight": 4
                },
                {
                    "type": "minecraft:item",
                    "name": "minecraft:music_disc_mellohi",
                    "weight": 4
                },
                {
                    "type": "minecraft:item",
                    "name": "minecraft:music_disc_stal",
                    "weight": 4
                },
                {
                    "type": "minecraft:item",
                    "name": "minecraft:music_disc_strad",
                    "weight": 4
                },
                {
                    "type": "minecraft:item",
                    "name": "minecraft:music_disc_ward",
                    "weight": 4
                },
                {
                    "type": "minecraft:item",
                    "name": "minecraft:music_disc_11",
                    "weight": 4
                },
                {
                    "type": "minecraft:item",
                    "name": "minecraft:music_disc_wait",
                    "weight": 4
                },
                {
                    "type": "minecraft:item",
                    "name": "minecraft:music_disc_pigstep",
                    "weight": 4
                },
                {
                    "type": "minecraft:item",
                    "name": "minecraft:disc_fragment_5",
                    "weight": 4,
                    "functions": [
                        {
                            "function": "minecraft:set_count",
                            "count": {
                                "min": 1,
                                "max": 9,
                                "type": "minecraft:uniform"
                            }
                        }
                    ]
                },
                {
                    "type": "minecraft:item",
                    "name": "minecraft:echo_shard",
                    "weight": 5,
                    "functions": [
                        {
                            "function": "minecraft:set_count",
                            "count": {
                                "min": 1,
                                "max": 8,
                                "type": "minecraft:uniform"
                            }
                        }
                    ]
                },
                {
                    "type": "minecraft:item",
                    "name": "minecraft:lodestone",
                    "weight": 5
                },
                {
                    "type": "minecraft:item",
                    "name": "minecraft:skeleton_skull",
                    "weight": 6
                },
                {
                    "type": "minecraft:item",
                    "name": "minecraft:wither_skeleton_skull",
                    "weight": 6
                },
                {
                    "type": "minecraft:item",
                    "name": "minecraft:zombie_head",
                    "weight": 6
                },
                {
                    "type": "minecraft:item",
                    "name": "minecraft:creeper_head",
                    "weight": 6
                },
                {
                    "type": "minecraft:item",
                    "name": "minecraft:dragon_head",
                    "weight": 6
                },
                {
                    "type": "minecraft:item",
                    "name": "minecraft:piglin_banner_pattern",
                    "weight": 6
                },
                {
                    "type": "minecraft:item",
                    "name": "minecraft:wither_rose",
                    "weight": 7,
                    "functions": [
                        {
                            "function": "minecraft:set_count",
                            "count": {
                                "min": 4,
                                "max": 25,
                                "type": "minecraft:uniform"
                            }
                        }
                    ]
                },
                {
                    "type": "minecraft:item",
                    "name": "minecraft:goat_horn",
                    "weight": 8,
                    "functions": [
                        {
                            "function": "minecraft:set_instrument",
                            "options": "#minecraft:goat_horns"
                        }
                    ]
                },
                {
                    "type": "minecraft:item",
                    "name": "minecraft:golden_horse_armor",
                    "weight": 9
                },
                {
                    "type": "minecraft:item",
                    "name": "minecraft:iron_horse_armor",
                    "weight": 9
                },
                {
                    "type": "minecraft:item",
                    "name": "minecraft:diamond_horse_armor",
                    "weight": 9
                },
                {
                    "type": "minecraft:item",
                    "name": "minecraft:saddle",
                    "weight": 9
                },
                {
                    "type": "minecraft:item",
                    "name": "minecraft:nautilus_shell",
                    "weight": 10,
                    "functions": [
                        {
                            "function": "minecraft:set_count",
                            "count": {
                                "min": 1,
                                "max": 3,
                                "type": "minecraft:uniform"
                            }
                        }
                    ]
                },
                {
                    "type": "minecraft:item",
                    "name": "minecraft:sponge",
                    "weight": 12,
                    "functions": [
                        {
                            "function": "minecraft:set_count",
                            "count": {
                                "min": 8,
                                "max": 32,
                                "type": "minecraft:uniform"
                            }
                        }
                    ]
                },
                {
                    "type": "minecraft:item",
                    "name": "minecraft:name_tag",
                    "weight": 12
                },
                {
                    "type": "minecraft:item",
                    "name": "minecraft:experience_bottle",
                    "weight": 12,
                    "functions": [
                        {
                            "function": "minecraft:set_count",
                            "count": {
                                "min": 6,
                                "max": 20,
                                "type": "minecraft:uniform"
                            }
                        }
                    ]
                },
                {
                    "type": "minecraft:item",
                    "name": "minecraft:book",
                    "weight": 16,
                    "functions": [
                        {
                            "function": "minecraft:enchant_with_levels",
                            "levels": 60,
                            "treasure": true
                        }
                    ]
                }
            ]
        }
    ]
}