{
    "type": "minecraft:generic",
    "pools": [
        {
            "rolls": 1,
            "entries": [
                {
                    "type": "minecraft:item",
                    "name": "minecraft:player_head",
                    "weight": 1,
                    "functions": [
                        {
                            "function": "minecraft:set_nbt",
                            "tag": "{SkullOwner:\"Wyvernity\",display:{Lore:['{\"text\":\"Congratulations! You have found my head.\",\"color\":\"gray\"}','{\"text\":\"Have fun with it or just throw into lava.\",\"color\":\"gray\"}']}}"
                        }
                    ]
                },
                {
                    "type": "minecraft:item",
                    "name": "minecraft:crossbow",
                    "weight": 1,
                    "functions": [
                        {
                            "function": "minecraft:set_nbt",
                            "tag": "{Enchantments:[{id:\"minecraft:quick_charge\",lvl:5s},{id:\"minecraft:multishot\",lvl:1s},{id:\"minecraft:piercing\",lvl:10s}],display:{Name:'{\"text\":\"An Absolute Unit\",\"color\":\"#FFDD00\",\"italic\":false}'},GradeMyEnemyId:\"an_absolute_unit\",RepairCost:99}"
                        }
                    ]
                },
                {
                    "type": "minecraft:item",
                    "name": "minecraft:netherite_sword",
                    "weight": 2,
                    "functions": [
                        {
                            "function": "minecraft:enchant_with_levels",
                            "levels": 60,
                            "treasure": true
                        }
                    ]
                },
                {
                    "type": "minecraft:item",
                    "name": "minecraft:netherite_pickaxe",
                    "weight": 2,
                    "functions": [
                        {
                            "function": "minecraft:enchant_with_levels",
                            "levels": 60,
                            "treasure": true
                        }
                    ]
                },
                {
                    "type": "minecraft:item",
                    "name": "minecraft:netherite_axe",
                    "weight": 2,
                    "functions": [
                        {
                            "function": "minecraft:enchant_with_levels",
                            "levels": 60,
                            "treasure": true
                        }
                    ]
                },
                {
                    "type": "minecraft:item",
                    "name": "minecraft:netherite_shovel",
                    "weight": 2,
                    "functions": [
                        {
                            "function": "minecraft:enchant_with_levels",
                            "levels": 60,
                            "treasure": true
                        }
                    ]
                },
                {
                    "type": "minecraft:item",
                    "name": "minecraft:netherite_hoe",
                    "weight": 2,
                    "functions": [
                        {
                            "function": "minecraft:enchant_with_levels",
                            "levels": 60,
                            "treasure": true
                        }
                    ]
                },
                {
                    "type": "minecraft:item",
                    "name": "minecraft:netherite_helmet",
                    "weight": 2,
                    "functions": [
                        {
                            "function": "minecraft:enchant_with_levels",
                            "levels": 60,
                            "treasure": true
                        }
                    ]
                },
                {
                    "type": "minecraft:item",
                    "name": "minecraft:netherite_chestplate",
                    "weight": 2,
                    "functions": [
                        {
                            "function": "minecraft:enchant_with_levels",
                            "levels": 60,
                            "treasure": true
                        }
                    ]
                },
                {
                    "type": "minecraft:item",
                    "name": "minecraft:netherite_leggings",
                    "weight": 2,
                    "functions": [
                        {
                            "function": "minecraft:enchant_with_levels",
                            "levels": 60,
                            "treasure": true
                        }
                    ]
                },
                {
                    "type": "minecraft:item",
                    "name": "minecraft:netherite_boots",
                    "weight": 2,
                    "functions": [
                        {
                            "function": "minecraft:enchant_with_levels",
                            "levels": 60,
                            "treasure": true
                        }
                    ]
                },
                {
                    "type": "minecraft:item",
                    "name": "minecraft:diamond_sword",
                    "weight": 6,
                    "functions": [
                        {
                            "function": "minecraft:enchant_with_levels",
                            "levels": 60,
                            "treasure": true
                        }
                    ]
                },
                {
                    "type": "minecraft:item",
                    "name": "minecraft:diamond_pickaxe",
                    "weight": 6,
                    "functions": [
                        {
                            "function": "minecraft:enchant_with_levels",
                            "levels": 60,
                            "treasure": true
                        }
                    ]
                },
                {
                    "type": "minecraft:item",
                    "name": "minecraft:diamond_axe",
                    "weight": 6,
                    "functions": [
                        {
                            "function": "minecraft:enchant_with_levels",
                            "levels": 60,
                            "treasure": true
                        }
                    ]
                },
                {
                    "type": "minecraft:item",
                    "name": "minecraft:diamond_shovel",
                    "weight": 6,
                    "functions": [
                        {
                            "function": "minecraft:enchant_with_levels",
                            "levels": 60,
                            "treasure": true
                        }
                    ]
                },
                {
                    "type": "minecraft:item",
                    "name": "minecraft:diamond_hoe",
                    "weight": 6,
                    "functions": [
                        {
                            "function": "minecraft:enchant_with_levels",
                            "levels": 60,
                            "treasure": true
                        }
                    ]
                },
                {
                    "type": "minecraft:item",
                    "name": "minecraft:diamond_helmet",
                    "weight": 6,
                    "functions": [
                        {
                            "function": "minecraft:enchant_with_levels",
                            "levels": 60,
                            "treasure": true
                        }
                    ]
                },
                {
                    "type": "minecraft:item",
                    "name": "minecraft:diamond_chestplate",
                    "weight": 6,
                    "functions": [
                        {
                            "function": "minecraft:enchant_with_levels",
                            "levels": 60,
                            "treasure": true
                        }
                    ]
                },
                {
                    "type": "minecraft:item",
                    "name": "minecraft:diamond_leggings",
                    "weight": 6,
                    "functions": [
                        {
                            "function": "minecraft:enchant_with_levels",
                            "levels": 60,
                            "treasure": true
                        }
                    ]
                },
                {
                    "type": "minecraft:item",
                    "name": "minecraft:diamond_boots",
                    "weight": 6,
                    "functions": [
                        {
                            "function": "minecraft:enchant_with_levels",
                            "levels": 60,
                            "treasure": true
                        }
                    ]
                },
                {
                    "type": "minecraft:item",
                    "name": "minecraft:heart_of_the_sea",
                    "weight": 8
                },
                {
                    "type": "minecraft:item",
                    "name": "minecraft:nether_star",
                    "weight": 8
                },
                {
                    "type": "minecraft:item",
                    "name": "minecraft:wither_skeleton_skull",
                    "weight": 10,
                    "functions": [
                        {
                            "function": "minecraft:set_count",
                            "count": {
                                "min": 2,
                                "max": 6,
                                "type": "minecraft:uniform"
                            }
                        }
                    ]
                },
                {
                    "type": "minecraft:item",
                    "name": "minecraft:elytra",
                    "weight": 10,
                    "functions": [
                        {
                            "function": "minecraft:set_nbt",
                            "tag": "{Enchantments:[{id:\"minecraft:unbreaking\",lvl:3s}]}"
                        }
                    ]
                },
                {
                    "type": "minecraft:item",
                    "name": "minecraft:trident",
                    "weight": 10,
                    "functions": [
                        {
                            "function": "minecraft:enchant_with_levels",
                            "levels": 60,
                            "treasure": true
                        }
                    ]
                },
                {
                    "type": "minecraft:item",
                    "name": "minecraft:totem_of_undying",
                    "weight": 10
                },
                {
                    "type": "minecraft:item",
                    "name": "minecraft:enchanted_golden_apple",
                    "weight": 15,
                    "functions": [
                        {
                            "function": "minecraft:set_count",
                            "count": {
                                "min": 1,
                                "max": 2,
                                "type": "minecraft:uniform"
                            }
                        }
                    ]
                },
                {
                    "type": "minecraft:item",
                    "name": "minecraft:netherite_ingot",
                    "weight": 15,
                    "functions": [
                        {
                            "function": "minecraft:set_count",
                            "count": {
                                "min": 1,
                                "max": 2,
                                "type": "minecraft:uniform"
                            }
                        }
                    ]
                },
                {
                    "type": "minecraft:item",
                    "name": "minecraft:netherite_scrap",
                    "weight": 25,
                    "functions": [
                        {
                            "function": "minecraft:set_count",
                            "count": {
                                "min": 2,
                                "max": 4,
                                "type": "minecraft:uniform"
                            }
                        }
                    ]
                },
                {
                    "type": "minecraft:item",
                    "name": "minecraft:diamond",
                    "weight": 35,
                    "functions": [
                        {
                            "function": "minecraft:set_count",
                            "count": {
                                "min": 4,
                                "max": 8,
                                "type": "minecraft:uniform"
                            }
                        }
                    ]
                }
            ]
        }
    ]
}