{
    "type": "minecraft:generic",
    "pools": [
        {
            "rolls": 1,
            "entries": [
                {
                    "type": "minecraft:item",
                    "name": "minecraft:golden_sword",
                    "weight": 1,
                    "functions": [
                        {
                            "function": "minecraft:set_nbt",
                            "tag": "{Enchantments:[{id:\"minecraft:smite\",lvl:50s}],display:{Name:'{\"text\":\"Undead Slayer\",\"color\":\"#3322FF\",\"italic\":false}'},GradeMyEnemyId:\"undead_slayer\",RepairCost:99,Damage:31}"
                        }
                    ]
                },
                {
                    "type": "minecraft:item",
                    "name": "minecraft:ancient_debris",
                    "weight": 1
                },
                {
                    "type": "minecraft:item",
                    "name": "minecraft:diamond_ore",
                    "weight": 3,
                    "functions": [
                        {
                            "function": "minecraft:set_count",
                            "count": {
                                "min": 1,
                                "max": 3,
                                "type": "minecraft:uniform"
                            }
                        }
                    ]
                },
                {
                    "type": "minecraft:item",
                    "name": "minecraft:deepslate_diamond_ore",
                    "weight": 3,
                    "functions": [
                        {
                            "function": "minecraft:set_count",
                            "count": {
                                "min": 1,
                                "max": 3,
                                "type": "minecraft:uniform"
                            }
                        }
                    ]
                },
                {
                    "type": "minecraft:item",
                    "name": "minecraft:emerald_ore",
                    "weight": 6,
                    "functions": [
                        {
                            "function": "minecraft:set_count",
                            "count": {
                                "min": 1,
                                "max": 6,
                                "type": "minecraft:uniform"
                            }
                        }
                    ]
                },
                {
                    "type": "minecraft:item",
                    "name": "minecraft:deepslate_emerald_ore",
                    "weight": 6,
                    "functions": [
                        {
                            "function": "minecraft:set_count",
                            "count": {
                                "min": 1,
                                "max": 6,
                                "type": "minecraft:uniform"
                            }
                        }
                    ]
                },
                {
                    "type": "minecraft:item",
                    "name": "minecraft:gold_ore",
                    "weight": 9,
                    "functions": [
                        {
                            "function": "minecraft:set_count",
                            "count": {
                                "min": 2,
                                "max": 6,
                                "type": "minecraft:uniform"
                            }
                        }
                    ]
                },
                {
                    "type": "minecraft:item",
                    "name": "minecraft:deepslate_gold_ore",
                    "weight": 9,
                    "functions": [
                        {
                            "function": "minecraft:set_count",
                            "count": {
                                "min": 2,
                                "max": 6,
                                "type": "minecraft:uniform"
                            }
                        }
                    ]
                },
                {
                    "type": "minecraft:item",
                    "name": "minecraft:nether_gold_ore",
                    "weight": 9,
                    "functions": [
                        {
                            "function": "minecraft:set_count",
                            "count": {
                                "min": 2,
                                "max": 6,
                                "type": "minecraft:uniform"
                            }
                        }
                    ]
                },
                {
                    "type": "minecraft:item",
                    "name": "minecraft:lapis_ore",
                    "weight": 12,
                    "functions": [
                        {
                            "function": "minecraft:set_count",
                            "count": {
                                "min": 2,
                                "max": 8,
                                "type": "minecraft:uniform"
                            }
                        }
                    ]
                },
                {
                    "type": "minecraft:item",
                    "name": "minecraft:deepslate_lapis_ore",
                    "weight": 12,
                    "functions": [
                        {
                            "function": "minecraft:set_count",
                            "count": {
                                "min": 2,
                                "max": 8,
                                "type": "minecraft:uniform"
                            }
                        }
                    ]
                },
                {
                    "type": "minecraft:item",
                    "name": "minecraft:redstone_ore",
                    "weight": 15,
                    "functions": [
                        {
                            "function": "minecraft:set_count",
                            "count": {
                                "min": 3,
                                "max": 8,
                                "type": "minecraft:uniform"
                            }
                        }
                    ]
                },
                {
                    "type": "minecraft:item",
                    "name": "minecraft:deepslate_redstone_ore",
                    "weight": 15,
                    "functions": [
                        {
                            "function": "minecraft:set_count",
                            "count": {
                                "min": 3,
                                "max": 8,
                                "type": "minecraft:uniform"
                            }
                        }
                    ]
                },
                {
                    "type": "minecraft:item",
                    "name": "minecraft:nether_quartz_ore",
                    "weight": 18,
                    "functions": [
                        {
                            "function": "minecraft:set_count",
                            "count": {
                                "min": 4,
                                "max": 9,
                                "type": "minecraft:uniform"
                            }
                        }
                    ]
                },
                {
                    "type": "minecraft:item",
                    "name": "minecraft:amethyst_shard",
                    "weight": 20,
                    "functions": [
                        {
                            "function": "minecraft:set_count",
                            "count": {
                                "min": 3,
                                "max": 6,
                                "type": "minecraft:uniform"
                            }
                        }
                    ]
                },
                {
                    "type": "minecraft:item",
                    "name": "minecraft:iron_ore",
                    "weight": 21,
                    "functions": [
                        {
                            "function": "minecraft:set_count",
                            "count": {
                                "min": 4,
                                "max": 12,
                                "type": "minecraft:uniform"
                            }
                        }
                    ]
                },
                {
                    "type": "minecraft:item",
                    "name": "minecraft:deepslate_iron_ore",
                    "weight": 21,
                    "functions": [
                        {
                            "function": "minecraft:set_count",
                            "count": {
                                "min": 4,
                                "max": 12,
                                "type": "minecraft:uniform"
                            }
                        }
                    ]
                },
                {
                    "type": "minecraft:item",
                    "name": "minecraft:copper_ore",
                    "weight": 25,
                    "functions": [
                        {
                            "function": "minecraft:set_count",
                            "count": {
                                "min": 4,
                                "max": 12,
                                "type": "minecraft:uniform"
                            }
                        }
                    ]
                },
                {
                    "type": "minecraft:item",
                    "name": "minecraft:deepslate_copper_ore",
                    "weight": 25,
                    "functions": [
                        {
                            "function": "minecraft:set_count",
                            "count": {
                                "min": 4,
                                "max": 12,
                                "type": "minecraft:uniform"
                            }
                        }
                    ]
                },
                {
                    "type": "minecraft:item",
                    "name": "minecraft:coal_ore",
                    "weight": 30,
                    "functions": [
                        {
                            "function": "minecraft:set_count",
                            "count": {
                                "min": 4,
                                "max": 16,
                                "type": "minecraft:uniform"
                            }
                        }
                    ]
                },
                {
                    "type": "minecraft:item",
                    "name": "minecraft:deepslate_coal_ore",
                    "weight": 30,
                    "functions": [
                        {
                            "function": "minecraft:set_count",
                            "count": {
                                "min": 4,
                                "max": 16,
                                "type": "minecraft:uniform"
                            }
                        }
                    ]
                }
            ]
        }
    ]
}