[
    {
        "condition": "minecraft:entity_properties",
        "entity": "this",
        "predicate": {
            "equipment": {
                "mainhand": {
                    "items": [
                        "minecraft:netherite_helmet",
                        "minecraft:netherite_chestplate",
                        "minecraft:netherite_leggings",
                        "minecraft:netherite_boots",
                        "minecraft:diamond_helmet",
                        "minecraft:diamond_chestplate",
                        "minecraft:diamond_leggings",
                        "minecraft:diamond_boots",
                        "minecraft:iron_helmet",
                        "minecraft:iron_chestplate",
                        "minecraft:iron_leggings",
                        "minecraft:iron_boots",
                        "minecraft:chainmail_helmet",
                        "minecraft:chainmail_chestplate",
                        "minecraft:chainmail_leggings",
                        "minecraft:chainmail_boots",
                        "minecraft:golden_helmet",
                        "minecraft:golden_chestplate",
                        "minecraft:golden_leggings",
                        "minecraft:golden_boots",
                        "minecraft:leather_helmet",
                        "minecraft:leather_chestplate",
                        "minecraft:leather_leggings",
                        "minecraft:leather_boots",
                        "minecraft:turtle_helmet"
                    ]
                }
            }
        }
    },
    {
        "condition": "minecraft:inverted",
        "term": {
            "condition": "minecraft:entity_properties",
            "entity": "this",
            "predicate": {
                "equipment": {
                    "mainhand": {
                        "nbt": "{Deflect:1b}"
                    }
                }
            }
        }
    },
    {
        "condition": "minecraft:inverted",
        "term": {
            "condition": "minecraft:entity_properties",
            "entity": "this",
            "predicate": {
                "equipment": {
                    "mainhand": {
                        "nbt": "{Deflect:2b}"
                    }
                }
            }
        }
    },
    {
        "condition": "minecraft:inverted",
        "term": {
            "condition": "minecraft:entity_properties",
            "entity": "this",
            "predicate": {
                "equipment": {
                    "mainhand": {
                        "nbt": "{Deflect:3b}"
                    }
                }
            }
        }
    },
    {
        "condition": "minecraft:inverted",
        "term": {
            "condition": "minecraft:entity_properties",
            "entity": "this",
            "predicate": {
                "equipment": {
                    "mainhand": {
                        "nbt": "{Deflect:4b}"
                    }
                }
            }
        }
    }
]