[
    {
        "condition": "minecraft:entity_properties",
        "entity": "this",
        "predicate": {
            "equipment": {
                "mainhand": {
                    "items": [
                        "minecraft:netherite_helmet",
                        "minecraft:diamond_helmet",
                        "minecraft:iron_helmet",
                        "minecraft:chainmail_helmet",
                        "minecraft:golden_helmet",
                        "minecraft:leather_helmet",
                        "minecraft:turtle_helmet"
                    ]
                }
            }
        }
    },
    {
        "condition": "minecraft:inverted",
        "term": {
            "condition": "minecraft:entity_properties",
            "entity": "this",
            "predicate": {
                "equipment": {
                    "mainhand": {
                        "nbt": "{OwlEye:1b}"
                    }
                }
            }
        }
    }
]