[
    {
        "condition": "minecraft:entity_properties",
        "entity": "this",
        "predicate": {
            "equipment": {
                "mainhand": {
                    "items": [
                        "minecraft:netherite_chestplate",
                        "minecraft:diamond_chestplate",
                        "minecraft:iron_chestplate",
                        "minecraft:chainmail_chestplate",
                        "minecraft:golden_chestplate",
                        "minecraft:leather_chestplate"
                    ]
                }
            }
        }
    },
    {
        "condition": "minecraft:inverted",
        "term": {
            "condition": "minecraft:entity_properties",
            "entity": "this",
            "predicate": {
                "equipment": {
                    "mainhand": {
                        "nbt": "{Lightness:1b}"
                    }
                }
            }
        }
    }
]