[
    {
        "condition": "minecraft:entity_properties",
        "entity": "this",
        "predicate": {
            "equipment": {
                "mainhand": {
                    "items": [
                        "minecraft:netherite_sword",
                        "minecraft:netherite_pickaxe",
                        "minecraft:netherite_axe",
                        "minecraft:netherite_shovel",
                        "minecraft:netherite_hoe",
                        "minecraft:diamond_sword",
                        "minecraft:diamond_pickaxe",
                        "minecraft:diamond_axe",
                        "minecraft:diamond_shovel",
                        "minecraft:diamond_hoe",
                        "minecraft:iron_sword",
                        "minecraft:iron_pickaxe",
                        "minecraft:iron_axe",
                        "minecraft:iron_shovel",
                        "minecraft:iron_hoe",
                        "minecraft:stone_sword",
                        "minecraft:stone_pickaxe",
                        "minecraft:stone_axe",
                        "minecraft:stone_shovel",
                        "minecraft:stone_hoe",
                        "minecraft:golden_sword",
                        "minecraft:golden_pickaxe",
                        "minecraft:golden_axe",
                        "minecraft:golden_shovel",
                        "minecraft:golden_hoe",
                        "minecraft:wooden_sword",
                        "minecraft:wooden_pickaxe",
                        "minecraft:wooden_axe",
                        "minecraft:wooden_shovel",
                        "minecraft:wooden_hoe",
                        "minecraft:netherite_helmet",
                        "minecraft:netherite_chestplate",
                        "minecraft:netherite_leggings",
                        "minecraft:netherite_boots",
                        "minecraft:diamond_helmet",
                        "minecraft:diamond_chestplate",
                        "minecraft:diamond_leggings",
                        "minecraft:diamond_boots",
                        "minecraft:iron_helmet",
                        "minecraft:iron_chestplate",
                        "minecraft:iron_leggings",
                        "minecraft:iron_boots",
                        "minecraft:chainmail_helmet",
                        "minecraft:chainmail_chestplate",
                        "minecraft:chainmail_leggings",
                        "minecraft:chainmail_boots",
                        "minecraft:golden_helmet",
                        "minecraft:golden_chestplate",
                        "minecraft:golden_leggings",
                        "minecraft:golden_boots",
                        "minecraft:leather_helmet",
                        "minecraft:leather_chestplate",
                        "minecraft:leather_leggings",
                        "minecraft:leather_boots",
                        "minecraft:turtle_helmet",
                        "minecraft:elytra",
                        "minecraft:shears",
                        "minecraft:trident",
                        "minecraft:bow",
                        "minecraft:crossbow",
                        "minecraft:flint_and_steel",
                        "minecraft:shield",
                        "minecraft:fishing_rod",
                        "minecraft:carrot_on_a_stick",
                        "minecraft:warped_fungus_on_a_stick"
                    ]
                }
            }
        }
    },
    {
        "condition": "minecraft:inverted",
        "term": {
            "condition": "minecraft:entity_properties",
            "entity": "this",
            "predicate": {
                "equipment": {
                    "mainhand": {
                        "nbt": "{Unbreakable:1b}"
                    }
                }
            }
        }
    },
    {
        "condition": "minecraft:inverted",
        "term": {
            "condition": "minecraft:entity_properties",
            "entity": "this",
            "predicate": {
                "equipment": {
                    "mainhand": {
                        "nbt": "{Enchantments:[{id:\"minecraft:infinity\"}]}"
                    }
                }
            }
        }
    }
]