{
  "type": "minecraft:random_patch",
  "config": {
    "tries": 96,
    "xz_spread": 7,
    "y_spread": 3,
    "feature": {
      "feature": {
        "type": "minecraft:simple_random_selector",
        "config": {
          "features": [
            "wythers:other/placed_block_column/pumpkin_and_stem_north",
            "wythers:other/placed_block_column/pumpkin_and_stem_south",
            "wythers:other/placed_block_column/pumpkin_and_stem_east",
            "wythers:other/placed_block_column/pumpkin_and_stem_west",
            "wythers:other/placed_block_column/pumpkin_stems",
            "wythers:other/placed_block_column/pumpkin_stems",
            "wythers:other/placed_block_column/pumpkin_stems",
            "wythers:other/placed_block_column/pumpkin_stems",
            "wythers:other/placed_block_column/pumpkin_stems",
            "wythers:other/placed_block_column/pumpkin_stems",
            "wythers:other/placed_block_column/pumpkin_stems",
            "wythers:other/placed_block_column/pumpkin_stems",
            "wythers:other/placed_block_column/pumpkin_stems",
            "wythers:other/placed_block_column/pumpkin_stems",
            "wythers:other/placed_block_column/pumpkin_stems",
            "wythers:other/placed_block_column/pumpkin_stems"
          ]
        }
      },
      "placement": [
        {
          "type": "minecraft:block_predicate_filter",
          "predicate": {
            "type": "minecraft:matching_blocks",
            "offset": [
              0,
              -1,
              0
            ],
            "blocks": [
              "minecraft:podzol",
              "minecraft:rooted_dirt",
              "minecraft:dirt"
            ]
          }
        }
      ]
    }
  }
}
