{
    "pools": [
      {
        "rolls": 1,
        "entries": [
          {
            "type": "minecraft:loot_table",
            "name": "dnl.lib:boss_death"
          }
        ]
      },
      {
        "rolls": 1,
        "entries": [
          {
            "type": "minecraft:loot_table",
            "name": "dnl:structures/outpost/chests/raid_legendary"
          }
        ]
      },
      {
        "rolls": 1,
        "entries": [
          {
            "type": "minecraft:loot_table",
            "name": "dnl:items/ominous_horn"
          }
        ]
      },
      {
        "rolls": 1,
        "entries": [
          {
            "type": "minecraft:item",
            "name": "minecraft:barrier",
            "functions": [
              {
                "function": "minecraft:set_nbt",
                "tag": "{dnl.camp_chief:1b}"
              }
            ]
          }
        ]
      }
    ]
}
  