[
    {
        "condition": "minecraft:inverted",
        "term": {
            "condition": "minecraft:entity_properties",
            "entity": "this",
            "predicate": {
                "equipment": {
                    "mainhand": {
                        "enchantments": [
                            {
                                "enchantment": "minecraft:unbreaking"
                            }
                        ]
                    }
                }
            }
        }
    },
    {
        "condition": "minecraft:random_chance",
        "chance": 1
    }
]