[
    {
        "condition": "minecraft:entity_properties",
        "entity": "this",
        "predicate": {
            "equipment": {
                "mainhand": {
                    "enchantments": [
                        {
                            "enchantment": "minecraft:unbreaking",
                            "levels": 2
                        }
                    ]
                }
            }
        }
    },
    {
        "condition": "minecraft:random_chance",
        "chance": 0.333
    }
]