{
	"display": {
		"icon": {
			"item": "minecraft:netherite_sword",
			"nbt": "{CustomModelData:90000,Enchantments:[{}]}"
		},
		"title": {
			"translate": "Dragonborn",
			"color": "#4C00BA"
		},
		"description": {
			"translate": "Obtain the Dragonblade, the legendary sword forged in the far corners of The End"
		},
		"frame": "goal"
	},
	"parent": "minecraft:end/kill_dragon",
	"criteria": {
		"requirement": {
			"trigger": "minecraft:inventory_changed",
			"conditions": {
				"items": [
					{
						"items": [
							"minecraft:netherite_sword"
						],
						"nbt": "{foka.special_item:\"dragonblade\"}"
					}
				]
			}
		}
	}
}
