{
	"display": {
		"icon": {
			"item": "player_head",
			"nbt": "{SkullOwner:{Id:[I;1681981,-1233698465,-1562013985,540470028],Properties:{textures:[{Value:\"eyJ0ZXh0dXJlcyI6eyJTS0lOIjp7InVybCI6Imh0dHA6Ly90ZXh0dXJlcy5taW5lY3JhZnQubmV0L3RleHR1cmUvOTdmNTdlN2FhOGRlODY1OTFiYjBiYzUyY2JhMzBhNDlkOTMxYmZhYmJkNDdiYmM4MGJkZDY2MjI1MTM5MjE2MSJ9fX0=\"}]}}}"
		},
		"title": {
			"translate": "Treasure Room"
		},
		"description": {
			"translate": "Obtain a Treasure Head from a chest in an End City"
		},
		"frame": "challenge",
		"show_toast": true,
		"announce_to_chat": true,
		"hidden": false
	},
	"parent": "fokastudio:end/whos_the_thief_now",
	"criteria": {
		"obtain_head": {
			"trigger": "minecraft:inventory_changed",
			"conditions": {
				"items": [
					{
						"items": [
							"minecraft:player_head"
						],
						"nbt": "{foka.special_item:\"treasure_head\"}"
					}
				]
			}
		}
	},
	"requirements": [
		[
			"obtain_head"
		]
	],
	"rewards": {
		"experience": 300
	}
}
