{
    "type": "minecraft:generic",
    "pools": [
        {
            "rolls": 1,
            "entries": [
                {
                    "type": "minecraft:item",
                    "name": "minecraft:bone",
                    "functions": [
                        {
                            "function": "minecraft:set_nbt",
                            "tag": "{display:{Name:'{\"text\":\"Ancient Bone\",\"color\":\"light_purple\",\"italic\":false}'},GradeMyEnemyId:\"ancient_bone\",CustomModelData:100000}"
                        },
                        {
                            "function": "minecraft:set_count",
                            "count": 1
                        }
                    ]
                }
            ]
        }
    ]
}